// Validating benchmarks:
// ***** BenchmarkRunner: Start   *****
// ***** Found 45 benchmark(s) in total *****
// ***** Building 3 exe(s) in Parallel: Start   *****
// ***** Done, took 00:00:09 (9.05 sec)   *****
// ***** Failed to build in Parallel, switching to sequential build   *****
// ***** Done, took 00:00:02 (2.01 sec)   *****
// Found 12 benchmarks:
//   AggregateHydrationBenchmarks.Ardalis_AggregateHydration_ZeroEvents: .NET 10.0(Runtime=.NET 10.0, Toolchain=net10.0)
//   AggregateHydrationBenchmarks.EricksonLopez_AggregateHydration_ZeroEvents: .NET 10.0(Runtime=.NET 10.0, Toolchain=net10.0)
//   AggregateHydrationBenchmarks.Ardalis_DrainEvents_WithEvents: .NET 10.0(Runtime=.NET 10.0, Toolchain=net10.0)
//   AggregateHydrationBenchmarks.EricksonLopez_DrainEvents_WithEvents: .NET 10.0(Runtime=.NET 10.0, Toolchain=net10.0)
//   AggregateHydrationBenchmarks.Ardalis_AggregateHydration_ZeroEvents: .NET 8.0(Runtime=.NET 8.0, Toolchain=net8.0)
//   AggregateHydrationBenchmarks.EricksonLopez_AggregateHydration_ZeroEvents: .NET 8.0(Runtime=.NET 8.0, Toolchain=net8.0)
//   AggregateHydrationBenchmarks.Ardalis_DrainEvents_WithEvents: .NET 8.0(Runtime=.NET 8.0, Toolchain=net8.0)
//   AggregateHydrationBenchmarks.EricksonLopez_DrainEvents_WithEvents: .NET 8.0(Runtime=.NET 8.0, Toolchain=net8.0)
//   AggregateHydrationBenchmarks.Ardalis_AggregateHydration_ZeroEvents: .NET 9.0(Runtime=.NET 9.0, Toolchain=net9.0)
//   AggregateHydrationBenchmarks.EricksonLopez_AggregateHydration_ZeroEvents: .NET 9.0(Runtime=.NET 9.0, Toolchain=net9.0)
//   AggregateHydrationBenchmarks.Ardalis_DrainEvents_WithEvents: .NET 9.0(Runtime=.NET 9.0, Toolchain=net9.0)
//   AggregateHydrationBenchmarks.EricksonLopez_DrainEvents_WithEvents: .NET 9.0(Runtime=.NET 9.0, Toolchain=net9.0)

// **************************
// Benchmark: AggregateHydrationBenchmarks.Ardalis_AggregateHydration_ZeroEvents: .NET 10.0(Runtime=.NET 10.0, Toolchain=net10.0)
// *** Execute ***
// Launch: 1 / 1
// Execute: dotnet "EricksonLopez.SharedKernel.Benchmarks-.NET 10.0-1.dll" --anonymousPipes 113 114 --benchmarkName EricksonLopez.SharedKernel.Benchmarks.AggregateHydrationBenchmarks.Ardalis_AggregateHydration_ZeroEvents --job ".NET 10.0" --benchmarkId 0 in /home/runner/work/dotnet-shared-kernel/dotnet-shared-kernel/benchmarks/EricksonLopez.SharedKernel.Benchmarks/bin/Release/net10.0/EricksonLopez.SharedKernel.Benchmarks-.NET 10.0-1/bin/Release/net10.0
// Failed to set up high priority (Permission denied). In order to run benchmarks with high priority, make sure you have the right permissions.
// BeforeAnythingElse

// Benchmark Process Environment Information:
// BenchmarkDotNet v0.15.8
// Runtime=.NET 10.0.12 (10.0.12, 10.0.1226.42308), X64 RyuJIT x86-64-v4
// GC=Concurrent Workstation
// HardwareIntrinsics=AVX512 BITALG+VBMI2+VNNI+VPOPCNTDQ,AVX512 IFMA+VBMI,AVX512 F+BW+CD+DQ+VL,AVX2+BMI1+BMI2+F16C+FMA+LZCNT+MOVBE,AVX,SSE3+SSSE3+SSE4.1+SSE4.2+POPCNT,X86Base+SSE+SSE2,AES+PCLMUL,AvxVnni VectorSize=256
// Job: .NET 10.0

OverheadJitting  1: 1 op, 213651.00 ns, 213.6510 us/op
WorkloadJitting  1: 1 op, 329326.00 ns, 329.3260 us/op

OverheadJitting  2: 16 op, 338039.00 ns, 21.1274 us/op
WorkloadJitting  2: 16 op, 328305.00 ns, 20.5191 us/op

WorkloadPilot    1: 16 op, 3526.00 ns, 220.3750 ns/op
WorkloadPilot    2: 32 op, 2664.00 ns, 83.2500 ns/op
WorkloadPilot    3: 64 op, 13320.00 ns, 208.1250 ns/op
WorkloadPilot    4: 128 op, 14181.00 ns, 110.7891 ns/op
WorkloadPilot    5: 256 op, 21122.00 ns, 82.5078 ns/op
WorkloadPilot    6: 512 op, 32639.00 ns, 63.7480 ns/op
WorkloadPilot    7: 1024 op, 62394.00 ns, 60.9316 ns/op
WorkloadPilot    8: 2048 op, 127102.00 ns, 62.0615 ns/op
WorkloadPilot    9: 4096 op, 143486.00 ns, 35.0308 ns/op
WorkloadPilot   10: 8192 op, 335786.00 ns, 40.9895 ns/op
WorkloadPilot   11: 16384 op, 731782.00 ns, 44.6644 ns/op
WorkloadPilot   12: 32768 op, 1424545.00 ns, 43.4737 ns/op
WorkloadPilot   13: 65536 op, 2744473.00 ns, 41.8773 ns/op
WorkloadPilot   14: 131072 op, 5724733.00 ns, 43.6762 ns/op
WorkloadPilot   15: 262144 op, 9434580.00 ns, 35.9901 ns/op
WorkloadPilot   16: 524288 op, 10351822.00 ns, 19.7445 ns/op
WorkloadPilot   17: 1048576 op, 20117982.00 ns, 19.1860 ns/op
WorkloadPilot   18: 2097152 op, 42545162.00 ns, 20.2871 ns/op
WorkloadPilot   19: 4194304 op, 62571845.00 ns, 14.9183 ns/op
WorkloadPilot   20: 8388608 op, 101293448.00 ns, 12.0751 ns/op
WorkloadPilot   21: 16777216 op, 192928508.00 ns, 11.4994 ns/op
WorkloadPilot   22: 33554432 op, 395081771.00 ns, 11.7744 ns/op
WorkloadPilot   23: 67108864 op, 767576009.00 ns, 11.4378 ns/op

OverheadWarmup   1: 67108864 op, 162203320.00 ns, 2.4170 ns/op
OverheadWarmup   2: 67108864 op, 171674575.00 ns, 2.5582 ns/op
OverheadWarmup   3: 67108864 op, 162419190.00 ns, 2.4202 ns/op
OverheadWarmup   4: 67108864 op, 166953569.00 ns, 2.4878 ns/op
OverheadWarmup   5: 67108864 op, 148688346.00 ns, 2.2156 ns/op

OverheadActual   1: 67108864 op, 154886340.00 ns, 2.3080 ns/op
OverheadActual   2: 67108864 op, 149071763.00 ns, 2.2213 ns/op
OverheadActual   3: 67108864 op, 147033112.00 ns, 2.1910 ns/op
OverheadActual   4: 67108864 op, 144629352.00 ns, 2.1551 ns/op
OverheadActual   5: 67108864 op, 149183431.00 ns, 2.2230 ns/op
OverheadActual   6: 67108864 op, 149133626.00 ns, 2.2223 ns/op
OverheadActual   7: 67108864 op, 148515736.00 ns, 2.2131 ns/op
OverheadActual   8: 67108864 op, 153640083.00 ns, 2.2894 ns/op
OverheadActual   9: 67108864 op, 156279488.00 ns, 2.3287 ns/op
OverheadActual  10: 67108864 op, 151187469.00 ns, 2.2529 ns/op
OverheadActual  11: 67108864 op, 149558666.00 ns, 2.2286 ns/op
OverheadActual  12: 67108864 op, 148735356.00 ns, 2.2163 ns/op
OverheadActual  13: 67108864 op, 143155923.00 ns, 2.1332 ns/op
OverheadActual  14: 67108864 op, 139493197.00 ns, 2.0786 ns/op
OverheadActual  15: 67108864 op, 144253015.00 ns, 2.1495 ns/op

WorkloadWarmup   1: 67108864 op, 738891405.00 ns, 11.0103 ns/op
WorkloadWarmup   2: 67108864 op, 700125350.00 ns, 10.4327 ns/op
WorkloadWarmup   3: 67108864 op, 703715176.00 ns, 10.4862 ns/op
WorkloadWarmup   4: 67108864 op, 712057290.00 ns, 10.6105 ns/op
WorkloadWarmup   5: 67108864 op, 738738314.00 ns, 11.0081 ns/op
WorkloadWarmup   6: 67108864 op, 741783661.00 ns, 11.0534 ns/op
WorkloadWarmup   7: 67108864 op, 765222060.00 ns, 11.4027 ns/op
WorkloadWarmup   8: 67108864 op, 713801293.00 ns, 10.6365 ns/op
WorkloadWarmup   9: 67108864 op, 723607884.00 ns, 10.7826 ns/op
WorkloadWarmup  10: 67108864 op, 732497280.00 ns, 10.9151 ns/op
WorkloadWarmup  11: 67108864 op, 742523486.00 ns, 11.0645 ns/op
WorkloadWarmup  12: 67108864 op, 717189837.00 ns, 10.6870 ns/op

// BeforeActualRun
WorkloadActual   1: 67108864 op, 716454347.00 ns, 10.6760 ns/op
WorkloadActual   2: 67108864 op, 721873426.00 ns, 10.7568 ns/op
WorkloadActual   3: 67108864 op, 706257795.00 ns, 10.5241 ns/op
WorkloadActual   4: 67108864 op, 718061707.00 ns, 10.7000 ns/op
WorkloadActual   5: 67108864 op, 725165380.00 ns, 10.8058 ns/op
WorkloadActual   6: 67108864 op, 740926058.00 ns, 11.0407 ns/op
WorkloadActual   7: 67108864 op, 753977701.00 ns, 11.2351 ns/op
WorkloadActual   8: 67108864 op, 786631055.00 ns, 11.7217 ns/op
WorkloadActual   9: 67108864 op, 712481128.00 ns, 10.6168 ns/op
WorkloadActual  10: 67108864 op, 730358453.00 ns, 10.8832 ns/op
WorkloadActual  11: 67108864 op, 718564240.00 ns, 10.7074 ns/op
WorkloadActual  12: 67108864 op, 717204622.00 ns, 10.6872 ns/op
WorkloadActual  13: 67108864 op, 747878150.00 ns, 11.1443 ns/op
WorkloadActual  14: 67108864 op, 747445347.00 ns, 11.1378 ns/op
WorkloadActual  15: 67108864 op, 753980090.00 ns, 11.2352 ns/op
WorkloadActual  16: 67108864 op, 740171283.00 ns, 11.0294 ns/op
WorkloadActual  17: 67108864 op, 733940338.00 ns, 10.9366 ns/op
WorkloadActual  18: 67108864 op, 751977441.00 ns, 11.2053 ns/op
WorkloadActual  19: 67108864 op, 734061227.00 ns, 10.9384 ns/op
WorkloadActual  20: 67108864 op, 731478217.00 ns, 10.8999 ns/op
WorkloadActual  21: 67108864 op, 763209360.00 ns, 11.3727 ns/op
WorkloadActual  22: 67108864 op, 725872306.00 ns, 10.8163 ns/op
WorkloadActual  23: 67108864 op, 735063997.00 ns, 10.9533 ns/op
WorkloadActual  24: 67108864 op, 725345072.00 ns, 10.8085 ns/op

// AfterActualRun
WorkloadResult   1: 67108864 op, 567382584.00 ns, 8.4547 ns/op
WorkloadResult   2: 67108864 op, 572801663.00 ns, 8.5354 ns/op
WorkloadResult   3: 67108864 op, 557186032.00 ns, 8.3027 ns/op
WorkloadResult   4: 67108864 op, 568989944.00 ns, 8.4786 ns/op
WorkloadResult   5: 67108864 op, 576093617.00 ns, 8.5845 ns/op
WorkloadResult   6: 67108864 op, 591854295.00 ns, 8.8193 ns/op
WorkloadResult   7: 67108864 op, 604905938.00 ns, 9.0138 ns/op
WorkloadResult   8: 67108864 op, 637559292.00 ns, 9.5004 ns/op
WorkloadResult   9: 67108864 op, 563409365.00 ns, 8.3955 ns/op
WorkloadResult  10: 67108864 op, 581286690.00 ns, 8.6618 ns/op
WorkloadResult  11: 67108864 op, 569492477.00 ns, 8.4861 ns/op
WorkloadResult  12: 67108864 op, 568132859.00 ns, 8.4658 ns/op
WorkloadResult  13: 67108864 op, 598806387.00 ns, 8.9229 ns/op
WorkloadResult  14: 67108864 op, 598373584.00 ns, 8.9165 ns/op
WorkloadResult  15: 67108864 op, 604908327.00 ns, 9.0138 ns/op
WorkloadResult  16: 67108864 op, 591099520.00 ns, 8.8081 ns/op
WorkloadResult  17: 67108864 op, 584868575.00 ns, 8.7152 ns/op
WorkloadResult  18: 67108864 op, 602905678.00 ns, 8.9840 ns/op
WorkloadResult  19: 67108864 op, 584989464.00 ns, 8.7170 ns/op
WorkloadResult  20: 67108864 op, 582406454.00 ns, 8.6785 ns/op
WorkloadResult  21: 67108864 op, 614137597.00 ns, 9.1514 ns/op
WorkloadResult  22: 67108864 op, 576800543.00 ns, 8.5950 ns/op
WorkloadResult  23: 67108864 op, 585992234.00 ns, 8.7320 ns/op
WorkloadResult  24: 67108864 op, 576273309.00 ns, 8.5871 ns/op
// GC:  288 0 0 4831838208 67108864
// Threading:  0 0 67108864

// AfterAll
// Benchmark Process 3960 has exited with code 0.

Mean = 8.730 ns, StdErr = 0.056 ns (0.65%), N = 24, StdDev = 0.276 ns
Min = 8.303 ns, Q1 = 8.523 ns, Median = 8.697 ns, Q3 = 8.918 ns, Max = 9.500 ns
IQR = 0.395 ns, LowerFence = 7.931 ns, UpperFence = 9.511 ns
ConfidenceInterval = [8.518 ns; 8.942 ns] (CI 99.9%), Margin = 0.212 ns (2.43% of Mean)
Skewness = 0.81, Kurtosis = 3.38, MValue = 2

// ** Remained 44 (97.8 %) benchmark(s) to run. Estimated finish 2026-09-20 7:40 (0h 23m from now) **
// **************************
// Benchmark: AggregateHydrationBenchmarks.EricksonLopez_AggregateHydration_ZeroEvents: .NET 10.0(Runtime=.NET 10.0, Toolchain=net10.0)
// *** Execute ***
// Launch: 1 / 1
// Execute: dotnet "EricksonLopez.SharedKernel.Benchmarks-.NET 10.0-1.dll" --anonymousPipes 113 114 --benchmarkName EricksonLopez.SharedKernel.Benchmarks.AggregateHydrationBenchmarks.EricksonLopez_AggregateHydration_ZeroEvents --job ".NET 10.0" --benchmarkId 1 in /home/runner/work/dotnet-shared-kernel/dotnet-shared-kernel/benchmarks/EricksonLopez.SharedKernel.Benchmarks/bin/Release/net10.0/EricksonLopez.SharedKernel.Benchmarks-.NET 10.0-1/bin/Release/net10.0
// Failed to set up high priority (Permission denied). In order to run benchmarks with high priority, make sure you have the right permissions.
// BeforeAnythingElse

// Benchmark Process Environment Information:
// BenchmarkDotNet v0.15.8
// Runtime=.NET 10.0.12 (10.0.12, 10.0.1226.42308), X64 RyuJIT x86-64-v4
// GC=Concurrent Workstation
// HardwareIntrinsics=AVX512 BITALG+VBMI2+VNNI+VPOPCNTDQ,AVX512 IFMA+VBMI,AVX512 F+BW+CD+DQ+VL,AVX2+BMI1+BMI2+F16C+FMA+LZCNT+MOVBE,AVX,SSE3+SSSE3+SSE4.1+SSE4.2+POPCNT,X86Base+SSE+SSE2,AES+PCLMUL,AvxVnni VectorSize=256
// Job: .NET 10.0

OverheadJitting  1: 1 op, 189516.00 ns, 189.5160 us/op
WorkloadJitting  1: 1 op, 403908.00 ns, 403.9080 us/op

OverheadJitting  2: 16 op, 354885.00 ns, 22.1803 us/op
WorkloadJitting  2: 16 op, 366862.00 ns, 22.9289 us/op

WorkloadPilot    1: 16 op, 2263.00 ns, 141.4375 ns/op
WorkloadPilot    2: 32 op, 2204.00 ns, 68.8750 ns/op
WorkloadPilot    3: 64 op, 1712.00 ns, 26.7500 ns/op
WorkloadPilot    4: 128 op, 13210.00 ns, 103.2031 ns/op
WorkloadPilot    5: 256 op, 14122.00 ns, 55.1641 ns/op
WorkloadPilot    6: 512 op, 17497.00 ns, 34.1738 ns/op
WorkloadPilot    7: 1024 op, 36785.00 ns, 35.9229 ns/op
WorkloadPilot    8: 2048 op, 69875.00 ns, 34.1187 ns/op
WorkloadPilot    9: 4096 op, 129125.00 ns, 31.5247 ns/op
WorkloadPilot   10: 8192 op, 187182.00 ns, 22.8494 ns/op
WorkloadPilot   11: 16384 op, 436287.00 ns, 26.6288 ns/op
WorkloadPilot   12: 32768 op, 903731.00 ns, 27.5797 ns/op
WorkloadPilot   13: 65536 op, 1778138.00 ns, 27.1322 ns/op
WorkloadPilot   14: 131072 op, 3526651.00 ns, 26.9062 ns/op
WorkloadPilot   15: 262144 op, 6897176.00 ns, 26.3106 ns/op
WorkloadPilot   16: 524288 op, 11360848.00 ns, 21.6691 ns/op
WorkloadPilot   17: 1048576 op, 15521203.00 ns, 14.8022 ns/op
WorkloadPilot   18: 2097152 op, 32505269.00 ns, 15.4997 ns/op
WorkloadPilot   19: 4194304 op, 55078211.00 ns, 13.1317 ns/op
WorkloadPilot   20: 8388608 op, 49950489.00 ns, 5.9546 ns/op
WorkloadPilot   21: 16777216 op, 104222677.00 ns, 6.2122 ns/op
WorkloadPilot   22: 33554432 op, 200940112.00 ns, 5.9885 ns/op
WorkloadPilot   23: 67108864 op, 400129326.00 ns, 5.9624 ns/op
WorkloadPilot   24: 134217728 op, 771814799.00 ns, 5.7505 ns/op

OverheadWarmup   1: 134217728 op, 334790233.00 ns, 2.4944 ns/op
OverheadWarmup   2: 134217728 op, 331213751.00 ns, 2.4677 ns/op
OverheadWarmup   3: 134217728 op, 289796989.00 ns, 2.1592 ns/op
OverheadWarmup   4: 134217728 op, 287492949.00 ns, 2.1420 ns/op
OverheadWarmup   5: 134217728 op, 290970502.00 ns, 2.1679 ns/op
OverheadWarmup   6: 134217728 op, 293172012.00 ns, 2.1843 ns/op
OverheadWarmup   7: 134217728 op, 292350790.00 ns, 2.1782 ns/op
OverheadWarmup   8: 134217728 op, 295935219.00 ns, 2.2049 ns/op
OverheadWarmup   9: 134217728 op, 295122375.00 ns, 2.1988 ns/op

OverheadActual   1: 134217728 op, 293555485.00 ns, 2.1872 ns/op
OverheadActual   2: 134217728 op, 293046008.00 ns, 2.1834 ns/op
OverheadActual   3: 134217728 op, 290802769.00 ns, 2.1666 ns/op
OverheadActual   4: 134217728 op, 289376310.00 ns, 2.1560 ns/op
OverheadActual   5: 134217728 op, 292608729.00 ns, 2.1801 ns/op
OverheadActual   6: 134217728 op, 293774385.00 ns, 2.1888 ns/op
OverheadActual   7: 134217728 op, 287249417.00 ns, 2.1402 ns/op
OverheadActual   8: 134217728 op, 293156685.00 ns, 2.1842 ns/op
OverheadActual   9: 134217728 op, 292496280.00 ns, 2.1793 ns/op
OverheadActual  10: 134217728 op, 288959373.00 ns, 2.1529 ns/op
OverheadActual  11: 134217728 op, 288794925.00 ns, 2.1517 ns/op
OverheadActual  12: 134217728 op, 292228066.00 ns, 2.1773 ns/op
OverheadActual  13: 134217728 op, 290032609.00 ns, 2.1609 ns/op
OverheadActual  14: 134217728 op, 293939664.00 ns, 2.1900 ns/op
OverheadActual  15: 134217728 op, 294283962.00 ns, 2.1926 ns/op

WorkloadWarmup   1: 134217728 op, 767458624.00 ns, 5.7180 ns/op
WorkloadWarmup   2: 134217728 op, 771460559.00 ns, 5.7478 ns/op
WorkloadWarmup   3: 134217728 op, 768370645.00 ns, 5.7248 ns/op
WorkloadWarmup   4: 134217728 op, 759728248.00 ns, 5.6604 ns/op
WorkloadWarmup   5: 134217728 op, 757540462.00 ns, 5.6441 ns/op
WorkloadWarmup   6: 134217728 op, 746162937.00 ns, 5.5593 ns/op
WorkloadWarmup   7: 134217728 op, 721189544.00 ns, 5.3733 ns/op
WorkloadWarmup   8: 134217728 op, 736204889.00 ns, 5.4852 ns/op
WorkloadWarmup   9: 134217728 op, 751689360.00 ns, 5.6005 ns/op
WorkloadWarmup  10: 134217728 op, 743730804.00 ns, 5.5412 ns/op

// BeforeActualRun
WorkloadActual   1: 134217728 op, 760398598.00 ns, 5.6654 ns/op
WorkloadActual   2: 134217728 op, 762528265.00 ns, 5.6813 ns/op
WorkloadActual   3: 134217728 op, 780659792.00 ns, 5.8164 ns/op
WorkloadActual   4: 134217728 op, 764829629.00 ns, 5.6984 ns/op
WorkloadActual   5: 134217728 op, 770397385.00 ns, 5.7399 ns/op
WorkloadActual   6: 134217728 op, 785129212.00 ns, 5.8497 ns/op
WorkloadActual   7: 134217728 op, 785963378.00 ns, 5.8559 ns/op
WorkloadActual   8: 134217728 op, 780425368.00 ns, 5.8146 ns/op
WorkloadActual   9: 134217728 op, 766749641.00 ns, 5.7127 ns/op
WorkloadActual  10: 134217728 op, 777026268.00 ns, 5.7893 ns/op
WorkloadActual  11: 134217728 op, 818090363.00 ns, 6.0952 ns/op
WorkloadActual  12: 134217728 op, 780769216.00 ns, 5.8172 ns/op
WorkloadActual  13: 134217728 op, 785742441.00 ns, 5.8542 ns/op
WorkloadActual  14: 134217728 op, 851649356.00 ns, 6.3453 ns/op
WorkloadActual  15: 134217728 op, 783687027.00 ns, 5.8389 ns/op

// AfterActualRun
WorkloadResult   1: 134217728 op, 467902318.00 ns, 3.4861 ns/op
WorkloadResult   2: 134217728 op, 470031985.00 ns, 3.5020 ns/op
WorkloadResult   3: 134217728 op, 488163512.00 ns, 3.6371 ns/op
WorkloadResult   4: 134217728 op, 472333349.00 ns, 3.5192 ns/op
WorkloadResult   5: 134217728 op, 477901105.00 ns, 3.5606 ns/op
WorkloadResult   6: 134217728 op, 492632932.00 ns, 3.6704 ns/op
WorkloadResult   7: 134217728 op, 493467098.00 ns, 3.6766 ns/op
WorkloadResult   8: 134217728 op, 487929088.00 ns, 3.6354 ns/op
WorkloadResult   9: 134217728 op, 474253361.00 ns, 3.5335 ns/op
WorkloadResult  10: 134217728 op, 484529988.00 ns, 3.6100 ns/op
WorkloadResult  11: 134217728 op, 488272936.00 ns, 3.6379 ns/op
WorkloadResult  12: 134217728 op, 493246161.00 ns, 3.6750 ns/op
WorkloadResult  13: 134217728 op, 491190747.00 ns, 3.6597 ns/op
// GC:  320 0 0 5368709120 134217728
// Threading:  0 0 134217728

// AfterAll
// Benchmark Process 3988 has exited with code 0.

Mean = 3.600 ns, StdErr = 0.019 ns (0.54%), N = 13, StdDev = 0.070 ns
Min = 3.486 ns, Q1 = 3.533 ns, Median = 3.635 ns, Q3 = 3.660 ns, Max = 3.677 ns
IQR = 0.126 ns, LowerFence = 3.344 ns, UpperFence = 3.849 ns
ConfidenceInterval = [3.516 ns; 3.684 ns] (CI 99.9%), Margin = 0.084 ns (2.34% of Mean)
Skewness = -0.39, Kurtosis = 1.37, MValue = 2

// ** Remained 43 (95.6 %) benchmark(s) to run. Estimated finish 2026-09-20 7:38 (0h 21m from now) **
// **************************
// Benchmark: AggregateHydrationBenchmarks.Ardalis_DrainEvents_WithEvents: .NET 10.0(Runtime=.NET 10.0, Toolchain=net10.0)
// *** Execute ***
// Launch: 1 / 1
// Execute: dotnet "EricksonLopez.SharedKernel.Benchmarks-.NET 10.0-1.dll" --anonymousPipes 113 114 --benchmarkName EricksonLopez.SharedKernel.Benchmarks.AggregateHydrationBenchmarks.Ardalis_DrainEvents_WithEvents --job ".NET 10.0" --benchmarkId 2 in /home/runner/work/dotnet-shared-kernel/dotnet-shared-kernel/benchmarks/EricksonLopez.SharedKernel.Benchmarks/bin/Release/net10.0/EricksonLopez.SharedKernel.Benchmarks-.NET 10.0-1/bin/Release/net10.0
// Failed to set up high priority (Permission denied). In order to run benchmarks with high priority, make sure you have the right permissions.
// BeforeAnythingElse

// Benchmark Process Environment Information:
// BenchmarkDotNet v0.15.8
// Runtime=.NET 10.0.12 (10.0.12, 10.0.1226.42308), X64 RyuJIT x86-64-v4
// GC=Concurrent Workstation
// HardwareIntrinsics=AVX512 BITALG+VBMI2+VNNI+VPOPCNTDQ,AVX512 IFMA+VBMI,AVX512 F+BW+CD+DQ+VL,AVX2+BMI1+BMI2+F16C+FMA+LZCNT+MOVBE,AVX,SSE3+SSSE3+SSE4.1+SSE4.2+POPCNT,X86Base+SSE+SSE2,AES+PCLMUL,AvxVnni VectorSize=256
// Job: .NET 10.0

OverheadJitting  1: 1 op, 177307.00 ns, 177.3070 us/op
WorkloadJitting  1: 1 op, 661286.00 ns, 661.2860 us/op

OverheadJitting  2: 16 op, 273703.00 ns, 17.1064 us/op
WorkloadJitting  2: 16 op, 288454.00 ns, 18.0284 us/op

WorkloadPilot    1: 16 op, 7191.00 ns, 449.4375 ns/op
WorkloadPilot    2: 32 op, 16956.00 ns, 529.8750 ns/op
WorkloadPilot    3: 64 op, 29485.00 ns, 460.7031 ns/op
WorkloadPilot    4: 128 op, 37697.00 ns, 294.5078 ns/op
WorkloadPilot    5: 256 op, 70676.00 ns, 276.0781 ns/op
WorkloadPilot    6: 512 op, 118268.00 ns, 230.9922 ns/op
WorkloadPilot    7: 1024 op, 253812.00 ns, 247.8633 ns/op
WorkloadPilot    8: 2048 op, 411320.00 ns, 200.8398 ns/op
WorkloadPilot    9: 4096 op, 887697.00 ns, 216.7229 ns/op
WorkloadPilot   10: 8192 op, 1711357.00 ns, 208.9059 ns/op
WorkloadPilot   11: 16384 op, 3809709.00 ns, 232.5262 ns/op
WorkloadPilot   12: 32768 op, 10699666.00 ns, 326.5279 ns/op
WorkloadPilot   13: 65536 op, 14594554.00 ns, 222.6952 ns/op
WorkloadPilot   14: 131072 op, 18957464.00 ns, 144.6340 ns/op
WorkloadPilot   15: 262144 op, 37765194.00 ns, 144.0628 ns/op
WorkloadPilot   16: 524288 op, 63057131.00 ns, 120.2719 ns/op
WorkloadPilot   17: 1048576 op, 85895212.00 ns, 81.9161 ns/op
WorkloadPilot   18: 2097152 op, 97889839.00 ns, 46.6775 ns/op
WorkloadPilot   19: 4194304 op, 193509578.00 ns, 46.1363 ns/op
WorkloadPilot   20: 8388608 op, 394266202.00 ns, 47.0002 ns/op
WorkloadPilot   21: 16777216 op, 757686512.00 ns, 45.1616 ns/op

OverheadWarmup   1: 16777216 op, 24397499.00 ns, 1.4542 ns/op
OverheadWarmup   2: 16777216 op, 24200963.00 ns, 1.4425 ns/op
OverheadWarmup   3: 16777216 op, 23819148.00 ns, 1.4197 ns/op
OverheadWarmup   4: 16777216 op, 23494098.00 ns, 1.4004 ns/op
OverheadWarmup   5: 16777216 op, 23257743.00 ns, 1.3863 ns/op
OverheadWarmup   6: 16777216 op, 23170221.00 ns, 1.3811 ns/op
OverheadWarmup   7: 16777216 op, 23069329.00 ns, 1.3750 ns/op
OverheadWarmup   8: 16777216 op, 22989739.00 ns, 1.3703 ns/op
OverheadWarmup   9: 16777216 op, 25876287.00 ns, 1.5423 ns/op
OverheadWarmup  10: 16777216 op, 23705687.00 ns, 1.4130 ns/op

OverheadActual   1: 16777216 op, 20137723.00 ns, 1.2003 ns/op
OverheadActual   2: 16777216 op, 21008394.00 ns, 1.2522 ns/op
OverheadActual   3: 16777216 op, 20848533.00 ns, 1.2427 ns/op
OverheadActual   4: 16777216 op, 21102206.00 ns, 1.2578 ns/op
OverheadActual   5: 16777216 op, 19081873.00 ns, 1.1374 ns/op
OverheadActual   6: 16777216 op, 19043776.00 ns, 1.1351 ns/op
OverheadActual   7: 16777216 op, 19195824.00 ns, 1.1442 ns/op
OverheadActual   8: 16777216 op, 19222043.00 ns, 1.1457 ns/op
OverheadActual   9: 16777216 op, 19615586.00 ns, 1.1692 ns/op
OverheadActual  10: 16777216 op, 19110506.00 ns, 1.1391 ns/op
OverheadActual  11: 16777216 op, 19366061.00 ns, 1.1543 ns/op
OverheadActual  12: 16777216 op, 18981992.00 ns, 1.1314 ns/op
OverheadActual  13: 16777216 op, 19390387.00 ns, 1.1558 ns/op
OverheadActual  14: 16777216 op, 19860585.00 ns, 1.1838 ns/op
OverheadActual  15: 16777216 op, 20415642.00 ns, 1.2169 ns/op

WorkloadWarmup   1: 16777216 op, 778383127.00 ns, 46.3952 ns/op
WorkloadWarmup   2: 16777216 op, 757747629.00 ns, 45.1653 ns/op
WorkloadWarmup   3: 16777216 op, 747477555.00 ns, 44.5531 ns/op
WorkloadWarmup   4: 16777216 op, 766486404.00 ns, 45.6861 ns/op
WorkloadWarmup   5: 16777216 op, 766709024.00 ns, 45.6994 ns/op
WorkloadWarmup   6: 16777216 op, 762839657.00 ns, 45.4688 ns/op
WorkloadWarmup   7: 16777216 op, 778836369.00 ns, 46.4223 ns/op
WorkloadWarmup   8: 16777216 op, 768365960.00 ns, 45.7982 ns/op

// BeforeActualRun
WorkloadActual   1: 16777216 op, 766700481.00 ns, 45.6989 ns/op
WorkloadActual   2: 16777216 op, 765280353.00 ns, 45.6143 ns/op
WorkloadActual   3: 16777216 op, 797383863.00 ns, 47.5278 ns/op
WorkloadActual   4: 16777216 op, 743363965.00 ns, 44.3079 ns/op
WorkloadActual   5: 16777216 op, 727488746.00 ns, 43.3617 ns/op
WorkloadActual   6: 16777216 op, 763043494.00 ns, 45.4809 ns/op
WorkloadActual   7: 16777216 op, 765883251.00 ns, 45.6502 ns/op
WorkloadActual   8: 16777216 op, 773110387.00 ns, 46.0810 ns/op
WorkloadActual   9: 16777216 op, 790449363.00 ns, 47.1145 ns/op
WorkloadActual  10: 16777216 op, 798100361.00 ns, 47.5705 ns/op
WorkloadActual  11: 16777216 op, 762408644.00 ns, 45.4431 ns/op
WorkloadActual  12: 16777216 op, 745323841.00 ns, 44.4248 ns/op
WorkloadActual  13: 16777216 op, 750823281.00 ns, 44.7526 ns/op
WorkloadActual  14: 16777216 op, 742098352.00 ns, 44.2325 ns/op
WorkloadActual  15: 16777216 op, 810149749.00 ns, 48.2887 ns/op
WorkloadActual  16: 16777216 op, 731695216.00 ns, 43.6124 ns/op
WorkloadActual  17: 16777216 op, 730120442.00 ns, 43.5186 ns/op
WorkloadActual  18: 16777216 op, 742703403.00 ns, 44.2686 ns/op
WorkloadActual  19: 16777216 op, 748963853.00 ns, 44.6417 ns/op
WorkloadActual  20: 16777216 op, 741548935.00 ns, 44.1998 ns/op
WorkloadActual  21: 16777216 op, 754819452.00 ns, 44.9907 ns/op
WorkloadActual  22: 16777216 op, 754040248.00 ns, 44.9443 ns/op
WorkloadActual  23: 16777216 op, 752824678.00 ns, 44.8718 ns/op
WorkloadActual  24: 16777216 op, 742847440.00 ns, 44.2772 ns/op
WorkloadActual  25: 16777216 op, 736732911.00 ns, 43.9127 ns/op
WorkloadActual  26: 16777216 op, 765391174.00 ns, 45.6209 ns/op

// AfterActualRun
WorkloadResult   1: 16777216 op, 747310094.00 ns, 44.5432 ns/op
WorkloadResult   2: 16777216 op, 745889966.00 ns, 44.4585 ns/op
WorkloadResult   3: 16777216 op, 777993476.00 ns, 46.3720 ns/op
WorkloadResult   4: 16777216 op, 723973578.00 ns, 43.1522 ns/op
WorkloadResult   5: 16777216 op, 708098359.00 ns, 42.2060 ns/op
WorkloadResult   6: 16777216 op, 743653107.00 ns, 44.3252 ns/op
WorkloadResult   7: 16777216 op, 746492864.00 ns, 44.4944 ns/op
WorkloadResult   8: 16777216 op, 753720000.00 ns, 44.9252 ns/op
WorkloadResult   9: 16777216 op, 771058976.00 ns, 45.9587 ns/op
WorkloadResult  10: 16777216 op, 778709974.00 ns, 46.4147 ns/op
WorkloadResult  11: 16777216 op, 743018257.00 ns, 44.2873 ns/op
WorkloadResult  12: 16777216 op, 725933454.00 ns, 43.2690 ns/op
WorkloadResult  13: 16777216 op, 731432894.00 ns, 43.5968 ns/op
WorkloadResult  14: 16777216 op, 722707965.00 ns, 43.0768 ns/op
WorkloadResult  15: 16777216 op, 712304829.00 ns, 42.4567 ns/op
WorkloadResult  16: 16777216 op, 710730055.00 ns, 42.3628 ns/op
WorkloadResult  17: 16777216 op, 723313016.00 ns, 43.1128 ns/op
WorkloadResult  18: 16777216 op, 729573466.00 ns, 43.4860 ns/op
WorkloadResult  19: 16777216 op, 722158548.00 ns, 43.0440 ns/op
WorkloadResult  20: 16777216 op, 735429065.00 ns, 43.8350 ns/op
WorkloadResult  21: 16777216 op, 734649861.00 ns, 43.7885 ns/op
WorkloadResult  22: 16777216 op, 733434291.00 ns, 43.7161 ns/op
WorkloadResult  23: 16777216 op, 723457053.00 ns, 43.1214 ns/op
WorkloadResult  24: 16777216 op, 717342524.00 ns, 42.7569 ns/op
WorkloadResult  25: 16777216 op, 746000787.00 ns, 44.4651 ns/op
// GC:  200 0 0 3355443200 16777216
// Threading:  0 0 16777216

// AfterAll
// Benchmark Process 4014 has exited with code 0.

Mean = 43.889 ns, StdErr = 0.231 ns (0.53%), N = 25, StdDev = 1.154 ns
Min = 42.206 ns, Q1 = 43.113 ns, Median = 43.716 ns, Q3 = 44.465 ns, Max = 46.415 ns
IQR = 1.352 ns, LowerFence = 41.084 ns, UpperFence = 46.494 ns
ConfidenceInterval = [43.024 ns; 44.754 ns] (CI 99.9%), Margin = 0.865 ns (1.97% of Mean)
Skewness = 0.7, Kurtosis = 2.71, MValue = 2

// ** Remained 42 (93.3 %) benchmark(s) to run. Estimated finish 2026-09-20 7:38 (0h 20m from now) **
// **************************
// Benchmark: AggregateHydrationBenchmarks.EricksonLopez_DrainEvents_WithEvents: .NET 10.0(Runtime=.NET 10.0, Toolchain=net10.0)
// *** Execute ***
// Launch: 1 / 1
// Execute: dotnet "EricksonLopez.SharedKernel.Benchmarks-.NET 10.0-1.dll" --anonymousPipes 113 114 --benchmarkName EricksonLopez.SharedKernel.Benchmarks.AggregateHydrationBenchmarks.EricksonLopez_DrainEvents_WithEvents --job ".NET 10.0" --benchmarkId 3 in /home/runner/work/dotnet-shared-kernel/dotnet-shared-kernel/benchmarks/EricksonLopez.SharedKernel.Benchmarks/bin/Release/net10.0/EricksonLopez.SharedKernel.Benchmarks-.NET 10.0-1/bin/Release/net10.0
// Failed to set up high priority (Permission denied). In order to run benchmarks with high priority, make sure you have the right permissions.
// BeforeAnythingElse

// Benchmark Process Environment Information:
// BenchmarkDotNet v0.15.8
// Runtime=.NET 10.0.12 (10.0.12, 10.0.1226.42308), X64 RyuJIT x86-64-v4
// GC=Concurrent Workstation
// HardwareIntrinsics=AVX512 BITALG+VBMI2+VNNI+VPOPCNTDQ,AVX512 IFMA+VBMI,AVX512 F+BW+CD+DQ+VL,AVX2+BMI1+BMI2+F16C+FMA+LZCNT+MOVBE,AVX,SSE3+SSSE3+SSE4.1+SSE4.2+POPCNT,X86Base+SSE+SSE2,AES+PCLMUL,AvxVnni VectorSize=256
// Job: .NET 10.0

OverheadJitting  1: 1 op, 170617.00 ns, 170.6170 us/op
WorkloadJitting  1: 1 op, 788317.00 ns, 788.3170 us/op

OverheadJitting  2: 16 op, 234262.00 ns, 14.6414 us/op
WorkloadJitting  2: 16 op, 272691.00 ns, 17.0432 us/op

WorkloadPilot    1: 16 op, 4747.00 ns, 296.6875 ns/op
WorkloadPilot    2: 32 op, 14401.00 ns, 450.0313 ns/op
WorkloadPilot    3: 64 op, 22674.00 ns, 354.2813 ns/op
WorkloadPilot    4: 128 op, 33440.00 ns, 261.2500 ns/op
WorkloadPilot    5: 256 op, 43405.00 ns, 169.5508 ns/op
WorkloadPilot    6: 512 op, 79530.00 ns, 155.3320 ns/op
WorkloadPilot    7: 1024 op, 140311.00 ns, 137.0225 ns/op
WorkloadPilot    8: 2048 op, 234784.00 ns, 114.6406 ns/op
WorkloadPilot    9: 4096 op, 467695.00 ns, 114.1833 ns/op
WorkloadPilot   10: 8192 op, 982870.00 ns, 119.9792 ns/op
WorkloadPilot   11: 16384 op, 1976377.00 ns, 120.6285 ns/op
WorkloadPilot   12: 32768 op, 3907656.00 ns, 119.2522 ns/op
WorkloadPilot   13: 65536 op, 7999799.00 ns, 122.0672 ns/op
WorkloadPilot   14: 131072 op, 14465517.00 ns, 110.3631 ns/op
WorkloadPilot   15: 262144 op, 20863764.00 ns, 79.5889 ns/op
WorkloadPilot   16: 524288 op, 42712432.00 ns, 81.4675 ns/op
WorkloadPilot   17: 1048576 op, 50666191.00 ns, 48.3190 ns/op
WorkloadPilot   18: 2097152 op, 46825697.00 ns, 22.3282 ns/op
WorkloadPilot   19: 4194304 op, 74639131.00 ns, 17.7954 ns/op
WorkloadPilot   20: 8388608 op, 152046057.00 ns, 18.1253 ns/op
WorkloadPilot   21: 16777216 op, 299466989.00 ns, 17.8496 ns/op
WorkloadPilot   22: 33554432 op, 612545168.00 ns, 18.2553 ns/op

OverheadWarmup   1: 33554432 op, 48082484.00 ns, 1.4330 ns/op
OverheadWarmup   2: 33554432 op, 48103476.00 ns, 1.4336 ns/op
OverheadWarmup   3: 33554432 op, 48336507.00 ns, 1.4405 ns/op
OverheadWarmup   4: 33554432 op, 48021772.00 ns, 1.4312 ns/op
OverheadWarmup   5: 33554432 op, 47900100.00 ns, 1.4275 ns/op
OverheadWarmup   6: 33554432 op, 47881602.00 ns, 1.4270 ns/op
OverheadWarmup   7: 33554432 op, 54819621.00 ns, 1.6338 ns/op
OverheadWarmup   8: 33554432 op, 52000485.00 ns, 1.5497 ns/op

OverheadActual   1: 33554432 op, 41751549.00 ns, 1.2443 ns/op
OverheadActual   2: 33554432 op, 40797854.00 ns, 1.2159 ns/op
OverheadActual   3: 33554432 op, 41928516.00 ns, 1.2496 ns/op
OverheadActual   4: 33554432 op, 41026327.00 ns, 1.2227 ns/op
OverheadActual   5: 33554432 op, 40158480.00 ns, 1.1968 ns/op
OverheadActual   6: 33554432 op, 40286453.00 ns, 1.2006 ns/op
OverheadActual   7: 33554432 op, 40324840.00 ns, 1.2018 ns/op
OverheadActual   8: 33554432 op, 39661522.00 ns, 1.1820 ns/op
OverheadActual   9: 33554432 op, 42409100.00 ns, 1.2639 ns/op
OverheadActual  10: 33554432 op, 42025823.00 ns, 1.2525 ns/op
OverheadActual  11: 33554432 op, 39659609.00 ns, 1.1819 ns/op
OverheadActual  12: 33554432 op, 40793056.00 ns, 1.2157 ns/op
OverheadActual  13: 33554432 op, 40140043.00 ns, 1.1963 ns/op
OverheadActual  14: 33554432 op, 39603645.00 ns, 1.1803 ns/op
OverheadActual  15: 33554432 op, 43269706.00 ns, 1.2895 ns/op

WorkloadWarmup   1: 33554432 op, 593706596.00 ns, 17.6938 ns/op
WorkloadWarmup   2: 33554432 op, 593916442.00 ns, 17.7001 ns/op
WorkloadWarmup   3: 33554432 op, 585337092.00 ns, 17.4444 ns/op
WorkloadWarmup   4: 33554432 op, 580584193.00 ns, 17.3028 ns/op
WorkloadWarmup   5: 33554432 op, 579996222.00 ns, 17.2852 ns/op
WorkloadWarmup   6: 33554432 op, 586797931.00 ns, 17.4879 ns/op
WorkloadWarmup   7: 33554432 op, 598700767.00 ns, 17.8427 ns/op
WorkloadWarmup   8: 33554432 op, 575370391.00 ns, 17.1474 ns/op

// BeforeActualRun
WorkloadActual   1: 33554432 op, 587042389.00 ns, 17.4952 ns/op
WorkloadActual   2: 33554432 op, 582410579.00 ns, 17.3572 ns/op
WorkloadActual   3: 33554432 op, 576474430.00 ns, 17.1803 ns/op
WorkloadActual   4: 33554432 op, 579659968.00 ns, 17.2752 ns/op
WorkloadActual   5: 33554432 op, 588790991.00 ns, 17.5473 ns/op
WorkloadActual   6: 33554432 op, 580378179.00 ns, 17.2966 ns/op
WorkloadActual   7: 33554432 op, 578563196.00 ns, 17.2425 ns/op
WorkloadActual   8: 33554432 op, 573982186.00 ns, 17.1060 ns/op
WorkloadActual   9: 33554432 op, 580217678.00 ns, 17.2918 ns/op
WorkloadActual  10: 33554432 op, 581871048.00 ns, 17.3411 ns/op
WorkloadActual  11: 33554432 op, 583317487.00 ns, 17.3842 ns/op
WorkloadActual  12: 33554432 op, 602213509.00 ns, 17.9474 ns/op
WorkloadActual  13: 33554432 op, 583341113.00 ns, 17.3849 ns/op
WorkloadActual  14: 33554432 op, 582851155.00 ns, 17.3703 ns/op
WorkloadActual  15: 33554432 op, 590311912.00 ns, 17.5927 ns/op

// AfterActualRun
WorkloadResult   1: 33554432 op, 546249333.00 ns, 16.2795 ns/op
WorkloadResult   2: 33554432 op, 541617523.00 ns, 16.1415 ns/op
WorkloadResult   3: 33554432 op, 535681374.00 ns, 15.9645 ns/op
WorkloadResult   4: 33554432 op, 538866912.00 ns, 16.0595 ns/op
WorkloadResult   5: 33554432 op, 547997935.00 ns, 16.3316 ns/op
WorkloadResult   6: 33554432 op, 539585123.00 ns, 16.0809 ns/op
WorkloadResult   7: 33554432 op, 537770140.00 ns, 16.0268 ns/op
WorkloadResult   8: 33554432 op, 533189130.00 ns, 15.8903 ns/op
WorkloadResult   9: 33554432 op, 539424622.00 ns, 16.0761 ns/op
WorkloadResult  10: 33554432 op, 541077992.00 ns, 16.1254 ns/op
WorkloadResult  11: 33554432 op, 542524431.00 ns, 16.1685 ns/op
WorkloadResult  12: 33554432 op, 542548057.00 ns, 16.1692 ns/op
WorkloadResult  13: 33554432 op, 542058099.00 ns, 16.1546 ns/op
WorkloadResult  14: 33554432 op, 549518856.00 ns, 16.3769 ns/op
// GC:  224 0 0 3758096384 33554432
// Threading:  0 0 33554432

// AfterAll
// Benchmark Process 4036 has exited with code 0.

Mean = 16.132 ns, StdErr = 0.036 ns (0.22%), N = 14, StdDev = 0.134 ns
Min = 15.890 ns, Q1 = 16.064 ns, Median = 16.133 ns, Q3 = 16.169 ns, Max = 16.377 ns
IQR = 0.105 ns, LowerFence = 15.906 ns, UpperFence = 16.327 ns
ConfidenceInterval = [15.981 ns; 16.283 ns] (CI 99.9%), Margin = 0.151 ns (0.94% of Mean)
Skewness = 0.16, Kurtosis = 2.22, MValue = 2

// ** Remained 41 (91.1 %) benchmark(s) to run. Estimated finish 2026-09-20 7:36 (0h 18m from now) **
// Build Error: Standard output: 
  
 Standard error: 
   Determining projects to restore...
/home/runner/work/dotnet-shared-kernel/dotnet-shared-kernel/benchmarks/EricksonLopez.SharedKernel.Benchmarks/bin/Release/net10.0/EricksonLopez.SharedKernel.Benchmarks-.NET 8.0-2/BenchmarkDotNet.Autogenerated.csproj : error NU1201: Project EricksonLopez.SharedKernel.Benchmarks is not compatible with net8.0 (.NETCoreApp,Version=v8.0). Project EricksonLopez.SharedKernel.Benchmarks supports: net10.0 (.NETCoreApp,Version=v10.0)
  Failed to restore /home/runner/work/dotnet-shared-kernel/dotnet-shared-kernel/benchmarks/EricksonLopez.SharedKernel.Benchmarks/bin/Release/net10.0/EricksonLopez.SharedKernel.Benchmarks-.NET 8.0-2/BenchmarkDotNet.Autogenerated.csproj (in 187 ms).
  2 of 3 projects are up-to-date for restore.

// BenchmarkDotNet has failed to build the auto-generated boilerplate code.
// It can be found in /home/runner/work/dotnet-shared-kernel/dotnet-shared-kernel/benchmarks/EricksonLopez.SharedKernel.Benchmarks/bin/Release/net10.0/EricksonLopez.SharedKernel.Benchmarks-.NET 8.0-2
// Please follow the troubleshooting guide: https://benchmarkdotnet.org/articles/guides/troubleshooting.html

// ** Remained 40 (88.9 %) benchmark(s) to run. Estimated finish 2026-09-20 7:32 (0h 14m from now) **
// Build Error: Standard output: 
  
 Standard error: 
   Determining projects to restore...
/home/runner/work/dotnet-shared-kernel/dotnet-shared-kernel/benchmarks/EricksonLopez.SharedKernel.Benchmarks/bin/Release/net10.0/EricksonLopez.SharedKernel.Benchmarks-.NET 8.0-2/BenchmarkDotNet.Autogenerated.csproj : error NU1201: Project EricksonLopez.SharedKernel.Benchmarks is not compatible with net8.0 (.NETCoreApp,Version=v8.0). Project EricksonLopez.SharedKernel.Benchmarks supports: net10.0 (.NETCoreApp,Version=v10.0)
  Failed to restore /home/runner/work/dotnet-shared-kernel/dotnet-shared-kernel/benchmarks/EricksonLopez.SharedKernel.Benchmarks/bin/Release/net10.0/EricksonLopez.SharedKernel.Benchmarks-.NET 8.0-2/BenchmarkDotNet.Autogenerated.csproj (in 187 ms).
  2 of 3 projects are up-to-date for restore.

// BenchmarkDotNet has failed to build the auto-generated boilerplate code.
// It can be found in /home/runner/work/dotnet-shared-kernel/dotnet-shared-kernel/benchmarks/EricksonLopez.SharedKernel.Benchmarks/bin/Release/net10.0/EricksonLopez.SharedKernel.Benchmarks-.NET 8.0-2
// Please follow the troubleshooting guide: https://benchmarkdotnet.org/articles/guides/troubleshooting.html

// ** Remained 39 (86.7 %) benchmark(s) to run. Estimated finish 2026-09-20 7:29 (0h 11m from now) **
// Build Error: Standard output: 
  
 Standard error: 
   Determining projects to restore...
/home/runner/work/dotnet-shared-kernel/dotnet-shared-kernel/benchmarks/EricksonLopez.SharedKernel.Benchmarks/bin/Release/net10.0/EricksonLopez.SharedKernel.Benchmarks-.NET 8.0-2/BenchmarkDotNet.Autogenerated.csproj : error NU1201: Project EricksonLopez.SharedKernel.Benchmarks is not compatible with net8.0 (.NETCoreApp,Version=v8.0). Project EricksonLopez.SharedKernel.Benchmarks supports: net10.0 (.NETCoreApp,Version=v10.0)
  Failed to restore /home/runner/work/dotnet-shared-kernel/dotnet-shared-kernel/benchmarks/EricksonLopez.SharedKernel.Benchmarks/bin/Release/net10.0/EricksonLopez.SharedKernel.Benchmarks-.NET 8.0-2/BenchmarkDotNet.Autogenerated.csproj (in 187 ms).
  2 of 3 projects are up-to-date for restore.

// BenchmarkDotNet has failed to build the auto-generated boilerplate code.
// It can be found in /home/runner/work/dotnet-shared-kernel/dotnet-shared-kernel/benchmarks/EricksonLopez.SharedKernel.Benchmarks/bin/Release/net10.0/EricksonLopez.SharedKernel.Benchmarks-.NET 8.0-2
// Please follow the troubleshooting guide: https://benchmarkdotnet.org/articles/guides/troubleshooting.html

// ** Remained 38 (84.4 %) benchmark(s) to run. Estimated finish 2026-09-20 7:27 (0h 9m from now) **
// Build Error: Standard output: 
  
 Standard error: 
   Determining projects to restore...
/home/runner/work/dotnet-shared-kernel/dotnet-shared-kernel/benchmarks/EricksonLopez.SharedKernel.Benchmarks/bin/Release/net10.0/EricksonLopez.SharedKernel.Benchmarks-.NET 8.0-2/BenchmarkDotNet.Autogenerated.csproj : error NU1201: Project EricksonLopez.SharedKernel.Benchmarks is not compatible with net8.0 (.NETCoreApp,Version=v8.0). Project EricksonLopez.SharedKernel.Benchmarks supports: net10.0 (.NETCoreApp,Version=v10.0)
  Failed to restore /home/runner/work/dotnet-shared-kernel/dotnet-shared-kernel/benchmarks/EricksonLopez.SharedKernel.Benchmarks/bin/Release/net10.0/EricksonLopez.SharedKernel.Benchmarks-.NET 8.0-2/BenchmarkDotNet.Autogenerated.csproj (in 187 ms).
  2 of 3 projects are up-to-date for restore.

// BenchmarkDotNet has failed to build the auto-generated boilerplate code.
// It can be found in /home/runner/work/dotnet-shared-kernel/dotnet-shared-kernel/benchmarks/EricksonLopez.SharedKernel.Benchmarks/bin/Release/net10.0/EricksonLopez.SharedKernel.Benchmarks-.NET 8.0-2
// Please follow the troubleshooting guide: https://benchmarkdotnet.org/articles/guides/troubleshooting.html

// ** Remained 37 (82.2 %) benchmark(s) to run. Estimated finish 2026-09-20 7:26 (0h 8m from now) **
// Build Error: Standard output: 
  
 Standard error: 
   Determining projects to restore...
/home/runner/work/dotnet-shared-kernel/dotnet-shared-kernel/benchmarks/EricksonLopez.SharedKernel.Benchmarks/bin/Release/net10.0/EricksonLopez.SharedKernel.Benchmarks-.NET 9.0-3/BenchmarkDotNet.Autogenerated.csproj : error NU1201: Project EricksonLopez.SharedKernel.Benchmarks is not compatible with net9.0 (.NETCoreApp,Version=v9.0). Project EricksonLopez.SharedKernel.Benchmarks supports: net10.0 (.NETCoreApp,Version=v10.0)
  Failed to restore /home/runner/work/dotnet-shared-kernel/dotnet-shared-kernel/benchmarks/EricksonLopez.SharedKernel.Benchmarks/bin/Release/net10.0/EricksonLopez.SharedKernel.Benchmarks-.NET 9.0-3/BenchmarkDotNet.Autogenerated.csproj (in 176 ms).
  2 of 3 projects are up-to-date for restore.

// BenchmarkDotNet has failed to build the auto-generated boilerplate code.
// It can be found in /home/runner/work/dotnet-shared-kernel/dotnet-shared-kernel/benchmarks/EricksonLopez.SharedKernel.Benchmarks/bin/Release/net10.0/EricksonLopez.SharedKernel.Benchmarks-.NET 9.0-3
// Please follow the troubleshooting guide: https://benchmarkdotnet.org/articles/guides/troubleshooting.html

// ** Remained 36 (80.0 %) benchmark(s) to run. Estimated finish 2026-09-20 7:24 (0h 7m from now) **
// Build Error: Standard output: 
  
 Standard error: 
   Determining projects to restore...
/home/runner/work/dotnet-shared-kernel/dotnet-shared-kernel/benchmarks/EricksonLopez.SharedKernel.Benchmarks/bin/Release/net10.0/EricksonLopez.SharedKernel.Benchmarks-.NET 9.0-3/BenchmarkDotNet.Autogenerated.csproj : error NU1201: Project EricksonLopez.SharedKernel.Benchmarks is not compatible with net9.0 (.NETCoreApp,Version=v9.0). Project EricksonLopez.SharedKernel.Benchmarks supports: net10.0 (.NETCoreApp,Version=v10.0)
  Failed to restore /home/runner/work/dotnet-shared-kernel/dotnet-shared-kernel/benchmarks/EricksonLopez.SharedKernel.Benchmarks/bin/Release/net10.0/EricksonLopez.SharedKernel.Benchmarks-.NET 9.0-3/BenchmarkDotNet.Autogenerated.csproj (in 176 ms).
  2 of 3 projects are up-to-date for restore.

// BenchmarkDotNet has failed to build the auto-generated boilerplate code.
// It can be found in /home/runner/work/dotnet-shared-kernel/dotnet-shared-kernel/benchmarks/EricksonLopez.SharedKernel.Benchmarks/bin/Release/net10.0/EricksonLopez.SharedKernel.Benchmarks-.NET 9.0-3
// Please follow the troubleshooting guide: https://benchmarkdotnet.org/articles/guides/troubleshooting.html

// ** Remained 35 (77.8 %) benchmark(s) to run. Estimated finish 2026-09-20 7:24 (0h 6m from now) **
// Build Error: Standard output: 
  
 Standard error: 
   Determining projects to restore...
/home/runner/work/dotnet-shared-kernel/dotnet-shared-kernel/benchmarks/EricksonLopez.SharedKernel.Benchmarks/bin/Release/net10.0/EricksonLopez.SharedKernel.Benchmarks-.NET 9.0-3/BenchmarkDotNet.Autogenerated.csproj : error NU1201: Project EricksonLopez.SharedKernel.Benchmarks is not compatible with net9.0 (.NETCoreApp,Version=v9.0). Project EricksonLopez.SharedKernel.Benchmarks supports: net10.0 (.NETCoreApp,Version=v10.0)
  Failed to restore /home/runner/work/dotnet-shared-kernel/dotnet-shared-kernel/benchmarks/EricksonLopez.SharedKernel.Benchmarks/bin/Release/net10.0/EricksonLopez.SharedKernel.Benchmarks-.NET 9.0-3/BenchmarkDotNet.Autogenerated.csproj (in 176 ms).
  2 of 3 projects are up-to-date for restore.

// BenchmarkDotNet has failed to build the auto-generated boilerplate code.
// It can be found in /home/runner/work/dotnet-shared-kernel/dotnet-shared-kernel/benchmarks/EricksonLopez.SharedKernel.Benchmarks/bin/Release/net10.0/EricksonLopez.SharedKernel.Benchmarks-.NET 9.0-3
// Please follow the troubleshooting guide: https://benchmarkdotnet.org/articles/guides/troubleshooting.html

// ** Remained 34 (75.6 %) benchmark(s) to run. Estimated finish 2026-09-20 7:23 (0h 5m from now) **
// Build Error: Standard output: 
  
 Standard error: 
   Determining projects to restore...
/home/runner/work/dotnet-shared-kernel/dotnet-shared-kernel/benchmarks/EricksonLopez.SharedKernel.Benchmarks/bin/Release/net10.0/EricksonLopez.SharedKernel.Benchmarks-.NET 9.0-3/BenchmarkDotNet.Autogenerated.csproj : error NU1201: Project EricksonLopez.SharedKernel.Benchmarks is not compatible with net9.0 (.NETCoreApp,Version=v9.0). Project EricksonLopez.SharedKernel.Benchmarks supports: net10.0 (.NETCoreApp,Version=v10.0)
  Failed to restore /home/runner/work/dotnet-shared-kernel/dotnet-shared-kernel/benchmarks/EricksonLopez.SharedKernel.Benchmarks/bin/Release/net10.0/EricksonLopez.SharedKernel.Benchmarks-.NET 9.0-3/BenchmarkDotNet.Autogenerated.csproj (in 176 ms).
  2 of 3 projects are up-to-date for restore.

// BenchmarkDotNet has failed to build the auto-generated boilerplate code.
// It can be found in /home/runner/work/dotnet-shared-kernel/dotnet-shared-kernel/benchmarks/EricksonLopez.SharedKernel.Benchmarks/bin/Release/net10.0/EricksonLopez.SharedKernel.Benchmarks-.NET 9.0-3
// Please follow the troubleshooting guide: https://benchmarkdotnet.org/articles/guides/troubleshooting.html

// ** Remained 33 (73.3 %) benchmark(s) to run. Estimated finish 2026-09-20 7:22 (0h 4m from now) **
// ***** BenchmarkRunner: Finish  *****

// * Export *
  benchmarks/results/results/EricksonLopez.SharedKernel.Benchmarks.AggregateHydrationBenchmarks-report.csv
  benchmarks/results/results/EricksonLopez.SharedKernel.Benchmarks.AggregateHydrationBenchmarks-report-github.md
  benchmarks/results/results/EricksonLopez.SharedKernel.Benchmarks.AggregateHydrationBenchmarks-report.html
  benchmarks/results/results/EricksonLopez.SharedKernel.Benchmarks.AggregateHydrationBenchmarks-report-full-compressed.json
  benchmarks/results/results/EricksonLopez.SharedKernel.Benchmarks.AggregateHydrationBenchmarks-report-default.md

// * Detailed results *
AggregateHydrationBenchmarks.Ardalis_AggregateHydration_ZeroEvents: .NET 10.0(Runtime=.NET 10.0, Toolchain=net10.0)
Runtime = .NET 10.0.12 (10.0.12, 10.0.1226.42308), X64 RyuJIT x86-64-v4; GC = Concurrent Workstation
Mean = 8.730 ns, StdErr = 0.056 ns (0.65%), N = 24, StdDev = 0.276 ns
Min = 8.303 ns, Q1 = 8.523 ns, Median = 8.697 ns, Q3 = 8.918 ns, Max = 9.500 ns
IQR = 0.395 ns, LowerFence = 7.931 ns, UpperFence = 9.511 ns
ConfidenceInterval = [8.518 ns; 8.942 ns] (CI 99.9%), Margin = 0.212 ns (2.43% of Mean)
Skewness = 0.81, Kurtosis = 3.38, MValue = 2
-------------------- Histogram --------------------
[8.177 ns ; 8.441 ns) | @@
[8.441 ns ; 8.692 ns) | @@@@@@@@@@
[8.692 ns ; 9.037 ns) | @@@@@@@@@@
[9.037 ns ; 9.375 ns) | @
[9.375 ns ; 9.626 ns) | @
---------------------------------------------------

AggregateHydrationBenchmarks.EricksonLopez_AggregateHydration_ZeroEvents: .NET 10.0(Runtime=.NET 10.0, Toolchain=net10.0)
Runtime = .NET 10.0.12 (10.0.12, 10.0.1226.42308), X64 RyuJIT x86-64-v4; GC = Concurrent Workstation
Mean = 3.600 ns, StdErr = 0.019 ns (0.54%), N = 13, StdDev = 0.070 ns
Min = 3.486 ns, Q1 = 3.533 ns, Median = 3.635 ns, Q3 = 3.660 ns, Max = 3.677 ns
IQR = 0.126 ns, LowerFence = 3.344 ns, UpperFence = 3.849 ns
ConfidenceInterval = [3.516 ns; 3.684 ns] (CI 99.9%), Margin = 0.084 ns (2.34% of Mean)
Skewness = -0.39, Kurtosis = 1.37, MValue = 2
-------------------- Histogram --------------------
[3.484 ns ; 3.563 ns) | @@@@@
[3.563 ns ; 3.683 ns) | @@@@@@@@
---------------------------------------------------

AggregateHydrationBenchmarks.Ardalis_DrainEvents_WithEvents: .NET 10.0(Runtime=.NET 10.0, Toolchain=net10.0)
Runtime = .NET 10.0.12 (10.0.12, 10.0.1226.42308), X64 RyuJIT x86-64-v4; GC = Concurrent Workstation
Mean = 43.889 ns, StdErr = 0.231 ns (0.53%), N = 25, StdDev = 1.154 ns
Min = 42.206 ns, Q1 = 43.113 ns, Median = 43.716 ns, Q3 = 44.465 ns, Max = 46.415 ns
IQR = 1.352 ns, LowerFence = 41.084 ns, UpperFence = 46.494 ns
ConfidenceInterval = [43.024 ns; 44.754 ns] (CI 99.9%), Margin = 0.865 ns (1.97% of Mean)
Skewness = 0.7, Kurtosis = 2.71, MValue = 2
-------------------- Histogram --------------------
[41.688 ns ; 42.921 ns) | @@@@
[42.921 ns ; 43.958 ns) | @@@@@@@@@@@
[43.958 ns ; 45.124 ns) | @@@@@@@
[45.124 ns ; 46.705 ns) | @@@
---------------------------------------------------

AggregateHydrationBenchmarks.EricksonLopez_DrainEvents_WithEvents: .NET 10.0(Runtime=.NET 10.0, Toolchain=net10.0)
Runtime = .NET 10.0.12 (10.0.12, 10.0.1226.42308), X64 RyuJIT x86-64-v4; GC = Concurrent Workstation
Mean = 16.132 ns, StdErr = 0.036 ns (0.22%), N = 14, StdDev = 0.134 ns
Min = 15.890 ns, Q1 = 16.064 ns, Median = 16.133 ns, Q3 = 16.169 ns, Max = 16.377 ns
IQR = 0.105 ns, LowerFence = 15.906 ns, UpperFence = 16.327 ns
ConfidenceInterval = [15.981 ns; 16.283 ns] (CI 99.9%), Margin = 0.151 ns (0.94% of Mean)
Skewness = 0.16, Kurtosis = 2.22, MValue = 2
-------------------- Histogram --------------------
[15.817 ns ; 16.450 ns) | @@@@@@@@@@@@@@
---------------------------------------------------

AggregateHydrationBenchmarks.Ardalis_AggregateHydration_ZeroEvents: .NET 8.0(Runtime=.NET 8.0, Toolchain=net8.0)
Runtime = ; GC = 
There are not any results runs

AggregateHydrationBenchmarks.EricksonLopez_AggregateHydration_ZeroEvents: .NET 8.0(Runtime=.NET 8.0, Toolchain=net8.0)
Runtime = ; GC = 
There are not any results runs

AggregateHydrationBenchmarks.Ardalis_DrainEvents_WithEvents: .NET 8.0(Runtime=.NET 8.0, Toolchain=net8.0)
Runtime = ; GC = 
There are not any results runs

AggregateHydrationBenchmarks.EricksonLopez_DrainEvents_WithEvents: .NET 8.0(Runtime=.NET 8.0, Toolchain=net8.0)
Runtime = ; GC = 
There are not any results runs

AggregateHydrationBenchmarks.Ardalis_AggregateHydration_ZeroEvents: .NET 9.0(Runtime=.NET 9.0, Toolchain=net9.0)
Runtime = ; GC = 
There are not any results runs

AggregateHydrationBenchmarks.EricksonLopez_AggregateHydration_ZeroEvents: .NET 9.0(Runtime=.NET 9.0, Toolchain=net9.0)
Runtime = ; GC = 
There are not any results runs

AggregateHydrationBenchmarks.Ardalis_DrainEvents_WithEvents: .NET 9.0(Runtime=.NET 9.0, Toolchain=net9.0)
Runtime = ; GC = 
There are not any results runs

AggregateHydrationBenchmarks.EricksonLopez_DrainEvents_WithEvents: .NET 9.0(Runtime=.NET 9.0, Toolchain=net9.0)
Runtime = ; GC = 
There are not any results runs

// * Summary *

BenchmarkDotNet v0.15.8, Linux Ubuntu 24.04.5 LTS (Noble Numbat)
AMD EPYC 9V45 4.49GHz, 1 CPU, 4 logical and 2 physical cores
.NET SDK 10.0.401
  [Host]    : .NET 10.0.12 (10.0.12, 10.0.1226.42308), X64 RyuJIT x86-64-v4
  .NET 10.0 : .NET 10.0.12 (10.0.12, 10.0.1226.42308), X64 RyuJIT x86-64-v4


| Method                                      | Job       | Runtime   | Mean      | Error     | StdDev    | Ratio | RatioSD | Rank | Gen0   | Allocated | Alloc Ratio |
|-------------------------------------------- |---------- |---------- |----------:|----------:|----------:|------:|--------:|-----:|-------:|----------:|------------:|
| Ardalis_AggregateHydration_ZeroEvents       | .NET 10.0 | .NET 10.0 |  8.730 ns | 0.2122 ns | 0.2759 ns |     ? |       ? |    2 | 0.0043 |      72 B |           ? |
| EricksonLopez_AggregateHydration_ZeroEvents | .NET 10.0 | .NET 10.0 |  3.600 ns | 0.0841 ns | 0.0703 ns |     ? |       ? |    1 | 0.0024 |      40 B |           ? |
| Ardalis_DrainEvents_WithEvents              | .NET 10.0 | .NET 10.0 | 43.889 ns | 0.8647 ns | 1.1543 ns |     ? |       ? |    4 | 0.0119 |     200 B |           ? |
| EricksonLopez_DrainEvents_WithEvents        | .NET 10.0 | .NET 10.0 | 16.132 ns | 0.1512 ns | 0.1340 ns |     ? |       ? |    3 | 0.0067 |     112 B |           ? |
| Ardalis_AggregateHydration_ZeroEvents       | .NET 8.0  | .NET 8.0  |        NA |        NA |        NA |     ? |       ? |    ? |     NA |        NA |           ? |
| EricksonLopez_AggregateHydration_ZeroEvents | .NET 8.0  | .NET 8.0  |        NA |        NA |        NA |     ? |       ? |    ? |     NA |        NA |           ? |
| Ardalis_DrainEvents_WithEvents              | .NET 8.0  | .NET 8.0  |        NA |        NA |        NA |     ? |       ? |    ? |     NA |        NA |           ? |
| EricksonLopez_DrainEvents_WithEvents        | .NET 8.0  | .NET 8.0  |        NA |        NA |        NA |     ? |       ? |    ? |     NA |        NA |           ? |
| Ardalis_AggregateHydration_ZeroEvents       | .NET 9.0  | .NET 9.0  |        NA |        NA |        NA |     ? |       ? |    ? |     NA |        NA |           ? |
| EricksonLopez_AggregateHydration_ZeroEvents | .NET 9.0  | .NET 9.0  |        NA |        NA |        NA |     ? |       ? |    ? |     NA |        NA |           ? |
| Ardalis_DrainEvents_WithEvents              | .NET 9.0  | .NET 9.0  |        NA |        NA |        NA |     ? |       ? |    ? |     NA |        NA |           ? |
| EricksonLopez_DrainEvents_WithEvents        | .NET 9.0  | .NET 9.0  |        NA |        NA |        NA |     ? |       ? |    ? |     NA |        NA |           ? |

Benchmarks with issues:
  AggregateHydrationBenchmarks.Ardalis_AggregateHydration_ZeroEvents: .NET 8.0(Runtime=.NET 8.0, Toolchain=net8.0)
  AggregateHydrationBenchmarks.EricksonLopez_AggregateHydration_ZeroEvents: .NET 8.0(Runtime=.NET 8.0, Toolchain=net8.0)
  AggregateHydrationBenchmarks.Ardalis_DrainEvents_WithEvents: .NET 8.0(Runtime=.NET 8.0, Toolchain=net8.0)
  AggregateHydrationBenchmarks.EricksonLopez_DrainEvents_WithEvents: .NET 8.0(Runtime=.NET 8.0, Toolchain=net8.0)
  AggregateHydrationBenchmarks.Ardalis_AggregateHydration_ZeroEvents: .NET 9.0(Runtime=.NET 9.0, Toolchain=net9.0)
  AggregateHydrationBenchmarks.EricksonLopez_AggregateHydration_ZeroEvents: .NET 9.0(Runtime=.NET 9.0, Toolchain=net9.0)
  AggregateHydrationBenchmarks.Ardalis_DrainEvents_WithEvents: .NET 9.0(Runtime=.NET 9.0, Toolchain=net9.0)
  AggregateHydrationBenchmarks.EricksonLopez_DrainEvents_WithEvents: .NET 9.0(Runtime=.NET 9.0, Toolchain=net9.0)

// * Warnings *
BaselineCustomAnalyzer
  Summary -> A question mark '?' symbol indicates that it was not possible to compute the (Ratio, RatioSD, Alloc Ratio) column(s) because the baseline or benchmark could not be found, or the baseline value is too close to zero.

// * Hints *
Outliers
  AggregateHydrationBenchmarks.EricksonLopez_AggregateHydration_ZeroEvents: .NET 10.0 -> 2 outliers were removed (6.10 ns, 6.35 ns)
  AggregateHydrationBenchmarks.Ardalis_DrainEvents_WithEvents: .NET 10.0              -> 1 outlier  was  removed (48.29 ns)
  AggregateHydrationBenchmarks.EricksonLopez_DrainEvents_WithEvents: .NET 10.0        -> 1 outlier  was  removed (17.95 ns)

// * Legends *
  Mean        : Arithmetic mean of all measurements
  Error       : Half of 99.9% confidence interval
  StdDev      : Standard deviation of all measurements
  Ratio       : Mean of the ratio distribution ([Current]/[Baseline])
  RatioSD     : Standard deviation of the ratio distribution ([Current]/[Baseline])
  Rank        : Relative position of current benchmark mean among all benchmarks (Arabic style)
  Gen0        : GC Generation 0 collects per 1000 operations
  Allocated   : Allocated memory per single operation (managed only, inclusive, 1KB = 1024B)
  Alloc Ratio : Allocated memory ratio distribution ([Current]/[Baseline])
  1 ns        : 1 Nanosecond (0.000000001 sec)

// * Diagnostic Output - MemoryDiagnoser *


// ***** BenchmarkRunner: End *****
Run time: 00:01:46 (106.46 sec), executed benchmarks: 4

// Found 12 benchmarks:
//   EntityComparisonBenchmarks.Ardalis_EntityEquality_SameId: .NET 10.0(Runtime=.NET 10.0, Toolchain=net10.0)
//   EntityComparisonBenchmarks.EricksonLopez_EntityEquality_SameId: .NET 10.0(Runtime=.NET 10.0, Toolchain=net10.0)
//   EntityComparisonBenchmarks.Ardalis_EntityEquality_DifferentId: .NET 10.0(Runtime=.NET 10.0, Toolchain=net10.0)
//   EntityComparisonBenchmarks.EricksonLopez_EntityEquality_DifferentId: .NET 10.0(Runtime=.NET 10.0, Toolchain=net10.0)
//   EntityComparisonBenchmarks.Ardalis_EntityEquality_SameId: .NET 8.0(Runtime=.NET 8.0, Toolchain=net8.0)
//   EntityComparisonBenchmarks.EricksonLopez_EntityEquality_SameId: .NET 8.0(Runtime=.NET 8.0, Toolchain=net8.0)
//   EntityComparisonBenchmarks.Ardalis_EntityEquality_DifferentId: .NET 8.0(Runtime=.NET 8.0, Toolchain=net8.0)
//   EntityComparisonBenchmarks.EricksonLopez_EntityEquality_DifferentId: .NET 8.0(Runtime=.NET 8.0, Toolchain=net8.0)
//   EntityComparisonBenchmarks.Ardalis_EntityEquality_SameId: .NET 9.0(Runtime=.NET 9.0, Toolchain=net9.0)
//   EntityComparisonBenchmarks.EricksonLopez_EntityEquality_SameId: .NET 9.0(Runtime=.NET 9.0, Toolchain=net9.0)
//   EntityComparisonBenchmarks.Ardalis_EntityEquality_DifferentId: .NET 9.0(Runtime=.NET 9.0, Toolchain=net9.0)
//   EntityComparisonBenchmarks.EricksonLopez_EntityEquality_DifferentId: .NET 9.0(Runtime=.NET 9.0, Toolchain=net9.0)

// **************************
// Benchmark: EntityComparisonBenchmarks.Ardalis_EntityEquality_SameId: .NET 10.0(Runtime=.NET 10.0, Toolchain=net10.0)
// *** Execute ***
// Launch: 1 / 1
// Execute: dotnet "EricksonLopez.SharedKernel.Benchmarks-.NET 10.0-1.dll" --anonymousPipes 121 122 --benchmarkName EricksonLopez.SharedKernel.Benchmarks.EntityComparisonBenchmarks.Ardalis_EntityEquality_SameId --job ".NET 10.0" --benchmarkId 4 in /home/runner/work/dotnet-shared-kernel/dotnet-shared-kernel/benchmarks/EricksonLopez.SharedKernel.Benchmarks/bin/Release/net10.0/EricksonLopez.SharedKernel.Benchmarks-.NET 10.0-1/bin/Release/net10.0
// Failed to set up high priority (Permission denied). In order to run benchmarks with high priority, make sure you have the right permissions.
// BeforeAnythingElse

// Benchmark Process Environment Information:
// BenchmarkDotNet v0.15.8
// Runtime=.NET 10.0.12 (10.0.12, 10.0.1226.42308), X64 RyuJIT x86-64-v4
// GC=Concurrent Workstation
// HardwareIntrinsics=AVX512 BITALG+VBMI2+VNNI+VPOPCNTDQ,AVX512 IFMA+VBMI,AVX512 F+BW+CD+DQ+VL,AVX2+BMI1+BMI2+F16C+FMA+LZCNT+MOVBE,AVX,SSE3+SSSE3+SSE4.1+SSE4.2+POPCNT,X86Base+SSE+SSE2,AES+PCLMUL,AvxVnni VectorSize=256
// Job: .NET 10.0

OverheadJitting  1: 1 op, 149615.00 ns, 149.6150 us/op
WorkloadJitting  1: 1 op, 214803.00 ns, 214.8030 us/op

OverheadJitting  2: 16 op, 268855.00 ns, 16.8034 us/op
WorkloadJitting  2: 16 op, 231619.00 ns, 14.4762 us/op

WorkloadPilot    1: 16 op, 611.00 ns, 38.1875 ns/op
WorkloadPilot    2: 32 op, 711.00 ns, 22.2188 ns/op
WorkloadPilot    3: 64 op, 992.00 ns, 15.5000 ns/op
WorkloadPilot    4: 128 op, 1772.00 ns, 13.8438 ns/op
WorkloadPilot    5: 256 op, 3515.00 ns, 13.7305 ns/op
WorkloadPilot    6: 512 op, 6931.00 ns, 13.5371 ns/op
WorkloadPilot    7: 1024 op, 13741.00 ns, 13.4189 ns/op
WorkloadPilot    8: 2048 op, 27421.00 ns, 13.3892 ns/op
WorkloadPilot    9: 4096 op, 54923.00 ns, 13.4089 ns/op
WorkloadPilot   10: 8192 op, 109815.00 ns, 13.4052 ns/op
WorkloadPilot   11: 16384 op, 226311.00 ns, 13.8129 ns/op
WorkloadPilot   12: 32768 op, 458330.00 ns, 13.9871 ns/op
WorkloadPilot   13: 65536 op, 893866.00 ns, 13.6393 ns/op
WorkloadPilot   14: 131072 op, 1774321.00 ns, 13.5370 ns/op
WorkloadPilot   15: 262144 op, 3571246.00 ns, 13.6232 ns/op
WorkloadPilot   16: 524288 op, 7114280.00 ns, 13.5694 ns/op
WorkloadPilot   17: 1048576 op, 14126086.00 ns, 13.4717 ns/op
WorkloadPilot   18: 2097152 op, 28669780.00 ns, 13.6708 ns/op
WorkloadPilot   19: 4194304 op, 56684664.00 ns, 13.5147 ns/op
WorkloadPilot   20: 8388608 op, 28983052.00 ns, 3.4550 ns/op
WorkloadPilot   21: 16777216 op, 24654286.00 ns, 1.4695 ns/op
WorkloadPilot   22: 33554432 op, 43461648.00 ns, 1.2953 ns/op
WorkloadPilot   23: 67108864 op, 85495988.00 ns, 1.2740 ns/op
WorkloadPilot   24: 134217728 op, 159741679.00 ns, 1.1902 ns/op
WorkloadPilot   25: 268435456 op, 322789745.00 ns, 1.2025 ns/op
WorkloadPilot   26: 536870912 op, 643917849.00 ns, 1.1994 ns/op

OverheadWarmup   1: 536870912 op, 843512023.00 ns, 1.5712 ns/op
OverheadWarmup   2: 536870912 op, 655764523.00 ns, 1.2215 ns/op
OverheadWarmup   3: 536870912 op, 634314242.00 ns, 1.1815 ns/op
OverheadWarmup   4: 536870912 op, 630587601.00 ns, 1.1746 ns/op
OverheadWarmup   5: 536870912 op, 631676741.00 ns, 1.1766 ns/op
OverheadWarmup   6: 536870912 op, 617039385.00 ns, 1.1493 ns/op
OverheadWarmup   7: 536870912 op, 641569344.00 ns, 1.1950 ns/op
OverheadWarmup   8: 536870912 op, 615326316.00 ns, 1.1461 ns/op

OverheadActual   1: 536870912 op, 618501454.00 ns, 1.1520 ns/op
OverheadActual   2: 536870912 op, 616640984.00 ns, 1.1486 ns/op
OverheadActual   3: 536870912 op, 630701635.00 ns, 1.1748 ns/op
OverheadActual   4: 536870912 op, 637051238.00 ns, 1.1866 ns/op
OverheadActual   5: 536870912 op, 642552043.00 ns, 1.1968 ns/op
OverheadActual   6: 536870912 op, 642186453.00 ns, 1.1962 ns/op
OverheadActual   7: 536870912 op, 641610445.00 ns, 1.1951 ns/op
OverheadActual   8: 536870912 op, 642615749.00 ns, 1.1970 ns/op
OverheadActual   9: 536870912 op, 640361323.00 ns, 1.1928 ns/op
OverheadActual  10: 536870912 op, 635749657.00 ns, 1.1842 ns/op
OverheadActual  11: 536870912 op, 639901411.00 ns, 1.1919 ns/op
OverheadActual  12: 536870912 op, 641150472.00 ns, 1.1942 ns/op
OverheadActual  13: 536870912 op, 636065714.00 ns, 1.1848 ns/op
OverheadActual  14: 536870912 op, 625029711.00 ns, 1.1642 ns/op
OverheadActual  15: 536870912 op, 624247120.00 ns, 1.1628 ns/op

WorkloadWarmup   1: 536870912 op, 628459213.00 ns, 1.1706 ns/op
WorkloadWarmup   2: 536870912 op, 649857892.00 ns, 1.2105 ns/op
WorkloadWarmup   3: 536870912 op, 633769080.00 ns, 1.1805 ns/op
WorkloadWarmup   4: 536870912 op, 629561834.00 ns, 1.1727 ns/op
WorkloadWarmup   5: 536870912 op, 634433581.00 ns, 1.1817 ns/op
WorkloadWarmup   6: 536870912 op, 645265616.00 ns, 1.2019 ns/op
WorkloadWarmup   7: 536870912 op, 637263033.00 ns, 1.1870 ns/op

// BeforeActualRun
WorkloadActual   1: 536870912 op, 633794298.00 ns, 1.1805 ns/op
WorkloadActual   2: 536870912 op, 639244677.00 ns, 1.1907 ns/op
WorkloadActual   3: 536870912 op, 640974352.00 ns, 1.1939 ns/op
WorkloadActual   4: 536870912 op, 638564813.00 ns, 1.1894 ns/op
WorkloadActual   5: 536870912 op, 638241702.00 ns, 1.1888 ns/op
WorkloadActual   6: 536870912 op, 614269083.00 ns, 1.1442 ns/op
WorkloadActual   7: 536870912 op, 641804227.00 ns, 1.1955 ns/op
WorkloadActual   8: 536870912 op, 638742656.00 ns, 1.1898 ns/op
WorkloadActual   9: 536870912 op, 638285557.00 ns, 1.1889 ns/op
WorkloadActual  10: 536870912 op, 638806102.00 ns, 1.1899 ns/op
WorkloadActual  11: 536870912 op, 635877331.00 ns, 1.1844 ns/op
WorkloadActual  12: 536870912 op, 625901377.00 ns, 1.1658 ns/op
WorkloadActual  13: 536870912 op, 631394649.00 ns, 1.1761 ns/op
WorkloadActual  14: 536870912 op, 633713011.00 ns, 1.1804 ns/op
WorkloadActual  15: 536870912 op, 647753886.00 ns, 1.2065 ns/op

// AfterActualRun
WorkloadResult   1: 536870912 op, 0.00 ns, 0.0000 ns/op
WorkloadResult   2: 536870912 op, 2193439.00 ns, 0.0041 ns/op
WorkloadResult   3: 536870912 op, 3923114.00 ns, 0.0073 ns/op
WorkloadResult   4: 536870912 op, 1513575.00 ns, 0.0028 ns/op
WorkloadResult   5: 536870912 op, 1190464.00 ns, 0.0022 ns/op
WorkloadResult   6: 536870912 op, 0.00 ns, 0.0000 ns/op
WorkloadResult   7: 536870912 op, 4752989.00 ns, 0.0089 ns/op
WorkloadResult   8: 536870912 op, 1691418.00 ns, 0.0032 ns/op
WorkloadResult   9: 536870912 op, 1234319.00 ns, 0.0023 ns/op
WorkloadResult  10: 536870912 op, 1754864.00 ns, 0.0033 ns/op
WorkloadResult  11: 536870912 op, 0.00 ns, 0.0000 ns/op
WorkloadResult  12: 536870912 op, 0.00 ns, 0.0000 ns/op
WorkloadResult  13: 536870912 op, 0.00 ns, 0.0000 ns/op
WorkloadResult  14: 536870912 op, 0.00 ns, 0.0000 ns/op
// GC:  0 0 0 0 536870912
// Threading:  0 0 536870912

// AfterAll
// Benchmark Process 4057 has exited with code 0.

Mean = 0.002 ns, StdErr = 0.001 ns (31.22%), N = 14, StdDev = 0.003 ns
Min = 0.000 ns, Q1 = 0.000 ns, Median = 0.002 ns, Q3 = 0.003 ns, Max = 0.009 ns
IQR = 0.003 ns, LowerFence = -0.005 ns, UpperFence = 0.008 ns
ConfidenceInterval = [-0.001 ns; 0.006 ns] (CI 99.9%), Margin = 0.003 ns (131.79% of Mean)
Skewness = 0.94, Kurtosis = 2.74, MValue = 2.25

// ** Remained 32 (71.1 %) benchmark(s) to run. Estimated finish 2026-09-20 7:23 (0h 5m from now) **
// **************************
// Benchmark: EntityComparisonBenchmarks.EricksonLopez_EntityEquality_SameId: .NET 10.0(Runtime=.NET 10.0, Toolchain=net10.0)
// *** Execute ***
// Launch: 1 / 1
// Execute: dotnet "EricksonLopez.SharedKernel.Benchmarks-.NET 10.0-1.dll" --anonymousPipes 121 122 --benchmarkName EricksonLopez.SharedKernel.Benchmarks.EntityComparisonBenchmarks.EricksonLopez_EntityEquality_SameId --job ".NET 10.0" --benchmarkId 5 in /home/runner/work/dotnet-shared-kernel/dotnet-shared-kernel/benchmarks/EricksonLopez.SharedKernel.Benchmarks/bin/Release/net10.0/EricksonLopez.SharedKernel.Benchmarks-.NET 10.0-1/bin/Release/net10.0
// Failed to set up high priority (Permission denied). In order to run benchmarks with high priority, make sure you have the right permissions.
// BeforeAnythingElse

// Benchmark Process Environment Information:
// BenchmarkDotNet v0.15.8
// Runtime=.NET 10.0.12 (10.0.12, 10.0.1226.42308), X64 RyuJIT x86-64-v4
// GC=Concurrent Workstation
// HardwareIntrinsics=AVX512 BITALG+VBMI2+VNNI+VPOPCNTDQ,AVX512 IFMA+VBMI,AVX512 F+BW+CD+DQ+VL,AVX2+BMI1+BMI2+F16C+FMA+LZCNT+MOVBE,AVX,SSE3+SSSE3+SSE4.1+SSE4.2+POPCNT,X86Base+SSE+SSE2,AES+PCLMUL,AvxVnni VectorSize=256
// Job: .NET 10.0

OverheadJitting  1: 1 op, 146481.00 ns, 146.4810 us/op
WorkloadJitting  1: 1 op, 250056.00 ns, 250.0560 us/op

OverheadJitting  2: 16 op, 282104.00 ns, 17.6315 us/op
WorkloadJitting  2: 16 op, 227092.00 ns, 14.1933 us/op

WorkloadPilot    1: 16 op, 2624.00 ns, 164.0000 ns/op
WorkloadPilot    2: 32 op, 2634.00 ns, 82.3125 ns/op
WorkloadPilot    3: 64 op, 2744.00 ns, 42.8750 ns/op
WorkloadPilot    4: 128 op, 2003.00 ns, 15.6484 ns/op
WorkloadPilot    5: 256 op, 6320.00 ns, 24.6875 ns/op
WorkloadPilot    6: 512 op, 7261.00 ns, 14.1816 ns/op
WorkloadPilot    7: 1024 op, 14282.00 ns, 13.9473 ns/op
WorkloadPilot    8: 2048 op, 32448.00 ns, 15.8438 ns/op
WorkloadPilot    9: 4096 op, 61032.00 ns, 14.9004 ns/op
WorkloadPilot   10: 8192 op, 115383.00 ns, 14.0848 ns/op
WorkloadPilot   11: 16384 op, 243466.00 ns, 14.8600 ns/op
WorkloadPilot   12: 32768 op, 452732.00 ns, 13.8163 ns/op
WorkloadPilot   13: 65536 op, 917122.00 ns, 13.9942 ns/op
WorkloadPilot   14: 131072 op, 1841964.00 ns, 14.0531 ns/op
WorkloadPilot   15: 262144 op, 3655355.00 ns, 13.9441 ns/op
WorkloadPilot   16: 524288 op, 7279173.00 ns, 13.8839 ns/op
WorkloadPilot   17: 1048576 op, 14496833.00 ns, 13.8253 ns/op
WorkloadPilot   18: 2097152 op, 28708035.00 ns, 13.6891 ns/op
WorkloadPilot   19: 4194304 op, 57981381.00 ns, 13.8238 ns/op
WorkloadPilot   20: 8388608 op, 27379134.00 ns, 3.2638 ns/op
WorkloadPilot   21: 16777216 op, 23125136.00 ns, 1.3784 ns/op
WorkloadPilot   22: 33554432 op, 40711192.00 ns, 1.2133 ns/op
WorkloadPilot   23: 67108864 op, 81354280.00 ns, 1.2123 ns/op
WorkloadPilot   24: 134217728 op, 162600118.00 ns, 1.2115 ns/op
WorkloadPilot   25: 268435456 op, 327734731.00 ns, 1.2209 ns/op
WorkloadPilot   26: 536870912 op, 633548059.00 ns, 1.1801 ns/op

OverheadWarmup   1: 536870912 op, 825962684.00 ns, 1.5385 ns/op
OverheadWarmup   2: 536870912 op, 735329402.00 ns, 1.3697 ns/op
OverheadWarmup   3: 536870912 op, 707357735.00 ns, 1.3176 ns/op
OverheadWarmup   4: 536870912 op, 682237560.00 ns, 1.2708 ns/op
OverheadWarmup   5: 536870912 op, 682196669.00 ns, 1.2707 ns/op
OverheadWarmup   6: 536870912 op, 689860621.00 ns, 1.2850 ns/op
OverheadWarmup   7: 536870912 op, 717143792.00 ns, 1.3358 ns/op
OverheadWarmup   8: 536870912 op, 687260475.00 ns, 1.2801 ns/op
OverheadWarmup   9: 536870912 op, 670322085.00 ns, 1.2486 ns/op
OverheadWarmup  10: 536870912 op, 691752501.00 ns, 1.2885 ns/op

OverheadActual   1: 536870912 op, 642512712.00 ns, 1.1968 ns/op
OverheadActual   2: 536870912 op, 631432404.00 ns, 1.1761 ns/op
OverheadActual   3: 536870912 op, 634455838.00 ns, 1.1818 ns/op
OverheadActual   4: 536870912 op, 636960520.00 ns, 1.1864 ns/op
OverheadActual   5: 536870912 op, 655954357.00 ns, 1.2218 ns/op
OverheadActual   6: 536870912 op, 633221840.00 ns, 1.1795 ns/op
OverheadActual   7: 536870912 op, 634016526.00 ns, 1.1809 ns/op
OverheadActual   8: 536870912 op, 624307464.00 ns, 1.1629 ns/op
OverheadActual   9: 536870912 op, 636893669.00 ns, 1.1863 ns/op
OverheadActual  10: 536870912 op, 619687446.00 ns, 1.1543 ns/op
OverheadActual  11: 536870912 op, 620224284.00 ns, 1.1553 ns/op
OverheadActual  12: 536870912 op, 626075216.00 ns, 1.1662 ns/op
OverheadActual  13: 536870912 op, 608550192.00 ns, 1.1335 ns/op
OverheadActual  14: 536870912 op, 622154387.00 ns, 1.1589 ns/op
OverheadActual  15: 536870912 op, 629724660.00 ns, 1.1730 ns/op

WorkloadWarmup   1: 536870912 op, 645057846.00 ns, 1.2015 ns/op
WorkloadWarmup   2: 536870912 op, 646764006.00 ns, 1.2047 ns/op
WorkloadWarmup   3: 536870912 op, 648220210.00 ns, 1.2074 ns/op
WorkloadWarmup   4: 536870912 op, 678594894.00 ns, 1.2640 ns/op
WorkloadWarmup   5: 536870912 op, 648688465.00 ns, 1.2083 ns/op
WorkloadWarmup   6: 536870912 op, 653447514.00 ns, 1.2171 ns/op
WorkloadWarmup   7: 536870912 op, 660566818.00 ns, 1.2304 ns/op
WorkloadWarmup   8: 536870912 op, 662106187.00 ns, 1.2333 ns/op
WorkloadWarmup   9: 536870912 op, 674870764.00 ns, 1.2570 ns/op
WorkloadWarmup  10: 536870912 op, 645560624.00 ns, 1.2025 ns/op

// BeforeActualRun
WorkloadActual   1: 536870912 op, 652485169.00 ns, 1.2153 ns/op
WorkloadActual   2: 536870912 op, 651029447.00 ns, 1.2126 ns/op
WorkloadActual   3: 536870912 op, 665743489.00 ns, 1.2400 ns/op
WorkloadActual   4: 536870912 op, 666053075.00 ns, 1.2406 ns/op
WorkloadActual   5: 536870912 op, 665587504.00 ns, 1.2398 ns/op
WorkloadActual   6: 536870912 op, 663962557.00 ns, 1.2367 ns/op
WorkloadActual   7: 536870912 op, 665946635.00 ns, 1.2404 ns/op
WorkloadActual   8: 536870912 op, 651987650.00 ns, 1.2144 ns/op
WorkloadActual   9: 536870912 op, 648651926.00 ns, 1.2082 ns/op
WorkloadActual  10: 536870912 op, 656548219.00 ns, 1.2229 ns/op
WorkloadActual  11: 536870912 op, 654196367.00 ns, 1.2185 ns/op
WorkloadActual  12: 536870912 op, 645031403.00 ns, 1.2015 ns/op
WorkloadActual  13: 536870912 op, 647028020.00 ns, 1.2052 ns/op
WorkloadActual  14: 536870912 op, 644450648.00 ns, 1.2004 ns/op
WorkloadActual  15: 536870912 op, 648353076.00 ns, 1.2077 ns/op

// AfterActualRun
WorkloadResult   1: 536870912 op, 21052765.00 ns, 0.0392 ns/op
WorkloadResult   2: 536870912 op, 19597043.00 ns, 0.0365 ns/op
WorkloadResult   3: 536870912 op, 34311085.00 ns, 0.0639 ns/op
WorkloadResult   4: 536870912 op, 34620671.00 ns, 0.0645 ns/op
WorkloadResult   5: 536870912 op, 34155100.00 ns, 0.0636 ns/op
WorkloadResult   6: 536870912 op, 32530153.00 ns, 0.0606 ns/op
WorkloadResult   7: 536870912 op, 34514231.00 ns, 0.0643 ns/op
WorkloadResult   8: 536870912 op, 20555246.00 ns, 0.0383 ns/op
WorkloadResult   9: 536870912 op, 17219522.00 ns, 0.0321 ns/op
WorkloadResult  10: 536870912 op, 25115815.00 ns, 0.0468 ns/op
WorkloadResult  11: 536870912 op, 22763963.00 ns, 0.0424 ns/op
WorkloadResult  12: 536870912 op, 13598999.00 ns, 0.0253 ns/op
WorkloadResult  13: 536870912 op, 15595616.00 ns, 0.0290 ns/op
WorkloadResult  14: 536870912 op, 13018244.00 ns, 0.0242 ns/op
WorkloadResult  15: 536870912 op, 16920672.00 ns, 0.0315 ns/op
// GC:  0 0 0 0 536870912
// Threading:  0 0 536870912

// AfterAll
// Benchmark Process 4078 has exited with code 0.

Mean = 0.044 ns, StdErr = 0.004 ns (8.94%), N = 15, StdDev = 0.015 ns
Min = 0.024 ns, Q1 = 0.032 ns, Median = 0.039 ns, Q3 = 0.062 ns, Max = 0.064 ns
IQR = 0.030 ns, LowerFence = -0.014 ns, UpperFence = 0.108 ns
ConfidenceInterval = [0.028 ns; 0.060 ns] (CI 99.9%), Margin = 0.016 ns (37.00% of Mean)
Skewness = 0.25, Kurtosis = 1.33, MValue = 2.75

// ** Remained 31 (68.9 %) benchmark(s) to run. Estimated finish 2026-09-20 7:25 (0h 6m from now) **
// **************************
// Benchmark: EntityComparisonBenchmarks.Ardalis_EntityEquality_DifferentId: .NET 10.0(Runtime=.NET 10.0, Toolchain=net10.0)
// *** Execute ***
// Launch: 1 / 1
// Execute: dotnet "EricksonLopez.SharedKernel.Benchmarks-.NET 10.0-1.dll" --anonymousPipes 121 122 --benchmarkName EricksonLopez.SharedKernel.Benchmarks.EntityComparisonBenchmarks.Ardalis_EntityEquality_DifferentId --job ".NET 10.0" --benchmarkId 6 in /home/runner/work/dotnet-shared-kernel/dotnet-shared-kernel/benchmarks/EricksonLopez.SharedKernel.Benchmarks/bin/Release/net10.0/EricksonLopez.SharedKernel.Benchmarks-.NET 10.0-1/bin/Release/net10.0
// Failed to set up high priority (Permission denied). In order to run benchmarks with high priority, make sure you have the right permissions.
// BeforeAnythingElse

// Benchmark Process Environment Information:
// BenchmarkDotNet v0.15.8
// Runtime=.NET 10.0.12 (10.0.12, 10.0.1226.42308), X64 RyuJIT x86-64-v4
// GC=Concurrent Workstation
// HardwareIntrinsics=AVX512 BITALG+VBMI2+VNNI+VPOPCNTDQ,AVX512 IFMA+VBMI,AVX512 F+BW+CD+DQ+VL,AVX2+BMI1+BMI2+F16C+FMA+LZCNT+MOVBE,AVX,SSE3+SSSE3+SSE4.1+SSE4.2+POPCNT,X86Base+SSE+SSE2,AES+PCLMUL,AvxVnni VectorSize=256
// Job: .NET 10.0

OverheadJitting  1: 1 op, 142284.00 ns, 142.2840 us/op
WorkloadJitting  1: 1 op, 210538.00 ns, 210.5380 us/op

OverheadJitting  2: 16 op, 263597.00 ns, 16.4748 us/op
WorkloadJitting  2: 16 op, 283127.00 ns, 17.6954 us/op

WorkloadPilot    1: 16 op, 601.00 ns, 37.5625 ns/op
WorkloadPilot    2: 32 op, 671.00 ns, 20.9688 ns/op
WorkloadPilot    3: 64 op, 2944.00 ns, 46.0000 ns/op
WorkloadPilot    4: 128 op, 1853.00 ns, 14.4766 ns/op
WorkloadPilot    5: 256 op, 3506.00 ns, 13.6953 ns/op
WorkloadPilot    6: 512 op, 7752.00 ns, 15.1406 ns/op
WorkloadPilot    7: 1024 op, 16405.00 ns, 16.0205 ns/op
WorkloadPilot    8: 2048 op, 27772.00 ns, 13.5605 ns/op
WorkloadPilot    9: 4096 op, 57798.00 ns, 14.1108 ns/op
WorkloadPilot   10: 8192 op, 113100.00 ns, 13.8062 ns/op
WorkloadPilot   11: 16384 op, 221524.00 ns, 13.5208 ns/op
WorkloadPilot   12: 32768 op, 445852.00 ns, 13.6063 ns/op
WorkloadPilot   13: 65536 op, 900156.00 ns, 13.7353 ns/op
WorkloadPilot   14: 131072 op, 1796836.00 ns, 13.7088 ns/op
WorkloadPilot   15: 262144 op, 3606221.00 ns, 13.7566 ns/op
WorkloadPilot   16: 524288 op, 7189699.00 ns, 13.7133 ns/op
WorkloadPilot   17: 1048576 op, 14321040.00 ns, 13.6576 ns/op
WorkloadPilot   18: 2097152 op, 28831535.00 ns, 13.7479 ns/op
WorkloadPilot   19: 4194304 op, 57608558.00 ns, 13.7350 ns/op
WorkloadPilot   20: 8388608 op, 27339147.00 ns, 3.2591 ns/op
WorkloadPilot   21: 16777216 op, 24751169.00 ns, 1.4753 ns/op
WorkloadPilot   22: 33554432 op, 45190234.00 ns, 1.3468 ns/op
WorkloadPilot   23: 67108864 op, 89271608.00 ns, 1.3303 ns/op
WorkloadPilot   24: 134217728 op, 166278342.00 ns, 1.2389 ns/op
WorkloadPilot   25: 268435456 op, 335354659.00 ns, 1.2493 ns/op
WorkloadPilot   26: 536870912 op, 669780348.00 ns, 1.2476 ns/op

OverheadWarmup   1: 536870912 op, 853981005.00 ns, 1.5907 ns/op
OverheadWarmup   2: 536870912 op, 769083665.00 ns, 1.4325 ns/op
OverheadWarmup   3: 536870912 op, 677233564.00 ns, 1.2614 ns/op
OverheadWarmup   4: 536870912 op, 661372224.00 ns, 1.2319 ns/op
OverheadWarmup   5: 536870912 op, 637305376.00 ns, 1.1871 ns/op
OverheadWarmup   6: 536870912 op, 633835575.00 ns, 1.1806 ns/op
OverheadWarmup   7: 536870912 op, 642360096.00 ns, 1.1965 ns/op
OverheadWarmup   8: 536870912 op, 642267257.00 ns, 1.1963 ns/op
OverheadWarmup   9: 536870912 op, 662272479.00 ns, 1.2336 ns/op
OverheadWarmup  10: 536870912 op, 649663648.00 ns, 1.2101 ns/op

OverheadActual   1: 536870912 op, 649989519.00 ns, 1.2107 ns/op
OverheadActual   2: 536870912 op, 654526762.00 ns, 1.2192 ns/op
OverheadActual   3: 536870912 op, 653537923.00 ns, 1.2173 ns/op
OverheadActual   4: 536870912 op, 653637523.00 ns, 1.2175 ns/op
OverheadActual   5: 536870912 op, 665174420.00 ns, 1.2390 ns/op
OverheadActual   6: 536870912 op, 650889413.00 ns, 1.2124 ns/op
OverheadActual   7: 536870912 op, 648553956.00 ns, 1.2080 ns/op
OverheadActual   8: 536870912 op, 646479171.00 ns, 1.2042 ns/op
OverheadActual   9: 536870912 op, 644796537.00 ns, 1.2010 ns/op
OverheadActual  10: 536870912 op, 650057360.00 ns, 1.2108 ns/op
OverheadActual  11: 536870912 op, 645123770.00 ns, 1.2016 ns/op
OverheadActual  12: 536870912 op, 645199243.00 ns, 1.2018 ns/op
OverheadActual  13: 536870912 op, 646773404.00 ns, 1.2047 ns/op
OverheadActual  14: 536870912 op, 645652075.00 ns, 1.2026 ns/op
OverheadActual  15: 536870912 op, 644598128.00 ns, 1.2007 ns/op

WorkloadWarmup   1: 536870912 op, 670953280.00 ns, 1.2497 ns/op
WorkloadWarmup   2: 536870912 op, 671447434.00 ns, 1.2507 ns/op
WorkloadWarmup   3: 536870912 op, 675889369.00 ns, 1.2589 ns/op
WorkloadWarmup   4: 536870912 op, 668351972.00 ns, 1.2449 ns/op
WorkloadWarmup   5: 536870912 op, 668741970.00 ns, 1.2456 ns/op
WorkloadWarmup   6: 536870912 op, 670698099.00 ns, 1.2493 ns/op
WorkloadWarmup   7: 536870912 op, 667466685.00 ns, 1.2433 ns/op

// BeforeActualRun
WorkloadActual   1: 536870912 op, 669487618.00 ns, 1.2470 ns/op
WorkloadActual   2: 536870912 op, 675409768.00 ns, 1.2580 ns/op
WorkloadActual   3: 536870912 op, 675210848.00 ns, 1.2577 ns/op
WorkloadActual   4: 536870912 op, 672061314.00 ns, 1.2518 ns/op
WorkloadActual   5: 536870912 op, 667840257.00 ns, 1.2439 ns/op
WorkloadActual   6: 536870912 op, 668018466.00 ns, 1.2443 ns/op
WorkloadActual   7: 536870912 op, 668999664.00 ns, 1.2461 ns/op
WorkloadActual   8: 536870912 op, 668790058.00 ns, 1.2457 ns/op
WorkloadActual   9: 536870912 op, 669477123.00 ns, 1.2470 ns/op
WorkloadActual  10: 536870912 op, 669654901.00 ns, 1.2473 ns/op
WorkloadActual  11: 536870912 op, 672922719.00 ns, 1.2534 ns/op
WorkloadActual  12: 536870912 op, 667835214.00 ns, 1.2439 ns/op
WorkloadActual  13: 536870912 op, 693779780.00 ns, 1.2923 ns/op
WorkloadActual  14: 536870912 op, 702753012.00 ns, 1.3090 ns/op
WorkloadActual  15: 536870912 op, 692175064.00 ns, 1.2893 ns/op

// AfterActualRun
WorkloadResult   1: 536870912 op, 20933662.00 ns, 0.0390 ns/op
WorkloadResult   2: 536870912 op, 26855812.00 ns, 0.0500 ns/op
WorkloadResult   3: 536870912 op, 26656892.00 ns, 0.0497 ns/op
WorkloadResult   4: 536870912 op, 23507358.00 ns, 0.0438 ns/op
WorkloadResult   5: 536870912 op, 19286301.00 ns, 0.0359 ns/op
WorkloadResult   6: 536870912 op, 19464510.00 ns, 0.0363 ns/op
WorkloadResult   7: 536870912 op, 20445708.00 ns, 0.0381 ns/op
WorkloadResult   8: 536870912 op, 20236102.00 ns, 0.0377 ns/op
WorkloadResult   9: 536870912 op, 20923167.00 ns, 0.0390 ns/op
WorkloadResult  10: 536870912 op, 21100945.00 ns, 0.0393 ns/op
WorkloadResult  11: 536870912 op, 24368763.00 ns, 0.0454 ns/op
WorkloadResult  12: 536870912 op, 19281258.00 ns, 0.0359 ns/op
// GC:  0 0 0 32 536870912
// Threading:  0 0 536870912

// AfterAll
// Benchmark Process 4104 has exited with code 0.

Mean = 0.041 ns, StdErr = 0.001 ns (3.61%), N = 12, StdDev = 0.005 ns
Min = 0.036 ns, Q1 = 0.037 ns, Median = 0.039 ns, Q3 = 0.044 ns, Max = 0.050 ns
IQR = 0.007 ns, LowerFence = 0.027 ns, UpperFence = 0.054 ns
ConfidenceInterval = [0.034 ns; 0.047 ns] (CI 99.9%), Margin = 0.007 ns (16.04% of Mean)
Skewness = 0.74, Kurtosis = 1.89, MValue = 2.5

// ** Remained 30 (66.7 %) benchmark(s) to run. Estimated finish 2026-09-20 7:26 (0h 6m from now) **
// **************************
// Benchmark: EntityComparisonBenchmarks.EricksonLopez_EntityEquality_DifferentId: .NET 10.0(Runtime=.NET 10.0, Toolchain=net10.0)
// *** Execute ***
// Launch: 1 / 1
// Execute: dotnet "EricksonLopez.SharedKernel.Benchmarks-.NET 10.0-1.dll" --anonymousPipes 121 122 --benchmarkName EricksonLopez.SharedKernel.Benchmarks.EntityComparisonBenchmarks.EricksonLopez_EntityEquality_DifferentId --job ".NET 10.0" --benchmarkId 7 in /home/runner/work/dotnet-shared-kernel/dotnet-shared-kernel/benchmarks/EricksonLopez.SharedKernel.Benchmarks/bin/Release/net10.0/EricksonLopez.SharedKernel.Benchmarks-.NET 10.0-1/bin/Release/net10.0
// Failed to set up high priority (Permission denied). In order to run benchmarks with high priority, make sure you have the right permissions.
// BeforeAnythingElse

// Benchmark Process Environment Information:
// BenchmarkDotNet v0.15.8
// Runtime=.NET 10.0.12 (10.0.12, 10.0.1226.42308), X64 RyuJIT x86-64-v4
// GC=Concurrent Workstation
// HardwareIntrinsics=AVX512 BITALG+VBMI2+VNNI+VPOPCNTDQ,AVX512 IFMA+VBMI,AVX512 F+BW+CD+DQ+VL,AVX2+BMI1+BMI2+F16C+FMA+LZCNT+MOVBE,AVX,SSE3+SSSE3+SSE4.1+SSE4.2+POPCNT,X86Base+SSE+SSE2,AES+PCLMUL,AvxVnni VectorSize=256
// Job: .NET 10.0

OverheadJitting  1: 1 op, 154232.00 ns, 154.2320 us/op
WorkloadJitting  1: 1 op, 271108.00 ns, 271.1080 us/op

OverheadJitting  2: 16 op, 292190.00 ns, 18.2619 us/op
WorkloadJitting  2: 16 op, 253572.00 ns, 15.8483 us/op

WorkloadPilot    1: 16 op, 1081.00 ns, 67.5625 ns/op
WorkloadPilot    2: 32 op, 1022.00 ns, 31.9375 ns/op
WorkloadPilot    3: 64 op, 1161.00 ns, 18.1406 ns/op
WorkloadPilot    4: 128 op, 2063.00 ns, 16.1172 ns/op
WorkloadPilot    5: 256 op, 3786.00 ns, 14.7891 ns/op
WorkloadPilot    6: 512 op, 7311.00 ns, 14.2793 ns/op
WorkloadPilot    7: 1024 op, 14612.00 ns, 14.2695 ns/op
WorkloadPilot    8: 2048 op, 28924.00 ns, 14.1230 ns/op
WorkloadPilot    9: 4096 op, 57376.00 ns, 14.0078 ns/op
WorkloadPilot   10: 8192 op, 114692.00 ns, 14.0005 ns/op
WorkloadPilot   11: 16384 op, 228844.00 ns, 13.9675 ns/op
WorkloadPilot   12: 32768 op, 468716.00 ns, 14.3041 ns/op
WorkloadPilot   13: 65536 op, 929459.00 ns, 14.1824 ns/op
WorkloadPilot   14: 131072 op, 1852930.00 ns, 14.1367 ns/op
WorkloadPilot   15: 262144 op, 3694754.00 ns, 14.0944 ns/op
WorkloadPilot   16: 524288 op, 7493023.00 ns, 14.2918 ns/op
WorkloadPilot   17: 1048576 op, 14903521.00 ns, 14.2131 ns/op
WorkloadPilot   18: 2097152 op, 29652169.00 ns, 14.1393 ns/op
WorkloadPilot   19: 4194304 op, 59026100.00 ns, 14.0729 ns/op
WorkloadPilot   20: 8388608 op, 20184163.00 ns, 2.4061 ns/op
WorkloadPilot   21: 16777216 op, 24710889.00 ns, 1.4729 ns/op
WorkloadPilot   22: 33554432 op, 46635603.00 ns, 1.3898 ns/op
WorkloadPilot   23: 67108864 op, 94299014.00 ns, 1.4052 ns/op
WorkloadPilot   24: 134217728 op, 174310624.00 ns, 1.2987 ns/op
WorkloadPilot   25: 268435456 op, 347608892.00 ns, 1.2949 ns/op
WorkloadPilot   26: 536870912 op, 716463668.00 ns, 1.3345 ns/op

OverheadWarmup   1: 536870912 op, 899944599.00 ns, 1.6763 ns/op
OverheadWarmup   2: 536870912 op, 747575325.00 ns, 1.3925 ns/op
OverheadWarmup   3: 536870912 op, 754369220.00 ns, 1.4051 ns/op
OverheadWarmup   4: 536870912 op, 718071258.00 ns, 1.3375 ns/op
OverheadWarmup   5: 536870912 op, 702464979.00 ns, 1.3084 ns/op
OverheadWarmup   6: 536870912 op, 647391986.00 ns, 1.2059 ns/op
OverheadWarmup   7: 536870912 op, 641800376.00 ns, 1.1954 ns/op
OverheadWarmup   8: 536870912 op, 636980379.00 ns, 1.1865 ns/op
OverheadWarmup   9: 536870912 op, 637838591.00 ns, 1.1881 ns/op
OverheadWarmup  10: 536870912 op, 637060579.00 ns, 1.1866 ns/op

OverheadActual   1: 536870912 op, 637121541.00 ns, 1.1867 ns/op
OverheadActual   2: 536870912 op, 638058201.00 ns, 1.1885 ns/op
OverheadActual   3: 536870912 op, 641060952.00 ns, 1.1941 ns/op
OverheadActual   4: 536870912 op, 643756772.00 ns, 1.1991 ns/op
OverheadActual   5: 536870912 op, 659144521.00 ns, 1.2278 ns/op
OverheadActual   6: 536870912 op, 634892945.00 ns, 1.1826 ns/op
OverheadActual   7: 536870912 op, 635507779.00 ns, 1.1837 ns/op
OverheadActual   8: 536870912 op, 639551170.00 ns, 1.1913 ns/op
OverheadActual   9: 536870912 op, 644857581.00 ns, 1.2011 ns/op
OverheadActual  10: 536870912 op, 638722871.00 ns, 1.1897 ns/op
OverheadActual  11: 536870912 op, 640157302.00 ns, 1.1924 ns/op
OverheadActual  12: 536870912 op, 646367746.00 ns, 1.2040 ns/op
OverheadActual  13: 536870912 op, 637488142.00 ns, 1.1874 ns/op
OverheadActual  14: 536870912 op, 666039172.00 ns, 1.2406 ns/op
OverheadActual  15: 536870912 op, 657978773.00 ns, 1.2256 ns/op

WorkloadWarmup   1: 536870912 op, 651252683.00 ns, 1.2131 ns/op
WorkloadWarmup   2: 536870912 op, 654278610.00 ns, 1.2187 ns/op
WorkloadWarmup   3: 536870912 op, 653003180.00 ns, 1.2163 ns/op
WorkloadWarmup   4: 536870912 op, 638770825.00 ns, 1.1898 ns/op
WorkloadWarmup   5: 536870912 op, 643527228.00 ns, 1.1987 ns/op
WorkloadWarmup   6: 536870912 op, 653104213.00 ns, 1.2165 ns/op
WorkloadWarmup   7: 536870912 op, 646014850.00 ns, 1.2033 ns/op

// BeforeActualRun
WorkloadActual   1: 536870912 op, 654383614.00 ns, 1.2189 ns/op
WorkloadActual   2: 536870912 op, 656839709.00 ns, 1.2235 ns/op
WorkloadActual   3: 536870912 op, 641820939.00 ns, 1.1955 ns/op
WorkloadActual   4: 536870912 op, 641274115.00 ns, 1.1945 ns/op
WorkloadActual   5: 536870912 op, 643205620.00 ns, 1.1981 ns/op
WorkloadActual   6: 536870912 op, 642883980.00 ns, 1.1975 ns/op
WorkloadActual   7: 536870912 op, 639288525.00 ns, 1.1908 ns/op
WorkloadActual   8: 536870912 op, 642954711.00 ns, 1.1976 ns/op
WorkloadActual   9: 536870912 op, 644327833.00 ns, 1.2002 ns/op
WorkloadActual  10: 536870912 op, 641067142.00 ns, 1.1941 ns/op
WorkloadActual  11: 536870912 op, 640538897.00 ns, 1.1931 ns/op
WorkloadActual  12: 536870912 op, 623302075.00 ns, 1.1610 ns/op
WorkloadActual  13: 536870912 op, 638663883.00 ns, 1.1896 ns/op
WorkloadActual  14: 536870912 op, 621448983.00 ns, 1.1575 ns/op
WorkloadActual  15: 536870912 op, 618516446.00 ns, 1.1521 ns/op

// AfterActualRun
WorkloadResult   1: 536870912 op, 1663637.00 ns, 0.0031 ns/op
WorkloadResult   2: 536870912 op, 1116813.00 ns, 0.0021 ns/op
WorkloadResult   3: 536870912 op, 3048318.00 ns, 0.0057 ns/op
WorkloadResult   4: 536870912 op, 2726678.00 ns, 0.0051 ns/op
WorkloadResult   5: 536870912 op, 0.00 ns, 0.0000 ns/op
WorkloadResult   6: 536870912 op, 2797409.00 ns, 0.0052 ns/op
WorkloadResult   7: 536870912 op, 4170531.00 ns, 0.0078 ns/op
WorkloadResult   8: 536870912 op, 909840.00 ns, 0.0017 ns/op
WorkloadResult   9: 536870912 op, 381595.00 ns, 0.0007 ns/op
WorkloadResult  10: 536870912 op, 0.00 ns, 0.0000 ns/op
WorkloadResult  11: 536870912 op, 0.00 ns, 0.0000 ns/op
WorkloadResult  12: 536870912 op, 0.00 ns, 0.0000 ns/op
WorkloadResult  13: 536870912 op, 0.00 ns, 0.0000 ns/op
// GC:  0 0 0 0 536870912
// Threading:  0 0 536870912

// AfterAll
// Benchmark Process 4125 has exited with code 0.

Mean = 0.002 ns, StdErr = 0.001 ns (31.06%), N = 13, StdDev = 0.003 ns
Min = 0.000 ns, Q1 = 0.000 ns, Median = 0.002 ns, Q3 = 0.005 ns, Max = 0.008 ns
IQR = 0.005 ns, LowerFence = -0.008 ns, UpperFence = 0.013 ns
ConfidenceInterval = [-0.001 ns; 0.006 ns] (CI 99.9%), Margin = 0.003 ns (134.13% of Mean)
Skewness = 0.61, Kurtosis = 1.78, MValue = 2

// ** Remained 29 (64.4 %) benchmark(s) to run. Estimated finish 2026-09-20 7:27 (0h 7m from now) **
// Build Error: Standard output: 
  
 Standard error: 
   Determining projects to restore...
/home/runner/work/dotnet-shared-kernel/dotnet-shared-kernel/benchmarks/EricksonLopez.SharedKernel.Benchmarks/bin/Release/net10.0/EricksonLopez.SharedKernel.Benchmarks-.NET 8.0-2/BenchmarkDotNet.Autogenerated.csproj : error NU1201: Project EricksonLopez.SharedKernel.Benchmarks is not compatible with net8.0 (.NETCoreApp,Version=v8.0). Project EricksonLopez.SharedKernel.Benchmarks supports: net10.0 (.NETCoreApp,Version=v10.0)
  Failed to restore /home/runner/work/dotnet-shared-kernel/dotnet-shared-kernel/benchmarks/EricksonLopez.SharedKernel.Benchmarks/bin/Release/net10.0/EricksonLopez.SharedKernel.Benchmarks-.NET 8.0-2/BenchmarkDotNet.Autogenerated.csproj (in 187 ms).
  2 of 3 projects are up-to-date for restore.

// BenchmarkDotNet has failed to build the auto-generated boilerplate code.
// It can be found in /home/runner/work/dotnet-shared-kernel/dotnet-shared-kernel/benchmarks/EricksonLopez.SharedKernel.Benchmarks/bin/Release/net10.0/EricksonLopez.SharedKernel.Benchmarks-.NET 8.0-2
// Please follow the troubleshooting guide: https://benchmarkdotnet.org/articles/guides/troubleshooting.html

// ** Remained 28 (62.2 %) benchmark(s) to run. Estimated finish 2026-09-20 7:26 (0h 6m from now) **
// Build Error: Standard output: 
  
 Standard error: 
   Determining projects to restore...
/home/runner/work/dotnet-shared-kernel/dotnet-shared-kernel/benchmarks/EricksonLopez.SharedKernel.Benchmarks/bin/Release/net10.0/EricksonLopez.SharedKernel.Benchmarks-.NET 8.0-2/BenchmarkDotNet.Autogenerated.csproj : error NU1201: Project EricksonLopez.SharedKernel.Benchmarks is not compatible with net8.0 (.NETCoreApp,Version=v8.0). Project EricksonLopez.SharedKernel.Benchmarks supports: net10.0 (.NETCoreApp,Version=v10.0)
  Failed to restore /home/runner/work/dotnet-shared-kernel/dotnet-shared-kernel/benchmarks/EricksonLopez.SharedKernel.Benchmarks/bin/Release/net10.0/EricksonLopez.SharedKernel.Benchmarks-.NET 8.0-2/BenchmarkDotNet.Autogenerated.csproj (in 187 ms).
  2 of 3 projects are up-to-date for restore.

// BenchmarkDotNet has failed to build the auto-generated boilerplate code.
// It can be found in /home/runner/work/dotnet-shared-kernel/dotnet-shared-kernel/benchmarks/EricksonLopez.SharedKernel.Benchmarks/bin/Release/net10.0/EricksonLopez.SharedKernel.Benchmarks-.NET 8.0-2
// Please follow the troubleshooting guide: https://benchmarkdotnet.org/articles/guides/troubleshooting.html

// ** Remained 27 (60.0 %) benchmark(s) to run. Estimated finish 2026-09-20 7:26 (0h 5m from now) **
// Build Error: Standard output: 
  
 Standard error: 
   Determining projects to restore...
/home/runner/work/dotnet-shared-kernel/dotnet-shared-kernel/benchmarks/EricksonLopez.SharedKernel.Benchmarks/bin/Release/net10.0/EricksonLopez.SharedKernel.Benchmarks-.NET 8.0-2/BenchmarkDotNet.Autogenerated.csproj : error NU1201: Project EricksonLopez.SharedKernel.Benchmarks is not compatible with net8.0 (.NETCoreApp,Version=v8.0). Project EricksonLopez.SharedKernel.Benchmarks supports: net10.0 (.NETCoreApp,Version=v10.0)
  Failed to restore /home/runner/work/dotnet-shared-kernel/dotnet-shared-kernel/benchmarks/EricksonLopez.SharedKernel.Benchmarks/bin/Release/net10.0/EricksonLopez.SharedKernel.Benchmarks-.NET 8.0-2/BenchmarkDotNet.Autogenerated.csproj (in 187 ms).
  2 of 3 projects are up-to-date for restore.

// BenchmarkDotNet has failed to build the auto-generated boilerplate code.
// It can be found in /home/runner/work/dotnet-shared-kernel/dotnet-shared-kernel/benchmarks/EricksonLopez.SharedKernel.Benchmarks/bin/Release/net10.0/EricksonLopez.SharedKernel.Benchmarks-.NET 8.0-2
// Please follow the troubleshooting guide: https://benchmarkdotnet.org/articles/guides/troubleshooting.html

// ** Remained 26 (57.8 %) benchmark(s) to run. Estimated finish 2026-09-20 7:25 (0h 5m from now) **
// Build Error: Standard output: 
  
 Standard error: 
   Determining projects to restore...
/home/runner/work/dotnet-shared-kernel/dotnet-shared-kernel/benchmarks/EricksonLopez.SharedKernel.Benchmarks/bin/Release/net10.0/EricksonLopez.SharedKernel.Benchmarks-.NET 8.0-2/BenchmarkDotNet.Autogenerated.csproj : error NU1201: Project EricksonLopez.SharedKernel.Benchmarks is not compatible with net8.0 (.NETCoreApp,Version=v8.0). Project EricksonLopez.SharedKernel.Benchmarks supports: net10.0 (.NETCoreApp,Version=v10.0)
  Failed to restore /home/runner/work/dotnet-shared-kernel/dotnet-shared-kernel/benchmarks/EricksonLopez.SharedKernel.Benchmarks/bin/Release/net10.0/EricksonLopez.SharedKernel.Benchmarks-.NET 8.0-2/BenchmarkDotNet.Autogenerated.csproj (in 187 ms).
  2 of 3 projects are up-to-date for restore.

// BenchmarkDotNet has failed to build the auto-generated boilerplate code.
// It can be found in /home/runner/work/dotnet-shared-kernel/dotnet-shared-kernel/benchmarks/EricksonLopez.SharedKernel.Benchmarks/bin/Release/net10.0/EricksonLopez.SharedKernel.Benchmarks-.NET 8.0-2
// Please follow the troubleshooting guide: https://benchmarkdotnet.org/articles/guides/troubleshooting.html

// ** Remained 25 (55.6 %) benchmark(s) to run. Estimated finish 2026-09-20 7:25 (0h 4m from now) **
// Build Error: Standard output: 
  
 Standard error: 
   Determining projects to restore...
/home/runner/work/dotnet-shared-kernel/dotnet-shared-kernel/benchmarks/EricksonLopez.SharedKernel.Benchmarks/bin/Release/net10.0/EricksonLopez.SharedKernel.Benchmarks-.NET 9.0-3/BenchmarkDotNet.Autogenerated.csproj : error NU1201: Project EricksonLopez.SharedKernel.Benchmarks is not compatible with net9.0 (.NETCoreApp,Version=v9.0). Project EricksonLopez.SharedKernel.Benchmarks supports: net10.0 (.NETCoreApp,Version=v10.0)
  Failed to restore /home/runner/work/dotnet-shared-kernel/dotnet-shared-kernel/benchmarks/EricksonLopez.SharedKernel.Benchmarks/bin/Release/net10.0/EricksonLopez.SharedKernel.Benchmarks-.NET 9.0-3/BenchmarkDotNet.Autogenerated.csproj (in 176 ms).
  2 of 3 projects are up-to-date for restore.

// BenchmarkDotNet has failed to build the auto-generated boilerplate code.
// It can be found in /home/runner/work/dotnet-shared-kernel/dotnet-shared-kernel/benchmarks/EricksonLopez.SharedKernel.Benchmarks/bin/Release/net10.0/EricksonLopez.SharedKernel.Benchmarks-.NET 9.0-3
// Please follow the troubleshooting guide: https://benchmarkdotnet.org/articles/guides/troubleshooting.html

// ** Remained 24 (53.3 %) benchmark(s) to run. Estimated finish 2026-09-20 7:24 (0h 4m from now) **
// Build Error: Standard output: 
  
 Standard error: 
   Determining projects to restore...
/home/runner/work/dotnet-shared-kernel/dotnet-shared-kernel/benchmarks/EricksonLopez.SharedKernel.Benchmarks/bin/Release/net10.0/EricksonLopez.SharedKernel.Benchmarks-.NET 9.0-3/BenchmarkDotNet.Autogenerated.csproj : error NU1201: Project EricksonLopez.SharedKernel.Benchmarks is not compatible with net9.0 (.NETCoreApp,Version=v9.0). Project EricksonLopez.SharedKernel.Benchmarks supports: net10.0 (.NETCoreApp,Version=v10.0)
  Failed to restore /home/runner/work/dotnet-shared-kernel/dotnet-shared-kernel/benchmarks/EricksonLopez.SharedKernel.Benchmarks/bin/Release/net10.0/EricksonLopez.SharedKernel.Benchmarks-.NET 9.0-3/BenchmarkDotNet.Autogenerated.csproj (in 176 ms).
  2 of 3 projects are up-to-date for restore.

// BenchmarkDotNet has failed to build the auto-generated boilerplate code.
// It can be found in /home/runner/work/dotnet-shared-kernel/dotnet-shared-kernel/benchmarks/EricksonLopez.SharedKernel.Benchmarks/bin/Release/net10.0/EricksonLopez.SharedKernel.Benchmarks-.NET 9.0-3
// Please follow the troubleshooting guide: https://benchmarkdotnet.org/articles/guides/troubleshooting.html

// ** Remained 23 (51.1 %) benchmark(s) to run. Estimated finish 2026-09-20 7:24 (0h 4m from now) **
// Build Error: Standard output: 
  
 Standard error: 
   Determining projects to restore...
/home/runner/work/dotnet-shared-kernel/dotnet-shared-kernel/benchmarks/EricksonLopez.SharedKernel.Benchmarks/bin/Release/net10.0/EricksonLopez.SharedKernel.Benchmarks-.NET 9.0-3/BenchmarkDotNet.Autogenerated.csproj : error NU1201: Project EricksonLopez.SharedKernel.Benchmarks is not compatible with net9.0 (.NETCoreApp,Version=v9.0). Project EricksonLopez.SharedKernel.Benchmarks supports: net10.0 (.NETCoreApp,Version=v10.0)
  Failed to restore /home/runner/work/dotnet-shared-kernel/dotnet-shared-kernel/benchmarks/EricksonLopez.SharedKernel.Benchmarks/bin/Release/net10.0/EricksonLopez.SharedKernel.Benchmarks-.NET 9.0-3/BenchmarkDotNet.Autogenerated.csproj (in 176 ms).
  2 of 3 projects are up-to-date for restore.

// BenchmarkDotNet has failed to build the auto-generated boilerplate code.
// It can be found in /home/runner/work/dotnet-shared-kernel/dotnet-shared-kernel/benchmarks/EricksonLopez.SharedKernel.Benchmarks/bin/Release/net10.0/EricksonLopez.SharedKernel.Benchmarks-.NET 9.0-3
// Please follow the troubleshooting guide: https://benchmarkdotnet.org/articles/guides/troubleshooting.html

// ** Remained 22 (48.9 %) benchmark(s) to run. Estimated finish 2026-09-20 7:23 (0h 3m from now) **
// Build Error: Standard output: 
  
 Standard error: 
   Determining projects to restore...
/home/runner/work/dotnet-shared-kernel/dotnet-shared-kernel/benchmarks/EricksonLopez.SharedKernel.Benchmarks/bin/Release/net10.0/EricksonLopez.SharedKernel.Benchmarks-.NET 9.0-3/BenchmarkDotNet.Autogenerated.csproj : error NU1201: Project EricksonLopez.SharedKernel.Benchmarks is not compatible with net9.0 (.NETCoreApp,Version=v9.0). Project EricksonLopez.SharedKernel.Benchmarks supports: net10.0 (.NETCoreApp,Version=v10.0)
  Failed to restore /home/runner/work/dotnet-shared-kernel/dotnet-shared-kernel/benchmarks/EricksonLopez.SharedKernel.Benchmarks/bin/Release/net10.0/EricksonLopez.SharedKernel.Benchmarks-.NET 9.0-3/BenchmarkDotNet.Autogenerated.csproj (in 176 ms).
  2 of 3 projects are up-to-date for restore.

// BenchmarkDotNet has failed to build the auto-generated boilerplate code.
// It can be found in /home/runner/work/dotnet-shared-kernel/dotnet-shared-kernel/benchmarks/EricksonLopez.SharedKernel.Benchmarks/bin/Release/net10.0/EricksonLopez.SharedKernel.Benchmarks-.NET 9.0-3
// Please follow the troubleshooting guide: https://benchmarkdotnet.org/articles/guides/troubleshooting.html

// ** Remained 21 (46.7 %) benchmark(s) to run. Estimated finish 2026-09-20 7:23 (0h 3m from now) **
// ***** BenchmarkRunner: Finish  *****

// * Export *
  benchmarks/results/results/EricksonLopez.SharedKernel.Benchmarks.EntityComparisonBenchmarks-report.csv
  benchmarks/results/results/EricksonLopez.SharedKernel.Benchmarks.EntityComparisonBenchmarks-report-github.md
  benchmarks/results/results/EricksonLopez.SharedKernel.Benchmarks.EntityComparisonBenchmarks-report.html
  benchmarks/results/results/EricksonLopez.SharedKernel.Benchmarks.EntityComparisonBenchmarks-report-full-compressed.json
  benchmarks/results/results/EricksonLopez.SharedKernel.Benchmarks.EntityComparisonBenchmarks-report-default.md

// * Detailed results *
EntityComparisonBenchmarks.Ardalis_EntityEquality_SameId: .NET 10.0(Runtime=.NET 10.0, Toolchain=net10.0)
Runtime = .NET 10.0.12 (10.0.12, 10.0.1226.42308), X64 RyuJIT x86-64-v4; GC = Concurrent Workstation
Mean = 0.002 ns, StdErr = 0.001 ns (31.22%), N = 14, StdDev = 0.003 ns
Min = 0.000 ns, Q1 = 0.000 ns, Median = 0.002 ns, Q3 = 0.003 ns, Max = 0.009 ns
IQR = 0.003 ns, LowerFence = -0.005 ns, UpperFence = 0.008 ns
ConfidenceInterval = [-0.001 ns; 0.006 ns] (CI 99.9%), Margin = 0.003 ns (131.79% of Mean)
Skewness = 0.94, Kurtosis = 2.74, MValue = 2.25
-------------------- Histogram --------------------
[0.000 ns ; 0.003 ns) | @@@@@@@@@
[0.003 ns ; 0.005 ns) | @@@
[0.005 ns ; 0.007 ns) | 
[0.007 ns ; 0.010 ns) | @@
---------------------------------------------------

EntityComparisonBenchmarks.EricksonLopez_EntityEquality_SameId: .NET 10.0(Runtime=.NET 10.0, Toolchain=net10.0)
Runtime = .NET 10.0.12 (10.0.12, 10.0.1226.42308), X64 RyuJIT x86-64-v4; GC = Concurrent Workstation
Mean = 0.044 ns, StdErr = 0.004 ns (8.94%), N = 15, StdDev = 0.015 ns
Min = 0.024 ns, Q1 = 0.032 ns, Median = 0.039 ns, Q3 = 0.062 ns, Max = 0.064 ns
IQR = 0.030 ns, LowerFence = -0.014 ns, UpperFence = 0.108 ns
ConfidenceInterval = [0.028 ns; 0.060 ns] (CI 99.9%), Margin = 0.016 ns (37.00% of Mean)
Skewness = 0.25, Kurtosis = 1.33, MValue = 2.75
-------------------- Histogram --------------------
[0.024 ns ; 0.040 ns) | @@@@@@@@
[0.040 ns ; 0.054 ns) | @@
[0.054 ns ; 0.073 ns) | @@@@@
---------------------------------------------------

EntityComparisonBenchmarks.Ardalis_EntityEquality_DifferentId: .NET 10.0(Runtime=.NET 10.0, Toolchain=net10.0)
Runtime = .NET 10.0.12 (10.0.12, 10.0.1226.42308), X64 RyuJIT x86-64-v4; GC = Concurrent Workstation
Mean = 0.041 ns, StdErr = 0.001 ns (3.61%), N = 12, StdDev = 0.005 ns
Min = 0.036 ns, Q1 = 0.037 ns, Median = 0.039 ns, Q3 = 0.044 ns, Max = 0.050 ns
IQR = 0.007 ns, LowerFence = 0.027 ns, UpperFence = 0.054 ns
ConfidenceInterval = [0.034 ns; 0.047 ns] (CI 99.9%), Margin = 0.007 ns (16.04% of Mean)
Skewness = 0.74, Kurtosis = 1.89, MValue = 2.5
-------------------- Histogram --------------------
[0.035 ns ; 0.041 ns) | @@@@@@@@
[0.041 ns ; 0.045 ns) | @
[0.045 ns ; 0.051 ns) | @@@
---------------------------------------------------

EntityComparisonBenchmarks.EricksonLopez_EntityEquality_DifferentId: .NET 10.0(Runtime=.NET 10.0, Toolchain=net10.0)
Runtime = .NET 10.0.12 (10.0.12, 10.0.1226.42308), X64 RyuJIT x86-64-v4; GC = Concurrent Workstation
Mean = 0.002 ns, StdErr = 0.001 ns (31.06%), N = 13, StdDev = 0.003 ns
Min = 0.000 ns, Q1 = 0.000 ns, Median = 0.002 ns, Q3 = 0.005 ns, Max = 0.008 ns
IQR = 0.005 ns, LowerFence = -0.008 ns, UpperFence = 0.013 ns
ConfidenceInterval = [-0.001 ns; 0.006 ns] (CI 99.9%), Margin = 0.003 ns (134.13% of Mean)
Skewness = 0.61, Kurtosis = 1.78, MValue = 2
-------------------- Histogram --------------------
[0.000 ns ; 0.003 ns) | @@@@@@@@
[0.003 ns ; 0.006 ns) | @@@@
[0.006 ns ; 0.009 ns) | @
---------------------------------------------------

EntityComparisonBenchmarks.Ardalis_EntityEquality_SameId: .NET 8.0(Runtime=.NET 8.0, Toolchain=net8.0)
Runtime = ; GC = 
There are not any results runs

EntityComparisonBenchmarks.EricksonLopez_EntityEquality_SameId: .NET 8.0(Runtime=.NET 8.0, Toolchain=net8.0)
Runtime = ; GC = 
There are not any results runs

EntityComparisonBenchmarks.Ardalis_EntityEquality_DifferentId: .NET 8.0(Runtime=.NET 8.0, Toolchain=net8.0)
Runtime = ; GC = 
There are not any results runs

EntityComparisonBenchmarks.EricksonLopez_EntityEquality_DifferentId: .NET 8.0(Runtime=.NET 8.0, Toolchain=net8.0)
Runtime = ; GC = 
There are not any results runs

EntityComparisonBenchmarks.Ardalis_EntityEquality_SameId: .NET 9.0(Runtime=.NET 9.0, Toolchain=net9.0)
Runtime = ; GC = 
There are not any results runs

EntityComparisonBenchmarks.EricksonLopez_EntityEquality_SameId: .NET 9.0(Runtime=.NET 9.0, Toolchain=net9.0)
Runtime = ; GC = 
There are not any results runs

EntityComparisonBenchmarks.Ardalis_EntityEquality_DifferentId: .NET 9.0(Runtime=.NET 9.0, Toolchain=net9.0)
Runtime = ; GC = 
There are not any results runs

EntityComparisonBenchmarks.EricksonLopez_EntityEquality_DifferentId: .NET 9.0(Runtime=.NET 9.0, Toolchain=net9.0)
Runtime = ; GC = 
There are not any results runs

// * Summary *

BenchmarkDotNet v0.15.8, Linux Ubuntu 24.04.5 LTS (Noble Numbat)
AMD EPYC 9V45 4.49GHz, 1 CPU, 4 logical and 2 physical cores
.NET SDK 10.0.401
  [Host]    : .NET 10.0.12 (10.0.12, 10.0.1226.42308), X64 RyuJIT x86-64-v4
  .NET 10.0 : .NET 10.0.12 (10.0.12, 10.0.1226.42308), X64 RyuJIT x86-64-v4


| Method                                   | Job       | Runtime   | Mean      | Error     | StdDev    | Median    | Ratio | RatioSD | Rank | Allocated | Alloc Ratio |
|----------------------------------------- |---------- |---------- |----------:|----------:|----------:|----------:|------:|--------:|-----:|----------:|------------:|
| Ardalis_EntityEquality_SameId            | .NET 10.0 | .NET 10.0 | 0.0024 ns | 0.0032 ns | 0.0028 ns | 0.0023 ns |     ? |       ? |    1 |         - |           ? |
| EricksonLopez_EntityEquality_SameId      | .NET 10.0 | .NET 10.0 | 0.0442 ns | 0.0163 ns | 0.0153 ns | 0.0392 ns |     ? |       ? |    2 |         - |           ? |
| Ardalis_EntityEquality_DifferentId       | .NET 10.0 | .NET 10.0 | 0.0408 ns | 0.0065 ns | 0.0051 ns | 0.0390 ns |     ? |       ? |    2 |         - |           ? |
| EricksonLopez_EntityEquality_DifferentId | .NET 10.0 | .NET 10.0 | 0.0024 ns | 0.0032 ns | 0.0027 ns | 0.0017 ns |     ? |       ? |    1 |         - |           ? |
| Ardalis_EntityEquality_SameId            | .NET 8.0  | .NET 8.0  |        NA |        NA |        NA |        NA |     ? |       ? |    ? |        NA |           ? |
| EricksonLopez_EntityEquality_SameId      | .NET 8.0  | .NET 8.0  |        NA |        NA |        NA |        NA |     ? |       ? |    ? |        NA |           ? |
| Ardalis_EntityEquality_DifferentId       | .NET 8.0  | .NET 8.0  |        NA |        NA |        NA |        NA |     ? |       ? |    ? |        NA |           ? |
| EricksonLopez_EntityEquality_DifferentId | .NET 8.0  | .NET 8.0  |        NA |        NA |        NA |        NA |     ? |       ? |    ? |        NA |           ? |
| Ardalis_EntityEquality_SameId            | .NET 9.0  | .NET 9.0  |        NA |        NA |        NA |        NA |     ? |       ? |    ? |        NA |           ? |
| EricksonLopez_EntityEquality_SameId      | .NET 9.0  | .NET 9.0  |        NA |        NA |        NA |        NA |     ? |       ? |    ? |        NA |           ? |
| Ardalis_EntityEquality_DifferentId       | .NET 9.0  | .NET 9.0  |        NA |        NA |        NA |        NA |     ? |       ? |    ? |        NA |           ? |
| EricksonLopez_EntityEquality_DifferentId | .NET 9.0  | .NET 9.0  |        NA |        NA |        NA |        NA |     ? |       ? |    ? |        NA |           ? |

Benchmarks with issues:
  EntityComparisonBenchmarks.Ardalis_EntityEquality_SameId: .NET 8.0(Runtime=.NET 8.0, Toolchain=net8.0)
  EntityComparisonBenchmarks.EricksonLopez_EntityEquality_SameId: .NET 8.0(Runtime=.NET 8.0, Toolchain=net8.0)
  EntityComparisonBenchmarks.Ardalis_EntityEquality_DifferentId: .NET 8.0(Runtime=.NET 8.0, Toolchain=net8.0)
  EntityComparisonBenchmarks.EricksonLopez_EntityEquality_DifferentId: .NET 8.0(Runtime=.NET 8.0, Toolchain=net8.0)
  EntityComparisonBenchmarks.Ardalis_EntityEquality_SameId: .NET 9.0(Runtime=.NET 9.0, Toolchain=net9.0)
  EntityComparisonBenchmarks.EricksonLopez_EntityEquality_SameId: .NET 9.0(Runtime=.NET 9.0, Toolchain=net9.0)
  EntityComparisonBenchmarks.Ardalis_EntityEquality_DifferentId: .NET 9.0(Runtime=.NET 9.0, Toolchain=net9.0)
  EntityComparisonBenchmarks.EricksonLopez_EntityEquality_DifferentId: .NET 9.0(Runtime=.NET 9.0, Toolchain=net9.0)

// * Warnings *
ZeroMeasurement
  EntityComparisonBenchmarks.Ardalis_EntityEquality_SameId: .NET 10.0            -> The method duration is indistinguishable from the empty method duration
  EntityComparisonBenchmarks.EricksonLopez_EntityEquality_SameId: .NET 10.0      -> The method duration is indistinguishable from the empty method duration
  EntityComparisonBenchmarks.EricksonLopez_EntityEquality_DifferentId: .NET 10.0 -> The method duration is indistinguishable from the empty method duration
BaselineCustomAnalyzer
  Summary -> A question mark '?' symbol indicates that it was not possible to compute the (Ratio, RatioSD, Alloc Ratio) column(s) because the baseline or benchmark could not be found, or the baseline value is too close to zero.

// * Hints *
Outliers
  EntityComparisonBenchmarks.Ardalis_EntityEquality_SameId: .NET 10.0            -> 1 outlier  was  removed, 2 outliers were detected (1.14 ns, 1.21 ns)
  EntityComparisonBenchmarks.Ardalis_EntityEquality_DifferentId: .NET 10.0       -> 3 outliers were removed (1.29 ns..1.31 ns)
  EntityComparisonBenchmarks.EricksonLopez_EntityEquality_DifferentId: .NET 10.0 -> 2 outliers were removed, 5 outliers were detected (1.15 ns..1.16 ns, 1.22 ns, 1.22 ns)

// * Legends *
  Mean        : Arithmetic mean of all measurements
  Error       : Half of 99.9% confidence interval
  StdDev      : Standard deviation of all measurements
  Median      : Value separating the higher half of all measurements (50th percentile)
  Ratio       : Mean of the ratio distribution ([Current]/[Baseline])
  RatioSD     : Standard deviation of the ratio distribution ([Current]/[Baseline])
  Rank        : Relative position of current benchmark mean among all benchmarks (Arabic style)
  Allocated   : Allocated memory per single operation (managed only, inclusive, 1KB = 1024B)
  Alloc Ratio : Allocated memory ratio distribution ([Current]/[Baseline])
  1 ns        : 1 Nanosecond (0.000000001 sec)

// * Diagnostic Output - MemoryDiagnoser *


// ***** BenchmarkRunner: End *****
Run time: 00:02:13 (133.01 sec), executed benchmarks: 4

// Found 21 benchmarks:
//   SharedKernelBenchmarks.EntityEquality_SameId: .NET 10.0(Runtime=.NET 10.0, Toolchain=net10.0)
//   SharedKernelBenchmarks.EntityEquality_DifferentId: .NET 10.0(Runtime=.NET 10.0, Toolchain=net10.0)
//   SharedKernelBenchmarks.EntityGetHashCode: .NET 10.0(Runtime=.NET 10.0, Toolchain=net10.0)
//   SharedKernelBenchmarks.AggregateDrainDomainEvents_NoEvents: .NET 10.0(Runtime=.NET 10.0, Toolchain=net10.0)
//   SharedKernelBenchmarks.AggregateDrainDomainEvents_WithEvents: .NET 10.0(Runtime=.NET 10.0, Toolchain=net10.0)
//   SharedKernelBenchmarks.AggregateRaiseDomainEvent_FirstTime: .NET 10.0(Runtime=.NET 10.0, Toolchain=net10.0)
//   SharedKernelBenchmarks.AggregateRaiseDomainEvent_Subsequent: .NET 10.0(Runtime=.NET 10.0, Toolchain=net10.0)
//   SharedKernelBenchmarks.EntityEquality_SameId: .NET 8.0(Runtime=.NET 8.0, Toolchain=net8.0)
//   SharedKernelBenchmarks.EntityEquality_DifferentId: .NET 8.0(Runtime=.NET 8.0, Toolchain=net8.0)
//   SharedKernelBenchmarks.EntityGetHashCode: .NET 8.0(Runtime=.NET 8.0, Toolchain=net8.0)
//   SharedKernelBenchmarks.AggregateDrainDomainEvents_NoEvents: .NET 8.0(Runtime=.NET 8.0, Toolchain=net8.0)
//   SharedKernelBenchmarks.AggregateDrainDomainEvents_WithEvents: .NET 8.0(Runtime=.NET 8.0, Toolchain=net8.0)
//   SharedKernelBenchmarks.AggregateRaiseDomainEvent_FirstTime: .NET 8.0(Runtime=.NET 8.0, Toolchain=net8.0)
//   SharedKernelBenchmarks.AggregateRaiseDomainEvent_Subsequent: .NET 8.0(Runtime=.NET 8.0, Toolchain=net8.0)
//   SharedKernelBenchmarks.EntityEquality_SameId: .NET 9.0(Runtime=.NET 9.0, Toolchain=net9.0)
//   SharedKernelBenchmarks.EntityEquality_DifferentId: .NET 9.0(Runtime=.NET 9.0, Toolchain=net9.0)
//   SharedKernelBenchmarks.EntityGetHashCode: .NET 9.0(Runtime=.NET 9.0, Toolchain=net9.0)
//   SharedKernelBenchmarks.AggregateDrainDomainEvents_NoEvents: .NET 9.0(Runtime=.NET 9.0, Toolchain=net9.0)
//   SharedKernelBenchmarks.AggregateDrainDomainEvents_WithEvents: .NET 9.0(Runtime=.NET 9.0, Toolchain=net9.0)
//   SharedKernelBenchmarks.AggregateRaiseDomainEvent_FirstTime: .NET 9.0(Runtime=.NET 9.0, Toolchain=net9.0)
//   SharedKernelBenchmarks.AggregateRaiseDomainEvent_Subsequent: .NET 9.0(Runtime=.NET 9.0, Toolchain=net9.0)

// **************************
// Benchmark: SharedKernelBenchmarks.EntityEquality_SameId: .NET 10.0(Runtime=.NET 10.0, Toolchain=net10.0)
// *** Execute ***
// Launch: 1 / 1
// Execute: dotnet "EricksonLopez.SharedKernel.Benchmarks-.NET 10.0-1.dll" --anonymousPipes 119 120 --benchmarkName EricksonLopez.SharedKernel.Benchmarks.SharedKernelBenchmarks.EntityEquality_SameId --job ".NET 10.0" --benchmarkId 8 in /home/runner/work/dotnet-shared-kernel/dotnet-shared-kernel/benchmarks/EricksonLopez.SharedKernel.Benchmarks/bin/Release/net10.0/EricksonLopez.SharedKernel.Benchmarks-.NET 10.0-1/bin/Release/net10.0
// Failed to set up high priority (Permission denied). In order to run benchmarks with high priority, make sure you have the right permissions.
// BeforeAnythingElse

// Benchmark Process Environment Information:
// BenchmarkDotNet v0.15.8
// Runtime=.NET 10.0.12 (10.0.12, 10.0.1226.42308), X64 RyuJIT x86-64-v4
// GC=Concurrent Workstation
// HardwareIntrinsics=AVX512 BITALG+VBMI2+VNNI+VPOPCNTDQ,AVX512 IFMA+VBMI,AVX512 F+BW+CD+DQ+VL,AVX2+BMI1+BMI2+F16C+FMA+LZCNT+MOVBE,AVX,SSE3+SSSE3+SSE4.1+SSE4.2+POPCNT,X86Base+SSE+SSE2,AES+PCLMUL,AvxVnni VectorSize=256
// Job: .NET 10.0

OverheadJitting  1: 1 op, 166390.00 ns, 166.3900 us/op
WorkloadJitting  1: 1 op, 266191.00 ns, 266.1910 us/op

OverheadJitting  2: 16 op, 235524.00 ns, 14.7203 us/op
WorkloadJitting  2: 16 op, 240052.00 ns, 15.0033 us/op

WorkloadPilot    1: 16 op, 2674.00 ns, 167.1250 ns/op
WorkloadPilot    2: 32 op, 2724.00 ns, 85.1250 ns/op
WorkloadPilot    3: 64 op, 1292.00 ns, 20.1875 ns/op
WorkloadPilot    4: 128 op, 1953.00 ns, 15.2578 ns/op
WorkloadPilot    5: 256 op, 5958.00 ns, 23.2734 ns/op
WorkloadPilot    6: 512 op, 7161.00 ns, 13.9863 ns/op
WorkloadPilot    7: 1024 op, 14081.00 ns, 13.7510 ns/op
WorkloadPilot    8: 2048 op, 32108.00 ns, 15.6777 ns/op
WorkloadPilot    9: 4096 op, 55584.00 ns, 13.5703 ns/op
WorkloadPilot   10: 8192 op, 128353.00 ns, 15.6681 ns/op
WorkloadPilot   11: 16384 op, 225560.00 ns, 13.7671 ns/op
WorkloadPilot   12: 32768 op, 455537.00 ns, 13.9019 ns/op
WorkloadPilot   13: 65536 op, 903471.00 ns, 13.7859 ns/op
WorkloadPilot   14: 131072 op, 1796737.00 ns, 13.7080 ns/op
WorkloadPilot   15: 262144 op, 3588365.00 ns, 13.6885 ns/op
WorkloadPilot   16: 524288 op, 7199354.00 ns, 13.7317 ns/op
WorkloadPilot   17: 1048576 op, 14501457.00 ns, 13.8297 ns/op
WorkloadPilot   18: 2097152 op, 28601020.00 ns, 13.6380 ns/op
WorkloadPilot   19: 4194304 op, 56381103.00 ns, 13.4423 ns/op
WorkloadPilot   20: 8388608 op, 24257477.00 ns, 2.8917 ns/op
WorkloadPilot   21: 16777216 op, 25021287.00 ns, 1.4914 ns/op
WorkloadPilot   22: 33554432 op, 46792900.00 ns, 1.3945 ns/op
WorkloadPilot   23: 67108864 op, 88074621.00 ns, 1.3124 ns/op
WorkloadPilot   24: 134217728 op, 175217797.00 ns, 1.3055 ns/op
WorkloadPilot   25: 268435456 op, 349014174.00 ns, 1.3002 ns/op
WorkloadPilot   26: 536870912 op, 639746503.00 ns, 1.1916 ns/op

OverheadWarmup   1: 536870912 op, 842552685.00 ns, 1.5694 ns/op
OverheadWarmup   2: 536870912 op, 669159524.00 ns, 1.2464 ns/op
OverheadWarmup   3: 536870912 op, 622239121.00 ns, 1.1590 ns/op
OverheadWarmup   4: 536870912 op, 636537246.00 ns, 1.1856 ns/op
OverheadWarmup   5: 536870912 op, 645266634.00 ns, 1.2019 ns/op
OverheadWarmup   6: 536870912 op, 632365603.00 ns, 1.1779 ns/op
OverheadWarmup   7: 536870912 op, 621106626.00 ns, 1.1569 ns/op
OverheadWarmup   8: 536870912 op, 618248751.00 ns, 1.1516 ns/op
OverheadWarmup   9: 536870912 op, 628562105.00 ns, 1.1708 ns/op
OverheadWarmup  10: 536870912 op, 617542939.00 ns, 1.1503 ns/op

OverheadActual   1: 536870912 op, 630755649.00 ns, 1.1749 ns/op
OverheadActual   2: 536870912 op, 634064171.00 ns, 1.1810 ns/op
OverheadActual   3: 536870912 op, 641843618.00 ns, 1.1955 ns/op
OverheadActual   4: 536870912 op, 641194080.00 ns, 1.1943 ns/op
OverheadActual   5: 536870912 op, 639294348.00 ns, 1.1908 ns/op
OverheadActual   6: 536870912 op, 635856285.00 ns, 1.1844 ns/op
OverheadActual   7: 536870912 op, 642055482.00 ns, 1.1959 ns/op
OverheadActual   8: 536870912 op, 623886126.00 ns, 1.1621 ns/op
OverheadActual   9: 536870912 op, 626018157.00 ns, 1.1660 ns/op
OverheadActual  10: 536870912 op, 635773961.00 ns, 1.1842 ns/op
OverheadActual  11: 536870912 op, 617670294.00 ns, 1.1505 ns/op
OverheadActual  12: 536870912 op, 631855720.00 ns, 1.1769 ns/op
OverheadActual  13: 536870912 op, 629623277.00 ns, 1.1728 ns/op
OverheadActual  14: 536870912 op, 641417120.00 ns, 1.1947 ns/op
OverheadActual  15: 536870912 op, 640179536.00 ns, 1.1924 ns/op

WorkloadWarmup   1: 536870912 op, 629068261.00 ns, 1.1717 ns/op
WorkloadWarmup   2: 536870912 op, 635400381.00 ns, 1.1835 ns/op
WorkloadWarmup   3: 536870912 op, 643699242.00 ns, 1.1990 ns/op
WorkloadWarmup   4: 536870912 op, 636832819.00 ns, 1.1862 ns/op
WorkloadWarmup   5: 536870912 op, 631401849.00 ns, 1.1761 ns/op
WorkloadWarmup   6: 536870912 op, 644390903.00 ns, 1.2003 ns/op
WorkloadWarmup   7: 536870912 op, 649631127.00 ns, 1.2100 ns/op
WorkloadWarmup   8: 536870912 op, 627327631.00 ns, 1.1685 ns/op

// BeforeActualRun
WorkloadActual   1: 536870912 op, 640093610.00 ns, 1.1923 ns/op
WorkloadActual   2: 536870912 op, 634450551.00 ns, 1.1818 ns/op
WorkloadActual   3: 536870912 op, 665707462.00 ns, 1.2400 ns/op
WorkloadActual   4: 536870912 op, 634222507.00 ns, 1.1813 ns/op
WorkloadActual   5: 536870912 op, 648346932.00 ns, 1.2076 ns/op
WorkloadActual   6: 536870912 op, 650305592.00 ns, 1.2113 ns/op
WorkloadActual   7: 536870912 op, 646664491.00 ns, 1.2045 ns/op
WorkloadActual   8: 536870912 op, 658049111.00 ns, 1.2257 ns/op
WorkloadActual   9: 536870912 op, 648176481.00 ns, 1.2073 ns/op
WorkloadActual  10: 536870912 op, 647617079.00 ns, 1.2063 ns/op
WorkloadActual  11: 536870912 op, 645581412.00 ns, 1.2025 ns/op
WorkloadActual  12: 536870912 op, 645243142.00 ns, 1.2019 ns/op
WorkloadActual  13: 536870912 op, 649798274.00 ns, 1.2103 ns/op
WorkloadActual  14: 536870912 op, 645709064.00 ns, 1.2027 ns/op
WorkloadActual  15: 536870912 op, 644995780.00 ns, 1.2014 ns/op

// AfterActualRun
WorkloadResult   1: 536870912 op, 4319649.00 ns, 0.0080 ns/op
WorkloadResult   2: 536870912 op, 0.00 ns, 0.0000 ns/op
WorkloadResult   3: 536870912 op, 0.00 ns, 0.0000 ns/op
WorkloadResult   4: 536870912 op, 12572971.00 ns, 0.0234 ns/op
WorkloadResult   5: 536870912 op, 14531631.00 ns, 0.0271 ns/op
WorkloadResult   6: 536870912 op, 10890530.00 ns, 0.0203 ns/op
WorkloadResult   7: 536870912 op, 12402520.00 ns, 0.0231 ns/op
WorkloadResult   8: 536870912 op, 11843118.00 ns, 0.0221 ns/op
WorkloadResult   9: 536870912 op, 9807451.00 ns, 0.0183 ns/op
WorkloadResult  10: 536870912 op, 9469181.00 ns, 0.0176 ns/op
WorkloadResult  11: 536870912 op, 14024313.00 ns, 0.0261 ns/op
WorkloadResult  12: 536870912 op, 9935103.00 ns, 0.0185 ns/op
WorkloadResult  13: 536870912 op, 9221819.00 ns, 0.0172 ns/op
// GC:  0 0 0 0 536870912
// Threading:  0 0 536870912

// AfterAll
// Benchmark Process 4176 has exited with code 0.

Mean = 0.017 ns, StdErr = 0.002 ns (14.56%), N = 13, StdDev = 0.009 ns
Min = 0.000 ns, Q1 = 0.017 ns, Median = 0.019 ns, Q3 = 0.023 ns, Max = 0.027 ns
IQR = 0.006 ns, LowerFence = 0.008 ns, UpperFence = 0.032 ns
ConfidenceInterval = [0.006 ns; 0.028 ns] (CI 99.9%), Margin = 0.011 ns (62.87% of Mean)
Skewness = -0.88, Kurtosis = 2.35, MValue = 3.2

// ** Remained 20 (44.4 %) benchmark(s) to run. Estimated finish 2026-09-20 7:24 (0h 3m from now) **
// **************************
// Benchmark: SharedKernelBenchmarks.EntityEquality_DifferentId: .NET 10.0(Runtime=.NET 10.0, Toolchain=net10.0)
// *** Execute ***
// Launch: 1 / 1
// Execute: dotnet "EricksonLopez.SharedKernel.Benchmarks-.NET 10.0-1.dll" --anonymousPipes 119 120 --benchmarkName EricksonLopez.SharedKernel.Benchmarks.SharedKernelBenchmarks.EntityEquality_DifferentId --job ".NET 10.0" --benchmarkId 9 in /home/runner/work/dotnet-shared-kernel/dotnet-shared-kernel/benchmarks/EricksonLopez.SharedKernel.Benchmarks/bin/Release/net10.0/EricksonLopez.SharedKernel.Benchmarks-.NET 10.0-1/bin/Release/net10.0
// Failed to set up high priority (Permission denied). In order to run benchmarks with high priority, make sure you have the right permissions.
// BeforeAnythingElse

// Benchmark Process Environment Information:
// BenchmarkDotNet v0.15.8
// Runtime=.NET 10.0.12 (10.0.12, 10.0.1226.42308), X64 RyuJIT x86-64-v4
// GC=Concurrent Workstation
// HardwareIntrinsics=AVX512 BITALG+VBMI2+VNNI+VPOPCNTDQ,AVX512 IFMA+VBMI,AVX512 F+BW+CD+DQ+VL,AVX2+BMI1+BMI2+F16C+FMA+LZCNT+MOVBE,AVX,SSE3+SSSE3+SSE4.1+SSE4.2+POPCNT,X86Base+SSE+SSE2,AES+PCLMUL,AvxVnni VectorSize=256
// Job: .NET 10.0

OverheadJitting  1: 1 op, 159620.00 ns, 159.6200 us/op
WorkloadJitting  1: 1 op, 264669.00 ns, 264.6690 us/op

OverheadJitting  2: 16 op, 235795.00 ns, 14.7372 us/op
WorkloadJitting  2: 16 op, 223236.00 ns, 13.9523 us/op

WorkloadPilot    1: 16 op, 1112.00 ns, 69.5000 ns/op
WorkloadPilot    2: 32 op, 1161.00 ns, 36.2813 ns/op
WorkloadPilot    3: 64 op, 1452.00 ns, 22.6875 ns/op
WorkloadPilot    4: 128 op, 4186.00 ns, 32.7031 ns/op
WorkloadPilot    5: 256 op, 3816.00 ns, 14.9063 ns/op
WorkloadPilot    6: 512 op, 11217.00 ns, 21.9082 ns/op
WorkloadPilot    7: 1024 op, 18558.00 ns, 18.1230 ns/op
WorkloadPilot    8: 2048 op, 28363.00 ns, 13.8491 ns/op
WorkloadPilot    9: 4096 op, 60461.00 ns, 14.7610 ns/op
WorkloadPilot   10: 8192 op, 112710.00 ns, 13.7585 ns/op
WorkloadPilot   11: 16384 op, 228925.00 ns, 13.9725 ns/op
WorkloadPilot   12: 32768 op, 466723.00 ns, 14.2433 ns/op
WorkloadPilot   13: 65536 op, 923040.00 ns, 14.0845 ns/op
WorkloadPilot   14: 131072 op, 1832200.00 ns, 13.9786 ns/op
WorkloadPilot   15: 262144 op, 3644429.00 ns, 13.9024 ns/op
WorkloadPilot   16: 524288 op, 7282018.00 ns, 13.8893 ns/op
WorkloadPilot   17: 1048576 op, 14536755.00 ns, 13.8633 ns/op
WorkloadPilot   18: 2097152 op, 28913839.00 ns, 13.7872 ns/op
WorkloadPilot   19: 4194304 op, 57873748.00 ns, 13.7982 ns/op
WorkloadPilot   20: 8388608 op, 25570073.00 ns, 3.0482 ns/op
WorkloadPilot   21: 16777216 op, 19965932.00 ns, 1.1901 ns/op
WorkloadPilot   22: 33554432 op, 40439038.00 ns, 1.2052 ns/op
WorkloadPilot   23: 67108864 op, 81119719.00 ns, 1.2088 ns/op
WorkloadPilot   24: 134217728 op, 162172389.00 ns, 1.2083 ns/op
WorkloadPilot   25: 268435456 op, 325429600.00 ns, 1.2123 ns/op
WorkloadPilot   26: 536870912 op, 652409241.00 ns, 1.2152 ns/op

OverheadWarmup   1: 536870912 op, 860418105.00 ns, 1.6027 ns/op
OverheadWarmup   2: 536870912 op, 796911034.00 ns, 1.4844 ns/op
OverheadWarmup   3: 536870912 op, 768253373.00 ns, 1.4310 ns/op
OverheadWarmup   4: 536870912 op, 698446059.00 ns, 1.3010 ns/op
OverheadWarmup   5: 536870912 op, 689265107.00 ns, 1.2839 ns/op
OverheadWarmup   6: 536870912 op, 641637858.00 ns, 1.1951 ns/op
OverheadWarmup   7: 536870912 op, 639462801.00 ns, 1.1911 ns/op
OverheadWarmup   8: 536870912 op, 644867344.00 ns, 1.2012 ns/op
OverheadWarmup   9: 536870912 op, 628730858.00 ns, 1.1711 ns/op
OverheadWarmup  10: 536870912 op, 648182858.00 ns, 1.2073 ns/op

OverheadActual   1: 536870912 op, 639876624.00 ns, 1.1919 ns/op
OverheadActual   2: 536870912 op, 659618295.00 ns, 1.2286 ns/op
OverheadActual   3: 536870912 op, 623124040.00 ns, 1.1607 ns/op
OverheadActual   4: 536870912 op, 641000025.00 ns, 1.1940 ns/op
OverheadActual   5: 536870912 op, 658877590.00 ns, 1.2273 ns/op
OverheadActual   6: 536870912 op, 659733410.00 ns, 1.2288 ns/op
OverheadActual   7: 536870912 op, 656880953.00 ns, 1.2235 ns/op
OverheadActual   8: 536870912 op, 644247696.00 ns, 1.2000 ns/op
OverheadActual   9: 536870912 op, 648191000.00 ns, 1.2073 ns/op
OverheadActual  10: 536870912 op, 645681185.00 ns, 1.2027 ns/op
OverheadActual  11: 536870912 op, 643006977.00 ns, 1.1977 ns/op
OverheadActual  12: 536870912 op, 643125596.00 ns, 1.1979 ns/op
OverheadActual  13: 536870912 op, 640437517.00 ns, 1.1929 ns/op
OverheadActual  14: 536870912 op, 636205573.00 ns, 1.1850 ns/op
OverheadActual  15: 536870912 op, 641507015.00 ns, 1.1949 ns/op

WorkloadWarmup   1: 536870912 op, 651572443.00 ns, 1.2136 ns/op
WorkloadWarmup   2: 536870912 op, 638779985.00 ns, 1.1898 ns/op
WorkloadWarmup   3: 536870912 op, 645541720.00 ns, 1.2024 ns/op
WorkloadWarmup   4: 536870912 op, 630160963.00 ns, 1.1738 ns/op
WorkloadWarmup   5: 536870912 op, 644734253.00 ns, 1.2009 ns/op
WorkloadWarmup   6: 536870912 op, 648477241.00 ns, 1.2079 ns/op
WorkloadWarmup   7: 536870912 op, 640996624.00 ns, 1.1939 ns/op

// BeforeActualRun
WorkloadActual   1: 536870912 op, 637474258.00 ns, 1.1874 ns/op
WorkloadActual   2: 536870912 op, 642114998.00 ns, 1.1960 ns/op
WorkloadActual   3: 536870912 op, 648715460.00 ns, 1.2083 ns/op
WorkloadActual   4: 536870912 op, 650504915.00 ns, 1.2117 ns/op
WorkloadActual   5: 536870912 op, 654149260.00 ns, 1.2184 ns/op
WorkloadActual   6: 536870912 op, 655659092.00 ns, 1.2213 ns/op
WorkloadActual   7: 536870912 op, 649166804.00 ns, 1.2092 ns/op
WorkloadActual   8: 536870912 op, 654211993.00 ns, 1.2186 ns/op
WorkloadActual   9: 536870912 op, 651687104.00 ns, 1.2139 ns/op
WorkloadActual  10: 536870912 op, 640372929.00 ns, 1.1928 ns/op
WorkloadActual  11: 536870912 op, 653808935.00 ns, 1.2178 ns/op
WorkloadActual  12: 536870912 op, 654930284.00 ns, 1.2199 ns/op
WorkloadActual  13: 536870912 op, 670251581.00 ns, 1.2484 ns/op
WorkloadActual  14: 536870912 op, 661020807.00 ns, 1.2312 ns/op
WorkloadActual  15: 536870912 op, 644204049.00 ns, 1.1999 ns/op

// AfterActualRun
WorkloadResult   1: 536870912 op, 0.00 ns, 0.0000 ns/op
WorkloadResult   2: 536870912 op, 0.00 ns, 0.0000 ns/op
WorkloadResult   3: 536870912 op, 5589864.00 ns, 0.0104 ns/op
WorkloadResult   4: 536870912 op, 7379319.00 ns, 0.0137 ns/op
WorkloadResult   5: 536870912 op, 11023664.00 ns, 0.0205 ns/op
WorkloadResult   6: 536870912 op, 12533496.00 ns, 0.0233 ns/op
WorkloadResult   7: 536870912 op, 6041208.00 ns, 0.0113 ns/op
WorkloadResult   8: 536870912 op, 11086397.00 ns, 0.0207 ns/op
WorkloadResult   9: 536870912 op, 8561508.00 ns, 0.0159 ns/op
WorkloadResult  10: 536870912 op, 0.00 ns, 0.0000 ns/op
WorkloadResult  11: 536870912 op, 10683339.00 ns, 0.0199 ns/op
WorkloadResult  12: 536870912 op, 11804688.00 ns, 0.0220 ns/op
WorkloadResult  13: 536870912 op, 17895211.00 ns, 0.0333 ns/op
WorkloadResult  14: 536870912 op, 1078453.00 ns, 0.0020 ns/op
// GC:  0 0 0 32 536870912
// Threading:  0 0 536870912

// AfterAll
// Benchmark Process 4198 has exited with code 0.

Mean = 0.014 ns, StdErr = 0.003 ns (20.12%), N = 14, StdDev = 0.010 ns
Min = 0.000 ns, Q1 = 0.004 ns, Median = 0.015 ns, Q3 = 0.021 ns, Max = 0.033 ns
IQR = 0.017 ns, LowerFence = -0.021 ns, UpperFence = 0.045 ns
ConfidenceInterval = [0.002 ns; 0.026 ns] (CI 99.9%), Margin = 0.012 ns (84.93% of Mean)
Skewness = 0.01, Kurtosis = 1.8, MValue = 2

// ** Remained 19 (42.2 %) benchmark(s) to run. Estimated finish 2026-09-20 7:24 (0h 3m from now) **
// **************************
// Benchmark: SharedKernelBenchmarks.EntityGetHashCode: .NET 10.0(Runtime=.NET 10.0, Toolchain=net10.0)
// *** Execute ***
// Launch: 1 / 1
// Execute: dotnet "EricksonLopez.SharedKernel.Benchmarks-.NET 10.0-1.dll" --anonymousPipes 119 120 --benchmarkName EricksonLopez.SharedKernel.Benchmarks.SharedKernelBenchmarks.EntityGetHashCode --job ".NET 10.0" --benchmarkId 10 in /home/runner/work/dotnet-shared-kernel/dotnet-shared-kernel/benchmarks/EricksonLopez.SharedKernel.Benchmarks/bin/Release/net10.0/EricksonLopez.SharedKernel.Benchmarks-.NET 10.0-1/bin/Release/net10.0
// Failed to set up high priority (Permission denied). In order to run benchmarks with high priority, make sure you have the right permissions.
// BeforeAnythingElse

// Benchmark Process Environment Information:
// BenchmarkDotNet v0.15.8
// Runtime=.NET 10.0.12 (10.0.12, 10.0.1226.42308), X64 RyuJIT x86-64-v4
// GC=Concurrent Workstation
// HardwareIntrinsics=AVX512 BITALG+VBMI2+VNNI+VPOPCNTDQ,AVX512 IFMA+VBMI,AVX512 F+BW+CD+DQ+VL,AVX2+BMI1+BMI2+F16C+FMA+LZCNT+MOVBE,AVX,SSE3+SSSE3+SSE4.1+SSE4.2+POPCNT,X86Base+SSE+SSE2,AES+PCLMUL,AvxVnni VectorSize=256
// Job: .NET 10.0

OverheadJitting  1: 1 op, 170156.00 ns, 170.1560 us/op
WorkloadJitting  1: 1 op, 368185.00 ns, 368.1850 us/op

OverheadJitting  2: 16 op, 261474.00 ns, 16.3421 us/op
WorkloadJitting  2: 16 op, 226181.00 ns, 14.1363 us/op

WorkloadPilot    1: 16 op, 1572.00 ns, 98.2500 ns/op
WorkloadPilot    2: 32 op, 1592.00 ns, 49.7500 ns/op
WorkloadPilot    3: 64 op, 1612.00 ns, 25.1875 ns/op
WorkloadPilot    4: 128 op, 3105.00 ns, 24.2578 ns/op
WorkloadPilot    5: 256 op, 5688.00 ns, 22.2188 ns/op
WorkloadPilot    6: 512 op, 10676.00 ns, 20.8516 ns/op
WorkloadPilot    7: 1024 op, 18418.00 ns, 17.9863 ns/op
WorkloadPilot    8: 2048 op, 27772.00 ns, 13.5605 ns/op
WorkloadPilot    9: 4096 op, 60050.00 ns, 14.6606 ns/op
WorkloadPilot   10: 8192 op, 114062.00 ns, 13.9236 ns/op
WorkloadPilot   11: 16384 op, 230718.00 ns, 14.0819 ns/op
WorkloadPilot   12: 32768 op, 438600.00 ns, 13.3850 ns/op
WorkloadPilot   13: 65536 op, 899505.00 ns, 13.7254 ns/op
WorkloadPilot   14: 131072 op, 1800802.00 ns, 13.7390 ns/op
WorkloadPilot   15: 262144 op, 3567804.00 ns, 13.6101 ns/op
WorkloadPilot   16: 524288 op, 7094615.00 ns, 13.5319 ns/op
WorkloadPilot   17: 1048576 op, 14301290.00 ns, 13.6388 ns/op
WorkloadPilot   18: 2097152 op, 28224820.00 ns, 13.4586 ns/op
WorkloadPilot   19: 4194304 op, 57951624.00 ns, 13.8167 ns/op
WorkloadPilot   20: 8388608 op, 45695774.00 ns, 5.4474 ns/op
WorkloadPilot   21: 16777216 op, 75883312.00 ns, 4.5230 ns/op
WorkloadPilot   22: 33554432 op, 150753708.00 ns, 4.4928 ns/op
WorkloadPilot   23: 67108864 op, 302295670.00 ns, 4.5046 ns/op
WorkloadPilot   24: 134217728 op, 598446702.00 ns, 4.4588 ns/op

OverheadWarmup   1: 134217728 op, 193567108.00 ns, 1.4422 ns/op
OverheadWarmup   2: 134217728 op, 221289352.00 ns, 1.6487 ns/op
OverheadWarmup   3: 134217728 op, 191335588.00 ns, 1.4256 ns/op
OverheadWarmup   4: 134217728 op, 171773995.00 ns, 1.2798 ns/op
OverheadWarmup   5: 134217728 op, 164328831.00 ns, 1.2243 ns/op
OverheadWarmup   6: 134217728 op, 166462295.00 ns, 1.2402 ns/op
OverheadWarmup   7: 134217728 op, 165102958.00 ns, 1.2301 ns/op

OverheadActual   1: 134217728 op, 161109173.00 ns, 1.2004 ns/op
OverheadActual   2: 134217728 op, 169014609.00 ns, 1.2593 ns/op
OverheadActual   3: 134217728 op, 160751824.00 ns, 1.1977 ns/op
OverheadActual   4: 134217728 op, 161695396.00 ns, 1.2047 ns/op
OverheadActual   5: 134217728 op, 161006878.00 ns, 1.1996 ns/op
OverheadActual   6: 134217728 op, 159682564.00 ns, 1.1897 ns/op
OverheadActual   7: 134217728 op, 161885641.00 ns, 1.2061 ns/op
OverheadActual   8: 134217728 op, 161603447.00 ns, 1.2040 ns/op
OverheadActual   9: 134217728 op, 162762743.00 ns, 1.2127 ns/op
OverheadActual  10: 134217728 op, 156112968.00 ns, 1.1631 ns/op
OverheadActual  11: 134217728 op, 159078945.00 ns, 1.1852 ns/op
OverheadActual  12: 134217728 op, 159233908.00 ns, 1.1864 ns/op
OverheadActual  13: 134217728 op, 157639156.00 ns, 1.1745 ns/op
OverheadActual  14: 134217728 op, 159215280.00 ns, 1.1862 ns/op
OverheadActual  15: 134217728 op, 158788327.00 ns, 1.1831 ns/op

WorkloadWarmup   1: 134217728 op, 584852007.00 ns, 4.3575 ns/op
WorkloadWarmup   2: 134217728 op, 592961080.00 ns, 4.4179 ns/op
WorkloadWarmup   3: 134217728 op, 593100941.00 ns, 4.4189 ns/op
WorkloadWarmup   4: 134217728 op, 590718132.00 ns, 4.4012 ns/op
WorkloadWarmup   5: 134217728 op, 598125949.00 ns, 4.4564 ns/op
WorkloadWarmup   6: 134217728 op, 592972017.00 ns, 4.4180 ns/op

// BeforeActualRun
WorkloadActual   1: 134217728 op, 596844023.00 ns, 4.4468 ns/op
WorkloadActual   2: 134217728 op, 582474409.00 ns, 4.3398 ns/op
WorkloadActual   3: 134217728 op, 614944815.00 ns, 4.5817 ns/op
WorkloadActual   4: 134217728 op, 595736174.00 ns, 4.4386 ns/op
WorkloadActual   5: 134217728 op, 581806094.00 ns, 4.3348 ns/op
WorkloadActual   6: 134217728 op, 579421942.00 ns, 4.3170 ns/op
WorkloadActual   7: 134217728 op, 608052084.00 ns, 4.5303 ns/op
WorkloadActual   8: 134217728 op, 604783621.00 ns, 4.5060 ns/op
WorkloadActual   9: 134217728 op, 589485660.00 ns, 4.3920 ns/op
WorkloadActual  10: 134217728 op, 592879512.00 ns, 4.4173 ns/op
WorkloadActual  11: 134217728 op, 597708806.00 ns, 4.4533 ns/op
WorkloadActual  12: 134217728 op, 592429885.00 ns, 4.4139 ns/op
WorkloadActual  13: 134217728 op, 585583803.00 ns, 4.3629 ns/op
WorkloadActual  14: 134217728 op, 591186511.00 ns, 4.4047 ns/op
WorkloadActual  15: 134217728 op, 591212679.00 ns, 4.4049 ns/op

// AfterActualRun
WorkloadResult   1: 134217728 op, 436092199.00 ns, 3.2491 ns/op
WorkloadResult   2: 134217728 op, 421722585.00 ns, 3.1421 ns/op
WorkloadResult   3: 134217728 op, 434984350.00 ns, 3.2409 ns/op
WorkloadResult   4: 134217728 op, 421054270.00 ns, 3.1371 ns/op
WorkloadResult   5: 134217728 op, 418670118.00 ns, 3.1193 ns/op
WorkloadResult   6: 134217728 op, 447300260.00 ns, 3.3326 ns/op
WorkloadResult   7: 134217728 op, 444031797.00 ns, 3.3083 ns/op
WorkloadResult   8: 134217728 op, 428733836.00 ns, 3.1943 ns/op
WorkloadResult   9: 134217728 op, 432127688.00 ns, 3.2196 ns/op
WorkloadResult  10: 134217728 op, 436956982.00 ns, 3.2556 ns/op
WorkloadResult  11: 134217728 op, 431678061.00 ns, 3.2163 ns/op
WorkloadResult  12: 134217728 op, 424831979.00 ns, 3.1652 ns/op
WorkloadResult  13: 134217728 op, 430434687.00 ns, 3.2070 ns/op
WorkloadResult  14: 134217728 op, 430460855.00 ns, 3.2072 ns/op
// GC:  0 0 0 0 134217728
// Threading:  0 0 134217728

// AfterAll
// Benchmark Process 4220 has exited with code 0.

Mean = 3.214 ns, StdErr = 0.017 ns (0.51%), N = 14, StdDev = 0.062 ns
Min = 3.119 ns, Q1 = 3.173 ns, Median = 3.212 ns, Q3 = 3.247 ns, Max = 3.333 ns
IQR = 0.075 ns, LowerFence = 3.061 ns, UpperFence = 3.359 ns
ConfidenceInterval = [3.144 ns; 3.284 ns] (CI 99.9%), Margin = 0.070 ns (2.17% of Mean)
Skewness = 0.26, Kurtosis = 2.11, MValue = 2

// ** Remained 18 (40.0 %) benchmark(s) to run. Estimated finish 2026-09-20 7:25 (0h 3m from now) **
// **************************
// Benchmark: SharedKernelBenchmarks.AggregateDrainDomainEvents_NoEvents: .NET 10.0(Runtime=.NET 10.0, Toolchain=net10.0)
// *** Execute ***
// Launch: 1 / 1
// Execute: dotnet "EricksonLopez.SharedKernel.Benchmarks-.NET 10.0-1.dll" --anonymousPipes 119 120 --benchmarkName EricksonLopez.SharedKernel.Benchmarks.SharedKernelBenchmarks.AggregateDrainDomainEvents_NoEvents --job ".NET 10.0" --benchmarkId 11 in /home/runner/work/dotnet-shared-kernel/dotnet-shared-kernel/benchmarks/EricksonLopez.SharedKernel.Benchmarks/bin/Release/net10.0/EricksonLopez.SharedKernel.Benchmarks-.NET 10.0-1/bin/Release/net10.0
// Failed to set up high priority (Permission denied). In order to run benchmarks with high priority, make sure you have the right permissions.
// BeforeAnythingElse

// Benchmark Process Environment Information:
// BenchmarkDotNet v0.15.8
// Runtime=.NET 10.0.12 (10.0.12, 10.0.1226.42308), X64 RyuJIT x86-64-v4
// GC=Concurrent Workstation
// HardwareIntrinsics=AVX512 BITALG+VBMI2+VNNI+VPOPCNTDQ,AVX512 IFMA+VBMI,AVX512 F+BW+CD+DQ+VL,AVX2+BMI1+BMI2+F16C+FMA+LZCNT+MOVBE,AVX,SSE3+SSSE3+SSE4.1+SSE4.2+POPCNT,X86Base+SSE+SSE2,AES+PCLMUL,AvxVnni VectorSize=256
// Job: .NET 10.0

OverheadJitting  1: 1 op, 160031.00 ns, 160.0310 us/op
WorkloadJitting  1: 1 op, 424779.00 ns, 424.7790 us/op

OverheadJitting  2: 16 op, 261503.00 ns, 16.3439 us/op
WorkloadJitting  2: 16 op, 227582.00 ns, 14.2239 us/op

WorkloadPilot    1: 16 op, 1012.00 ns, 63.2500 ns/op
WorkloadPilot    2: 32 op, 851.00 ns, 26.5938 ns/op
WorkloadPilot    3: 64 op, 2533.00 ns, 39.5781 ns/op
WorkloadPilot    4: 128 op, 1342.00 ns, 10.4844 ns/op
WorkloadPilot    5: 256 op, 4366.00 ns, 17.0547 ns/op
WorkloadPilot    6: 512 op, 7130.00 ns, 13.9258 ns/op
WorkloadPilot    7: 1024 op, 12458.00 ns, 12.1660 ns/op
WorkloadPilot    8: 2048 op, 32198.00 ns, 15.7217 ns/op
WorkloadPilot    9: 4096 op, 36975.00 ns, 9.0271 ns/op
WorkloadPilot   10: 8192 op, 67932.00 ns, 8.2925 ns/op
WorkloadPilot   11: 16384 op, 136526.00 ns, 8.3329 ns/op
WorkloadPilot   12: 32768 op, 256526.00 ns, 7.8286 ns/op
WorkloadPilot   13: 65536 op, 510208.00 ns, 7.7852 ns/op
WorkloadPilot   14: 131072 op, 1083502.00 ns, 8.2665 ns/op
WorkloadPilot   15: 262144 op, 2246964.00 ns, 8.5715 ns/op
WorkloadPilot   16: 524288 op, 4392826.00 ns, 8.3787 ns/op
WorkloadPilot   17: 1048576 op, 8529406.00 ns, 8.1343 ns/op
WorkloadPilot   18: 2097152 op, 16421934.00 ns, 7.8306 ns/op
WorkloadPilot   19: 4194304 op, 34549236.00 ns, 8.2372 ns/op
WorkloadPilot   20: 8388608 op, 60462045.00 ns, 7.2076 ns/op
WorkloadPilot   21: 16777216 op, 26054181.00 ns, 1.5530 ns/op
WorkloadPilot   22: 33554432 op, 51263901.00 ns, 1.5278 ns/op
WorkloadPilot   23: 67108864 op, 101738403.00 ns, 1.5160 ns/op
WorkloadPilot   24: 134217728 op, 200941887.00 ns, 1.4971 ns/op
WorkloadPilot   25: 268435456 op, 401744664.00 ns, 1.4966 ns/op
WorkloadPilot   26: 536870912 op, 786686040.00 ns, 1.4653 ns/op

OverheadWarmup   1: 536870912 op, 812735443.00 ns, 1.5138 ns/op
OverheadWarmup   2: 536870912 op, 799933983.00 ns, 1.4900 ns/op
OverheadWarmup   3: 536870912 op, 763409272.00 ns, 1.4220 ns/op
OverheadWarmup   4: 536870912 op, 729470705.00 ns, 1.3587 ns/op
OverheadWarmup   5: 536870912 op, 712346323.00 ns, 1.3268 ns/op
OverheadWarmup   6: 536870912 op, 680464475.00 ns, 1.2675 ns/op
OverheadWarmup   7: 536870912 op, 650274381.00 ns, 1.2112 ns/op
OverheadWarmup   8: 536870912 op, 647167292.00 ns, 1.2054 ns/op
OverheadWarmup   9: 536870912 op, 648069311.00 ns, 1.2071 ns/op
OverheadWarmup  10: 536870912 op, 628587939.00 ns, 1.1708 ns/op

OverheadActual   1: 536870912 op, 622025545.00 ns, 1.1586 ns/op
OverheadActual   2: 536870912 op, 654881171.00 ns, 1.2198 ns/op
OverheadActual   3: 536870912 op, 618073943.00 ns, 1.1513 ns/op
OverheadActual   4: 536870912 op, 610768761.00 ns, 1.1376 ns/op
OverheadActual   5: 536870912 op, 620525276.00 ns, 1.1558 ns/op
OverheadActual   6: 536870912 op, 617527210.00 ns, 1.1502 ns/op
OverheadActual   7: 536870912 op, 620766269.00 ns, 1.1563 ns/op
OverheadActual   8: 536870912 op, 609196523.00 ns, 1.1347 ns/op
OverheadActual   9: 536870912 op, 615967521.00 ns, 1.1473 ns/op
OverheadActual  10: 536870912 op, 638170491.00 ns, 1.1887 ns/op
OverheadActual  11: 536870912 op, 617814302.00 ns, 1.1508 ns/op
OverheadActual  12: 536870912 op, 619769096.00 ns, 1.1544 ns/op
OverheadActual  13: 536870912 op, 619846483.00 ns, 1.1546 ns/op
OverheadActual  14: 536870912 op, 621323267.00 ns, 1.1573 ns/op
OverheadActual  15: 536870912 op, 628789332.00 ns, 1.1712 ns/op

WorkloadWarmup   1: 536870912 op, 818039504.00 ns, 1.5237 ns/op
WorkloadWarmup   2: 536870912 op, 814976281.00 ns, 1.5180 ns/op
WorkloadWarmup   3: 536870912 op, 829889382.00 ns, 1.5458 ns/op
WorkloadWarmup   4: 536870912 op, 791437588.00 ns, 1.4742 ns/op
WorkloadWarmup   5: 536870912 op, 810454210.00 ns, 1.5096 ns/op
WorkloadWarmup   6: 536870912 op, 821630577.00 ns, 1.5304 ns/op
WorkloadWarmup   7: 536870912 op, 817481423.00 ns, 1.5227 ns/op

// BeforeActualRun
WorkloadActual   1: 536870912 op, 809093509.00 ns, 1.5071 ns/op
WorkloadActual   2: 536870912 op, 802742824.00 ns, 1.4952 ns/op
WorkloadActual   3: 536870912 op, 801511179.00 ns, 1.4929 ns/op
WorkloadActual   4: 536870912 op, 810292565.00 ns, 1.5093 ns/op
WorkloadActual   5: 536870912 op, 809944942.00 ns, 1.5086 ns/op
WorkloadActual   6: 536870912 op, 783607624.00 ns, 1.4596 ns/op
WorkloadActual   7: 536870912 op, 783848988.00 ns, 1.4600 ns/op
WorkloadActual   8: 536870912 op, 797206165.00 ns, 1.4849 ns/op
WorkloadActual   9: 536870912 op, 804969920.00 ns, 1.4994 ns/op
WorkloadActual  10: 536870912 op, 812842325.00 ns, 1.5140 ns/op
WorkloadActual  11: 536870912 op, 813954580.00 ns, 1.5161 ns/op
WorkloadActual  12: 536870912 op, 799929625.00 ns, 1.4900 ns/op
WorkloadActual  13: 536870912 op, 817694322.00 ns, 1.5231 ns/op
WorkloadActual  14: 536870912 op, 803844943.00 ns, 1.4973 ns/op
WorkloadActual  15: 536870912 op, 810753157.00 ns, 1.5101 ns/op

// AfterActualRun
WorkloadResult   1: 536870912 op, 189247026.00 ns, 0.3525 ns/op
WorkloadResult   2: 536870912 op, 182896341.00 ns, 0.3407 ns/op
WorkloadResult   3: 536870912 op, 181664696.00 ns, 0.3384 ns/op
WorkloadResult   4: 536870912 op, 190446082.00 ns, 0.3547 ns/op
WorkloadResult   5: 536870912 op, 190098459.00 ns, 0.3541 ns/op
WorkloadResult   6: 536870912 op, 163761141.00 ns, 0.3050 ns/op
WorkloadResult   7: 536870912 op, 164002505.00 ns, 0.3055 ns/op
WorkloadResult   8: 536870912 op, 177359682.00 ns, 0.3304 ns/op
WorkloadResult   9: 536870912 op, 185123437.00 ns, 0.3448 ns/op
WorkloadResult  10: 536870912 op, 192995842.00 ns, 0.3595 ns/op
WorkloadResult  11: 536870912 op, 194108097.00 ns, 0.3616 ns/op
WorkloadResult  12: 536870912 op, 180083142.00 ns, 0.3354 ns/op
WorkloadResult  13: 536870912 op, 197847839.00 ns, 0.3685 ns/op
WorkloadResult  14: 536870912 op, 183998460.00 ns, 0.3427 ns/op
WorkloadResult  15: 536870912 op, 190906674.00 ns, 0.3556 ns/op
// GC:  0 0 0 32 536870912
// Threading:  0 0 536870912

// AfterAll
// Benchmark Process 4235 has exited with code 0.

Mean = 0.343 ns, StdErr = 0.005 ns (1.40%), N = 15, StdDev = 0.019 ns
Min = 0.305 ns, Q1 = 0.337 ns, Median = 0.345 ns, Q3 = 0.355 ns, Max = 0.369 ns
IQR = 0.018 ns, LowerFence = 0.310 ns, UpperFence = 0.383 ns
ConfidenceInterval = [0.323 ns; 0.363 ns] (CI 99.9%), Margin = 0.020 ns (5.81% of Mean)
Skewness = -0.83, Kurtosis = 2.68, MValue = 2

// ** Remained 17 (37.8 %) benchmark(s) to run. Estimated finish 2026-09-20 7:25 (0h 3m from now) **
// **************************
// Benchmark: SharedKernelBenchmarks.AggregateDrainDomainEvents_WithEvents: .NET 10.0(Runtime=.NET 10.0, Toolchain=net10.0)
// *** Execute ***
// Launch: 1 / 1
// Execute: dotnet "EricksonLopez.SharedKernel.Benchmarks-.NET 10.0-1.dll" --anonymousPipes 119 120 --benchmarkName EricksonLopez.SharedKernel.Benchmarks.SharedKernelBenchmarks.AggregateDrainDomainEvents_WithEvents --job ".NET 10.0" --benchmarkId 12 in /home/runner/work/dotnet-shared-kernel/dotnet-shared-kernel/benchmarks/EricksonLopez.SharedKernel.Benchmarks/bin/Release/net10.0/EricksonLopez.SharedKernel.Benchmarks-.NET 10.0-1/bin/Release/net10.0
// Failed to set up high priority (Permission denied). In order to run benchmarks with high priority, make sure you have the right permissions.
// BeforeAnythingElse

// Benchmark Process Environment Information:
// BenchmarkDotNet v0.15.8
// Runtime=.NET 10.0.12 (10.0.12, 10.0.1226.42308), X64 RyuJIT x86-64-v4
// GC=Concurrent Workstation
// HardwareIntrinsics=AVX512 BITALG+VBMI2+VNNI+VPOPCNTDQ,AVX512 IFMA+VBMI,AVX512 F+BW+CD+DQ+VL,AVX2+BMI1+BMI2+F16C+FMA+LZCNT+MOVBE,AVX,SSE3+SSSE3+SSE4.1+SSE4.2+POPCNT,X86Base+SSE+SSE2,AES+PCLMUL,AvxVnni VectorSize=256
// Job: .NET 10.0

OverheadJitting  1: 1 op, 169215.00 ns, 169.2150 us/op
WorkloadJitting  1: 1 op, 454445.00 ns, 454.4450 us/op

OverheadJitting  2: 16 op, 251439.00 ns, 15.7149 us/op
WorkloadJitting  2: 16 op, 302456.00 ns, 18.9035 us/op

WorkloadPilot    1: 16 op, 7001.00 ns, 437.5625 ns/op
WorkloadPilot    2: 32 op, 21803.00 ns, 681.3438 ns/op
WorkloadPilot    3: 64 op, 22123.00 ns, 345.6719 ns/op
WorkloadPilot    4: 128 op, 30115.00 ns, 235.2734 ns/op
WorkloadPilot    5: 256 op, 47772.00 ns, 186.6094 ns/op
WorkloadPilot    6: 512 op, 105258.00 ns, 205.5820 ns/op
WorkloadPilot    7: 1024 op, 156015.00 ns, 152.3584 ns/op
WorkloadPilot    8: 2048 op, 351469.00 ns, 171.6157 ns/op
WorkloadPilot    9: 4096 op, 491671.00 ns, 120.0369 ns/op
WorkloadPilot   10: 8192 op, 1097583.00 ns, 133.9823 ns/op
WorkloadPilot   11: 16384 op, 2196338.00 ns, 134.0538 ns/op
WorkloadPilot   12: 32768 op, 4123601.00 ns, 125.8423 ns/op
WorkloadPilot   13: 65536 op, 8227442.00 ns, 125.5408 ns/op
WorkloadPilot   14: 131072 op, 15775741.00 ns, 120.3594 ns/op
WorkloadPilot   15: 262144 op, 21728607.00 ns, 82.8881 ns/op
WorkloadPilot   16: 524288 op, 44821550.00 ns, 85.4903 ns/op
WorkloadPilot   17: 1048576 op, 42630249.00 ns, 40.6554 ns/op
WorkloadPilot   18: 2097152 op, 38585948.00 ns, 18.3992 ns/op
WorkloadPilot   19: 4194304 op, 78794490.00 ns, 18.7861 ns/op
WorkloadPilot   20: 8388608 op, 154468699.00 ns, 18.4141 ns/op
WorkloadPilot   21: 16777216 op, 309812877.00 ns, 18.4663 ns/op
WorkloadPilot   22: 33554432 op, 631659048.00 ns, 18.8249 ns/op

OverheadWarmup   1: 33554432 op, 47189917.00 ns, 1.4064 ns/op
OverheadWarmup   2: 33554432 op, 47136126.00 ns, 1.4048 ns/op
OverheadWarmup   3: 33554432 op, 46776995.00 ns, 1.3941 ns/op
OverheadWarmup   4: 33554432 op, 46785016.00 ns, 1.3943 ns/op
OverheadWarmup   5: 33554432 op, 47465139.00 ns, 1.4146 ns/op
OverheadWarmup   6: 33554432 op, 47674093.00 ns, 1.4208 ns/op
OverheadWarmup   7: 33554432 op, 52529988.00 ns, 1.5655 ns/op
OverheadWarmup   8: 33554432 op, 49459814.00 ns, 1.4740 ns/op
OverheadWarmup   9: 33554432 op, 47539781.00 ns, 1.4168 ns/op
OverheadWarmup  10: 33554432 op, 48673599.00 ns, 1.4506 ns/op

OverheadActual   1: 33554432 op, 41660948.00 ns, 1.2416 ns/op
OverheadActual   2: 33554432 op, 42776248.00 ns, 1.2748 ns/op
OverheadActual   3: 33554432 op, 41631673.00 ns, 1.2407 ns/op
OverheadActual   4: 33554432 op, 40731347.00 ns, 1.2139 ns/op
OverheadActual   5: 33554432 op, 39869960.00 ns, 1.1882 ns/op
OverheadActual   6: 33554432 op, 40026926.00 ns, 1.1929 ns/op
OverheadActual   7: 33554432 op, 40140056.00 ns, 1.1963 ns/op
OverheadActual   8: 33554432 op, 40786851.00 ns, 1.2155 ns/op
OverheadActual   9: 33554432 op, 41159843.00 ns, 1.2267 ns/op
OverheadActual  10: 33554432 op, 40087868.00 ns, 1.1947 ns/op
OverheadActual  11: 33554432 op, 39602287.00 ns, 1.1802 ns/op
OverheadActual  12: 33554432 op, 39754726.00 ns, 1.1848 ns/op
OverheadActual  13: 33554432 op, 40785299.00 ns, 1.2155 ns/op
OverheadActual  14: 33554432 op, 40018013.00 ns, 1.1926 ns/op
OverheadActual  15: 33554432 op, 39564290.00 ns, 1.1791 ns/op

WorkloadWarmup   1: 33554432 op, 644238966.00 ns, 19.1998 ns/op
WorkloadWarmup   2: 33554432 op, 645371271.00 ns, 19.2336 ns/op
WorkloadWarmup   3: 33554432 op, 622937653.00 ns, 18.5650 ns/op
WorkloadWarmup   4: 33554432 op, 617880786.00 ns, 18.4143 ns/op
WorkloadWarmup   5: 33554432 op, 619254856.00 ns, 18.4552 ns/op
WorkloadWarmup   6: 33554432 op, 614233734.00 ns, 18.3056 ns/op

// BeforeActualRun
WorkloadActual   1: 33554432 op, 622387264.00 ns, 18.5486 ns/op
WorkloadActual   2: 33554432 op, 609454766.00 ns, 18.1632 ns/op
WorkloadActual   3: 33554432 op, 674290628.00 ns, 20.0954 ns/op
WorkloadActual   4: 33554432 op, 635718052.00 ns, 18.9459 ns/op
WorkloadActual   5: 33554432 op, 636442063.00 ns, 18.9675 ns/op
WorkloadActual   6: 33554432 op, 627418662.00 ns, 18.6985 ns/op
WorkloadActual   7: 33554432 op, 623857837.00 ns, 18.5924 ns/op
WorkloadActual   8: 33554432 op, 616811845.00 ns, 18.3824 ns/op
WorkloadActual   9: 33554432 op, 613384773.00 ns, 18.2803 ns/op
WorkloadActual  10: 33554432 op, 643324236.00 ns, 19.1726 ns/op
WorkloadActual  11: 33554432 op, 600028598.00 ns, 17.8822 ns/op
WorkloadActual  12: 33554432 op, 604340972.00 ns, 18.0108 ns/op
WorkloadActual  13: 33554432 op, 603595740.00 ns, 17.9886 ns/op
WorkloadActual  14: 33554432 op, 613445405.00 ns, 18.2821 ns/op
WorkloadActual  15: 33554432 op, 608633087.00 ns, 18.1387 ns/op
WorkloadActual  16: 33554432 op, 605750325.00 ns, 18.0528 ns/op
WorkloadActual  17: 33554432 op, 629431793.00 ns, 18.7585 ns/op
WorkloadActual  18: 33554432 op, 634356239.00 ns, 18.9053 ns/op
WorkloadActual  19: 33554432 op, 604070822.00 ns, 18.0027 ns/op
WorkloadActual  20: 33554432 op, 609185063.00 ns, 18.1551 ns/op

// AfterActualRun
WorkloadResult   1: 33554432 op, 582247208.00 ns, 17.3523 ns/op
WorkloadResult   2: 33554432 op, 569314710.00 ns, 16.9669 ns/op
WorkloadResult   3: 33554432 op, 595577996.00 ns, 17.7496 ns/op
WorkloadResult   4: 33554432 op, 596302007.00 ns, 17.7712 ns/op
WorkloadResult   5: 33554432 op, 587278606.00 ns, 17.5023 ns/op
WorkloadResult   6: 33554432 op, 583717781.00 ns, 17.3961 ns/op
WorkloadResult   7: 33554432 op, 576671789.00 ns, 17.1862 ns/op
WorkloadResult   8: 33554432 op, 573244717.00 ns, 17.0840 ns/op
WorkloadResult   9: 33554432 op, 603184180.00 ns, 17.9763 ns/op
WorkloadResult  10: 33554432 op, 559888542.00 ns, 16.6860 ns/op
WorkloadResult  11: 33554432 op, 564200916.00 ns, 16.8145 ns/op
WorkloadResult  12: 33554432 op, 563455684.00 ns, 16.7923 ns/op
WorkloadResult  13: 33554432 op, 573305349.00 ns, 17.0858 ns/op
WorkloadResult  14: 33554432 op, 568493031.00 ns, 16.9424 ns/op
WorkloadResult  15: 33554432 op, 565610269.00 ns, 16.8565 ns/op
WorkloadResult  16: 33554432 op, 589291737.00 ns, 17.5623 ns/op
WorkloadResult  17: 33554432 op, 594216183.00 ns, 17.7090 ns/op
WorkloadResult  18: 33554432 op, 563930766.00 ns, 16.8064 ns/op
WorkloadResult  19: 33554432 op, 569045007.00 ns, 16.9589 ns/op
// GC:  224 0 0 3758096384 33554432
// Threading:  0 0 33554432

// AfterAll
// Benchmark Process 4257 has exited with code 0.

Mean = 17.221 ns, StdErr = 0.091 ns (0.53%), N = 19, StdDev = 0.396 ns
Min = 16.686 ns, Q1 = 16.899 ns, Median = 17.086 ns, Q3 = 17.532 ns, Max = 17.976 ns
IQR = 0.633 ns, LowerFence = 15.950 ns, UpperFence = 18.481 ns
ConfidenceInterval = [16.865 ns; 17.577 ns] (CI 99.9%), Margin = 0.356 ns (2.07% of Mean)
Skewness = 0.38, Kurtosis = 1.67, MValue = 2

// ** Remained 16 (35.6 %) benchmark(s) to run. Estimated finish 2026-09-20 7:25 (0h 3m from now) **
// **************************
// Benchmark: SharedKernelBenchmarks.AggregateRaiseDomainEvent_FirstTime: .NET 10.0(Runtime=.NET 10.0, Toolchain=net10.0)
// *** Execute ***
// Launch: 1 / 1
// Execute: dotnet "EricksonLopez.SharedKernel.Benchmarks-.NET 10.0-1.dll" --anonymousPipes 119 120 --benchmarkName EricksonLopez.SharedKernel.Benchmarks.SharedKernelBenchmarks.AggregateRaiseDomainEvent_FirstTime --job ".NET 10.0" --benchmarkId 13 in /home/runner/work/dotnet-shared-kernel/dotnet-shared-kernel/benchmarks/EricksonLopez.SharedKernel.Benchmarks/bin/Release/net10.0/EricksonLopez.SharedKernel.Benchmarks-.NET 10.0-1/bin/Release/net10.0
// Failed to set up high priority (Permission denied). In order to run benchmarks with high priority, make sure you have the right permissions.
// BeforeAnythingElse

// Benchmark Process Environment Information:
// BenchmarkDotNet v0.15.8
// Runtime=.NET 10.0.12 (10.0.12, 10.0.1226.42308), X64 RyuJIT x86-64-v4
// GC=Concurrent Workstation
// HardwareIntrinsics=AVX512 BITALG+VBMI2+VNNI+VPOPCNTDQ,AVX512 IFMA+VBMI,AVX512 F+BW+CD+DQ+VL,AVX2+BMI1+BMI2+F16C+FMA+LZCNT+MOVBE,AVX,SSE3+SSSE3+SSE4.1+SSE4.2+POPCNT,X86Base+SSE+SSE2,AES+PCLMUL,AvxVnni VectorSize=256
// Job: .NET 10.0

OverheadJitting  1: 1 op, 202805.00 ns, 202.8050 us/op
WorkloadJitting  1: 1 op, 200512.00 ns, 200.5120 us/op

OverheadJitting  2: 16 op, 310137.00 ns, 19.3836 us/op
WorkloadJitting  2: 16 op, 312460.00 ns, 19.5288 us/op

WorkloadPilot    1: 16 op, 5579.00 ns, 348.6875 ns/op
WorkloadPilot    2: 32 op, 22634.00 ns, 707.3125 ns/op
WorkloadPilot    3: 64 op, 22624.00 ns, 353.5000 ns/op
WorkloadPilot    4: 128 op, 26170.00 ns, 204.4531 ns/op
WorkloadPilot    5: 256 op, 37486.00 ns, 146.4297 ns/op
WorkloadPilot    6: 512 op, 62244.00 ns, 121.5703 ns/op
WorkloadPilot    7: 1024 op, 121423.00 ns, 118.5771 ns/op
WorkloadPilot    8: 2048 op, 242305.00 ns, 118.3130 ns/op
WorkloadPilot    9: 4096 op, 344639.00 ns, 84.1404 ns/op
WorkloadPilot   10: 8192 op, 795878.00 ns, 97.1531 ns/op
WorkloadPilot   11: 16384 op, 1573660.00 ns, 96.0486 ns/op
WorkloadPilot   12: 32768 op, 3081071.00 ns, 94.0268 ns/op
WorkloadPilot   13: 65536 op, 6114609.00 ns, 93.3015 ns/op
WorkloadPilot   14: 131072 op, 12381578.00 ns, 94.4639 ns/op
WorkloadPilot   15: 262144 op, 15865725.00 ns, 60.5229 ns/op
WorkloadPilot   16: 524288 op, 29830248.00 ns, 56.8967 ns/op
WorkloadPilot   17: 1048576 op, 58397633.00 ns, 55.6923 ns/op
WorkloadPilot   18: 2097152 op, 46360033.00 ns, 22.1062 ns/op
WorkloadPilot   19: 4194304 op, 80601516.00 ns, 19.2169 ns/op
WorkloadPilot   20: 8388608 op, 165658681.00 ns, 19.7481 ns/op
WorkloadPilot   21: 16777216 op, 333720822.00 ns, 19.8913 ns/op
WorkloadPilot   22: 33554432 op, 669622188.00 ns, 19.9563 ns/op

OverheadWarmup   1: 33554432 op, 78807273.00 ns, 2.3486 ns/op
OverheadWarmup   2: 33554432 op, 79227636.00 ns, 2.3612 ns/op
OverheadWarmup   3: 33554432 op, 83603156.00 ns, 2.4916 ns/op
OverheadWarmup   4: 33554432 op, 86290344.00 ns, 2.5717 ns/op
OverheadWarmup   5: 33554432 op, 86553759.00 ns, 2.5795 ns/op
OverheadWarmup   6: 33554432 op, 87118471.00 ns, 2.5963 ns/op
OverheadWarmup   7: 33554432 op, 81284804.00 ns, 2.4225 ns/op
OverheadWarmup   8: 33554432 op, 80952194.00 ns, 2.4126 ns/op
OverheadWarmup   9: 33554432 op, 80497489.00 ns, 2.3990 ns/op
OverheadWarmup  10: 33554432 op, 79700318.00 ns, 2.3753 ns/op

OverheadActual   1: 33554432 op, 73341270.00 ns, 2.1857 ns/op
OverheadActual   2: 33554432 op, 71079204.00 ns, 2.1183 ns/op
OverheadActual   3: 33554432 op, 73227419.00 ns, 2.1823 ns/op
OverheadActual   4: 33554432 op, 73063141.00 ns, 2.1775 ns/op
OverheadActual   5: 33554432 op, 72034402.00 ns, 2.1468 ns/op
OverheadActual   6: 33554432 op, 72340553.00 ns, 2.1559 ns/op
OverheadActual   7: 33554432 op, 72313052.00 ns, 2.1551 ns/op
OverheadActual   8: 33554432 op, 71272975.00 ns, 2.1241 ns/op
OverheadActual   9: 33554432 op, 75269385.00 ns, 2.2432 ns/op
OverheadActual  10: 33554432 op, 71918868.00 ns, 2.1433 ns/op
OverheadActual  11: 33554432 op, 72688998.00 ns, 2.1663 ns/op
OverheadActual  12: 33554432 op, 74768440.00 ns, 2.2283 ns/op
OverheadActual  13: 33554432 op, 78073748.00 ns, 2.3268 ns/op
OverheadActual  14: 33554432 op, 92448368.00 ns, 2.7552 ns/op
OverheadActual  15: 33554432 op, 74861070.00 ns, 2.2310 ns/op

WorkloadWarmup   1: 33554432 op, 685529908.00 ns, 20.4304 ns/op
WorkloadWarmup   2: 33554432 op, 678442143.00 ns, 20.2192 ns/op
WorkloadWarmup   3: 33554432 op, 684142247.00 ns, 20.3890 ns/op
WorkloadWarmup   4: 33554432 op, 668891597.00 ns, 19.9345 ns/op
WorkloadWarmup   5: 33554432 op, 663121013.00 ns, 19.7625 ns/op
WorkloadWarmup   6: 33554432 op, 685056957.00 ns, 20.4163 ns/op
WorkloadWarmup   7: 33554432 op, 653643871.00 ns, 19.4801 ns/op

// BeforeActualRun
WorkloadActual   1: 33554432 op, 689464605.00 ns, 20.5476 ns/op
WorkloadActual   2: 33554432 op, 764298220.00 ns, 22.7779 ns/op
WorkloadActual   3: 33554432 op, 724453086.00 ns, 21.5904 ns/op
WorkloadActual   4: 33554432 op, 732253222.00 ns, 21.8228 ns/op
WorkloadActual   5: 33554432 op, 657905258.00 ns, 19.6071 ns/op
WorkloadActual   6: 33554432 op, 690520015.00 ns, 20.5791 ns/op
WorkloadActual   7: 33554432 op, 664967534.00 ns, 19.8176 ns/op
WorkloadActual   8: 33554432 op, 665969272.00 ns, 19.8474 ns/op
WorkloadActual   9: 33554432 op, 680494537.00 ns, 20.2803 ns/op
WorkloadActual  10: 33554432 op, 682846727.00 ns, 20.3504 ns/op
WorkloadActual  11: 33554432 op, 710457965.00 ns, 21.1733 ns/op
WorkloadActual  12: 33554432 op, 719102983.00 ns, 21.4309 ns/op
WorkloadActual  13: 33554432 op, 716503468.00 ns, 21.3535 ns/op
WorkloadActual  14: 33554432 op, 713831955.00 ns, 21.2739 ns/op
WorkloadActual  15: 33554432 op, 703550383.00 ns, 20.9674 ns/op
WorkloadActual  16: 33554432 op, 684008897.00 ns, 20.3851 ns/op
WorkloadActual  17: 33554432 op, 678968296.00 ns, 20.2348 ns/op
WorkloadActual  18: 33554432 op, 648691464.00 ns, 19.3325 ns/op
WorkloadActual  19: 33554432 op, 664295532.00 ns, 19.7975 ns/op
WorkloadActual  20: 33554432 op, 657957839.00 ns, 19.6087 ns/op
WorkloadActual  21: 33554432 op, 670755939.00 ns, 19.9901 ns/op
WorkloadActual  22: 33554432 op, 679414614.00 ns, 20.2481 ns/op
WorkloadActual  23: 33554432 op, 691380535.00 ns, 20.6047 ns/op
WorkloadActual  24: 33554432 op, 672526469.00 ns, 20.0429 ns/op
WorkloadActual  25: 33554432 op, 662319827.00 ns, 19.7387 ns/op
WorkloadActual  26: 33554432 op, 678126018.00 ns, 20.2097 ns/op
WorkloadActual  27: 33554432 op, 743330387.00 ns, 22.1530 ns/op
WorkloadActual  28: 33554432 op, 703315811.00 ns, 20.9604 ns/op
WorkloadActual  29: 33554432 op, 701820579.00 ns, 20.9159 ns/op
WorkloadActual  30: 33554432 op, 682935757.00 ns, 20.3531 ns/op
WorkloadActual  31: 33554432 op, 677086837.00 ns, 20.1788 ns/op
WorkloadActual  32: 33554432 op, 660121425.00 ns, 19.6732 ns/op
WorkloadActual  33: 33554432 op, 661014439.00 ns, 19.6998 ns/op
WorkloadActual  34: 33554432 op, 673278219.00 ns, 20.0653 ns/op
WorkloadActual  35: 33554432 op, 662708350.00 ns, 19.7502 ns/op
WorkloadActual  36: 33554432 op, 676063745.00 ns, 20.1483 ns/op
WorkloadActual  37: 33554432 op, 648447532.00 ns, 19.3252 ns/op
WorkloadActual  38: 33554432 op, 658391703.00 ns, 19.6216 ns/op
WorkloadActual  39: 33554432 op, 660295846.00 ns, 19.6783 ns/op
WorkloadActual  40: 33554432 op, 674431485.00 ns, 20.0996 ns/op

// AfterActualRun
WorkloadResult   1: 33554432 op, 616401464.00 ns, 18.3702 ns/op
WorkloadResult   2: 33554432 op, 651389945.00 ns, 19.4129 ns/op
WorkloadResult   3: 33554432 op, 659190081.00 ns, 19.6454 ns/op
WorkloadResult   4: 33554432 op, 584842117.00 ns, 17.4297 ns/op
WorkloadResult   5: 33554432 op, 617456874.00 ns, 18.4016 ns/op
WorkloadResult   6: 33554432 op, 591904393.00 ns, 17.6401 ns/op
WorkloadResult   7: 33554432 op, 592906131.00 ns, 17.6700 ns/op
WorkloadResult   8: 33554432 op, 607431396.00 ns, 18.1029 ns/op
WorkloadResult   9: 33554432 op, 609783586.00 ns, 18.1730 ns/op
WorkloadResult  10: 33554432 op, 637394824.00 ns, 18.9958 ns/op
WorkloadResult  11: 33554432 op, 646039842.00 ns, 19.2535 ns/op
WorkloadResult  12: 33554432 op, 643440327.00 ns, 19.1760 ns/op
WorkloadResult  13: 33554432 op, 640768814.00 ns, 19.0964 ns/op
WorkloadResult  14: 33554432 op, 630487242.00 ns, 18.7900 ns/op
WorkloadResult  15: 33554432 op, 610945756.00 ns, 18.2076 ns/op
WorkloadResult  16: 33554432 op, 605905155.00 ns, 18.0574 ns/op
WorkloadResult  17: 33554432 op, 575628323.00 ns, 17.1551 ns/op
WorkloadResult  18: 33554432 op, 591232391.00 ns, 17.6201 ns/op
WorkloadResult  19: 33554432 op, 584894698.00 ns, 17.4312 ns/op
WorkloadResult  20: 33554432 op, 597692798.00 ns, 17.8126 ns/op
WorkloadResult  21: 33554432 op, 606351473.00 ns, 18.0707 ns/op
WorkloadResult  22: 33554432 op, 618317394.00 ns, 18.4273 ns/op
WorkloadResult  23: 33554432 op, 599463328.00 ns, 17.8654 ns/op
WorkloadResult  24: 33554432 op, 589256686.00 ns, 17.5612 ns/op
WorkloadResult  25: 33554432 op, 605062877.00 ns, 18.0323 ns/op
WorkloadResult  26: 33554432 op, 670267246.00 ns, 19.9755 ns/op
WorkloadResult  27: 33554432 op, 630252670.00 ns, 18.7830 ns/op
WorkloadResult  28: 33554432 op, 628757438.00 ns, 18.7384 ns/op
WorkloadResult  29: 33554432 op, 609872616.00 ns, 18.1756 ns/op
WorkloadResult  30: 33554432 op, 604023696.00 ns, 18.0013 ns/op
WorkloadResult  31: 33554432 op, 587058284.00 ns, 17.4957 ns/op
WorkloadResult  32: 33554432 op, 587951298.00 ns, 17.5223 ns/op
WorkloadResult  33: 33554432 op, 600215078.00 ns, 17.8878 ns/op
WorkloadResult  34: 33554432 op, 589645209.00 ns, 17.5728 ns/op
WorkloadResult  35: 33554432 op, 603000604.00 ns, 17.9708 ns/op
WorkloadResult  36: 33554432 op, 575384391.00 ns, 17.1478 ns/op
WorkloadResult  37: 33554432 op, 585328562.00 ns, 17.4442 ns/op
WorkloadResult  38: 33554432 op, 587232705.00 ns, 17.5009 ns/op
WorkloadResult  39: 33554432 op, 601368344.00 ns, 17.9222 ns/op
// GC:  256 0 0 4294967296 33554432
// Threading:  0 0 33554432

// AfterAll
// Benchmark Process 4269 has exited with code 0.

Mean = 18.168 ns, StdErr = 0.113 ns (0.62%), N = 39, StdDev = 0.707 ns
Min = 17.148 ns, Q1 = 17.596 ns, Median = 18.032 ns, Q3 = 18.583 ns, Max = 19.976 ns
IQR = 0.986 ns, LowerFence = 16.117 ns, UpperFence = 20.062 ns
ConfidenceInterval = [17.764 ns; 18.571 ns] (CI 99.9%), Margin = 0.404 ns (2.22% of Mean)
Skewness = 0.75, Kurtosis = 2.67, MValue = 2

// ** Remained 15 (33.3 %) benchmark(s) to run. Estimated finish 2026-09-20 7:26 (0h 3m from now) **
// **************************
// Benchmark: SharedKernelBenchmarks.AggregateRaiseDomainEvent_Subsequent: .NET 10.0(Runtime=.NET 10.0, Toolchain=net10.0)
// *** Execute ***
// Launch: 1 / 1
// Execute: dotnet "EricksonLopez.SharedKernel.Benchmarks-.NET 10.0-1.dll" --anonymousPipes 119 120 --benchmarkName EricksonLopez.SharedKernel.Benchmarks.SharedKernelBenchmarks.AggregateRaiseDomainEvent_Subsequent --job ".NET 10.0" --benchmarkId 14 in /home/runner/work/dotnet-shared-kernel/dotnet-shared-kernel/benchmarks/EricksonLopez.SharedKernel.Benchmarks/bin/Release/net10.0/EricksonLopez.SharedKernel.Benchmarks-.NET 10.0-1/bin/Release/net10.0
// Failed to set up high priority (Permission denied). In order to run benchmarks with high priority, make sure you have the right permissions.
// BeforeAnythingElse

// Benchmark Process Environment Information:
// BenchmarkDotNet v0.15.8
// Runtime=.NET 10.0.12 (10.0.12, 10.0.1226.42308), X64 RyuJIT x86-64-v4
// GC=Concurrent Workstation
// HardwareIntrinsics=AVX512 BITALG+VBMI2+VNNI+VPOPCNTDQ,AVX512 IFMA+VBMI,AVX512 F+BW+CD+DQ+VL,AVX2+BMI1+BMI2+F16C+FMA+LZCNT+MOVBE,AVX,SSE3+SSSE3+SSE4.1+SSE4.2+POPCNT,X86Base+SSE+SSE2,AES+PCLMUL,AvxVnni VectorSize=256
// Job: .NET 10.0

OverheadJitting  1: 1 op, 121292.00 ns, 121.2920 us/op
WorkloadJitting  1: 1 op, 131128.00 ns, 131.1280 us/op

OverheadJitting  2: 16 op, 145820.00 ns, 9.1138 us/op
WorkloadJitting  2: 16 op, 149115.00 ns, 9.3197 us/op

WorkloadPilot    1: 16 op, 2794.00 ns, 174.6250 ns/op
WorkloadPilot    2: 32 op, 8102.00 ns, 253.1875 ns/op
WorkloadPilot    3: 64 op, 1723.00 ns, 26.9219 ns/op
WorkloadPilot    4: 128 op, 13641.00 ns, 106.5703 ns/op
WorkloadPilot    5: 256 op, 12128.00 ns, 47.3750 ns/op
WorkloadPilot    6: 512 op, 10126.00 ns, 19.7773 ns/op
WorkloadPilot    7: 1024 op, 32168.00 ns, 31.4141 ns/op
WorkloadPilot    8: 2048 op, 54111.00 ns, 26.4214 ns/op
WorkloadPilot    9: 4096 op, 73491.00 ns, 17.9421 ns/op
WorkloadPilot   10: 8192 op, 174823.00 ns, 21.3407 ns/op
WorkloadPilot   11: 16384 op, 337699.00 ns, 20.6115 ns/op
WorkloadPilot   12: 32768 op, 669077.00 ns, 20.4186 ns/op
WorkloadPilot   13: 65536 op, 1363824.00 ns, 20.8103 ns/op
WorkloadPilot   14: 131072 op, 2263890.00 ns, 17.2721 ns/op
WorkloadPilot   15: 262144 op, 4461199.00 ns, 17.0181 ns/op
WorkloadPilot   16: 524288 op, 7652545.00 ns, 14.5961 ns/op
WorkloadPilot   17: 1048576 op, 14398064.00 ns, 13.7311 ns/op
WorkloadPilot   18: 2097152 op, 25741508.00 ns, 12.2745 ns/op
WorkloadPilot   19: 4194304 op, 46794225.00 ns, 11.1566 ns/op
WorkloadPilot   20: 8388608 op, 52029541.00 ns, 6.2024 ns/op
WorkloadPilot   21: 16777216 op, 105158577.00 ns, 6.2679 ns/op
WorkloadPilot   22: 33554432 op, 208621230.00 ns, 6.2174 ns/op
WorkloadPilot   23: 67108864 op, 416046999.00 ns, 6.1996 ns/op
WorkloadPilot   24: 134217728 op, 832113252.00 ns, 6.1997 ns/op

OverheadWarmup   1: 134217728 op, 220720846.00 ns, 1.6445 ns/op
OverheadWarmup   2: 134217728 op, 161411061.00 ns, 1.2026 ns/op
OverheadWarmup   3: 134217728 op, 163407708.00 ns, 1.2175 ns/op
OverheadWarmup   4: 134217728 op, 170476293.00 ns, 1.2701 ns/op
OverheadWarmup   5: 134217728 op, 161492863.00 ns, 1.2032 ns/op
OverheadWarmup   6: 134217728 op, 159429006.00 ns, 1.1878 ns/op
OverheadWarmup   7: 134217728 op, 161032164.00 ns, 1.1998 ns/op
OverheadWarmup   8: 134217728 op, 161779781.00 ns, 1.2054 ns/op
OverheadWarmup   9: 134217728 op, 159581500.00 ns, 1.1890 ns/op

OverheadActual   1: 134217728 op, 168990410.00 ns, 1.2591 ns/op
OverheadActual   2: 134217728 op, 163990750.00 ns, 1.2218 ns/op
OverheadActual   3: 134217728 op, 161443724.00 ns, 1.2028 ns/op
OverheadActual   4: 134217728 op, 160573513.00 ns, 1.1964 ns/op
OverheadActual   5: 134217728 op, 160212830.00 ns, 1.1937 ns/op
OverheadActual   6: 134217728 op, 161305667.00 ns, 1.2018 ns/op
OverheadActual   7: 134217728 op, 160130356.00 ns, 1.1931 ns/op
OverheadActual   8: 134217728 op, 153923969.00 ns, 1.1468 ns/op
OverheadActual   9: 134217728 op, 156410194.00 ns, 1.1653 ns/op
OverheadActual  10: 134217728 op, 164107256.00 ns, 1.2227 ns/op
OverheadActual  11: 134217728 op, 154712336.00 ns, 1.1527 ns/op
OverheadActual  12: 134217728 op, 158163849.00 ns, 1.1784 ns/op
OverheadActual  13: 134217728 op, 164941273.00 ns, 1.2289 ns/op
OverheadActual  14: 134217728 op, 161459351.00 ns, 1.2030 ns/op
OverheadActual  15: 134217728 op, 160402084.00 ns, 1.1951 ns/op

WorkloadWarmup   1: 134217728 op, 675974056.00 ns, 5.0364 ns/op
WorkloadWarmup   2: 134217728 op, 1167225598.00 ns, 8.6965 ns/op
WorkloadWarmup   3: 134217728 op, 663461390.00 ns, 4.9432 ns/op
WorkloadWarmup   4: 134217728 op, 651898398.00 ns, 4.8570 ns/op
WorkloadWarmup   5: 134217728 op, 659934269.00 ns, 4.9169 ns/op

OutOfMemoryException!
BenchmarkDotNet continues to run additional iterations until desired accuracy level is achieved. It's possible only if the benchmark method doesn't have any side-effects.
If your benchmark allocates memory and keeps it alive, you are creating a memory leak.
You should redesign your benchmark and remove the side-effects. You can use `OperationsPerInvoke`, `IterationSetup` and `IterationCleanup` to do that.

System.Reflection.TargetInvocationException: Exception has been thrown by the target of an invocation.
 ---> System.OutOfMemoryException: Exception of type 'System.OutOfMemoryException' was thrown.
   at System.Collections.Generic.List`1.set_Capacity(Int32 value)
   at System.Collections.Generic.List`1.AddWithResize(T item)
   at BenchmarkDotNet.Autogenerated.Runnable_14.WorkloadActionUnroll(Int64 invokeCount) in /_/benchmarks/EricksonLopez.SharedKernel.Benchmarks/bin/Release/net10.0/EricksonLopez.SharedKernel.Benchmarks-.NET 10.0-1/EricksonLopez.SharedKernel.Benchmarks-.NET 10.0-1.notcs:line 3058
   at BenchmarkDotNet.Engines.Engine.Measure(Action`1 action, Int64 invokeCount)
   at BenchmarkDotNet.Engines.Engine.RunIteration(IterationData data)
   at BenchmarkDotNet.Engines.Engine.Run()
   at BenchmarkDotNet.Autogenerated.Runnable_14.Run(IHost host, String benchmarkName) in /_/benchmarks/EricksonLopez.SharedKernel.Benchmarks/bin/Release/net10.0/EricksonLopez.SharedKernel.Benchmarks-.NET 10.0-1/EricksonLopez.SharedKernel.Benchmarks-.NET 10.0-1.notcs:line 2936
   at System.Reflection.MethodBaseInvoker.InterpretedInvoke_Method(Object obj, IntPtr* args)
   at System.Reflection.MethodBaseInvoker.InvokeDirectByRefWithFewArgs(Object obj, Span`1 copyOfArgs, BindingFlags invokeAttr)
   --- End of inner exception stack trace ---
   at System.Reflection.MethodBaseInvoker.InvokeDirectByRefWithFewArgs(Object obj, Span`1 copyOfArgs, BindingFlags invokeAttr)
   at System.Reflection.MethodBaseInvoker.InvokeWithFewArgs(Object obj, BindingFlags invokeAttr, Binder binder, Object[] parameters, CultureInfo culture)
   at System.Reflection.RuntimeMethodInfo.Invoke(Object obj, BindingFlags invokeAttr, Binder binder, Object[] parameters, CultureInfo culture)
   at BenchmarkDotNet.Autogenerated.UniqueProgramName.AfterAssemblyLoadingAttached(String[] args) in /_/benchmarks/EricksonLopez.SharedKernel.Benchmarks/bin/Release/net10.0/EricksonLopez.SharedKernel.Benchmarks-.NET 10.0-1/EricksonLopez.SharedKernel.Benchmarks-.NET 10.0-1.notcs:line 57
// AfterAll
No Workload Results were obtained from the run.
// Benchmark Process 4284 has exited with code 255.

// ** Remained 14 (31.1 %) benchmark(s) to run. Estimated finish 2026-09-20 7:27 (0h 3m from now) **
// Build Error: Standard output: 
  
 Standard error: 
   Determining projects to restore...
/home/runner/work/dotnet-shared-kernel/dotnet-shared-kernel/benchmarks/EricksonLopez.SharedKernel.Benchmarks/bin/Release/net10.0/EricksonLopez.SharedKernel.Benchmarks-.NET 8.0-2/BenchmarkDotNet.Autogenerated.csproj : error NU1201: Project EricksonLopez.SharedKernel.Benchmarks is not compatible with net8.0 (.NETCoreApp,Version=v8.0). Project EricksonLopez.SharedKernel.Benchmarks supports: net10.0 (.NETCoreApp,Version=v10.0)
  Failed to restore /home/runner/work/dotnet-shared-kernel/dotnet-shared-kernel/benchmarks/EricksonLopez.SharedKernel.Benchmarks/bin/Release/net10.0/EricksonLopez.SharedKernel.Benchmarks-.NET 8.0-2/BenchmarkDotNet.Autogenerated.csproj (in 187 ms).
  2 of 3 projects are up-to-date for restore.

// BenchmarkDotNet has failed to build the auto-generated boilerplate code.
// It can be found in /home/runner/work/dotnet-shared-kernel/dotnet-shared-kernel/benchmarks/EricksonLopez.SharedKernel.Benchmarks/bin/Release/net10.0/EricksonLopez.SharedKernel.Benchmarks-.NET 8.0-2
// Please follow the troubleshooting guide: https://benchmarkdotnet.org/articles/guides/troubleshooting.html

// ** Remained 13 (28.9 %) benchmark(s) to run. Estimated finish 2026-09-20 7:26 (0h 3m from now) **
// Build Error: Standard output: 
  
 Standard error: 
   Determining projects to restore...
/home/runner/work/dotnet-shared-kernel/dotnet-shared-kernel/benchmarks/EricksonLopez.SharedKernel.Benchmarks/bin/Release/net10.0/EricksonLopez.SharedKernel.Benchmarks-.NET 8.0-2/BenchmarkDotNet.Autogenerated.csproj : error NU1201: Project EricksonLopez.SharedKernel.Benchmarks is not compatible with net8.0 (.NETCoreApp,Version=v8.0). Project EricksonLopez.SharedKernel.Benchmarks supports: net10.0 (.NETCoreApp,Version=v10.0)
  Failed to restore /home/runner/work/dotnet-shared-kernel/dotnet-shared-kernel/benchmarks/EricksonLopez.SharedKernel.Benchmarks/bin/Release/net10.0/EricksonLopez.SharedKernel.Benchmarks-.NET 8.0-2/BenchmarkDotNet.Autogenerated.csproj (in 187 ms).
  2 of 3 projects are up-to-date for restore.

// BenchmarkDotNet has failed to build the auto-generated boilerplate code.
// It can be found in /home/runner/work/dotnet-shared-kernel/dotnet-shared-kernel/benchmarks/EricksonLopez.SharedKernel.Benchmarks/bin/Release/net10.0/EricksonLopez.SharedKernel.Benchmarks-.NET 8.0-2
// Please follow the troubleshooting guide: https://benchmarkdotnet.org/articles/guides/troubleshooting.html

// ** Remained 12 (26.7 %) benchmark(s) to run. Estimated finish 2026-09-20 7:26 (0h 2m from now) **
// Build Error: Standard output: 
  
 Standard error: 
   Determining projects to restore...
/home/runner/work/dotnet-shared-kernel/dotnet-shared-kernel/benchmarks/EricksonLopez.SharedKernel.Benchmarks/bin/Release/net10.0/EricksonLopez.SharedKernel.Benchmarks-.NET 8.0-2/BenchmarkDotNet.Autogenerated.csproj : error NU1201: Project EricksonLopez.SharedKernel.Benchmarks is not compatible with net8.0 (.NETCoreApp,Version=v8.0). Project EricksonLopez.SharedKernel.Benchmarks supports: net10.0 (.NETCoreApp,Version=v10.0)
  Failed to restore /home/runner/work/dotnet-shared-kernel/dotnet-shared-kernel/benchmarks/EricksonLopez.SharedKernel.Benchmarks/bin/Release/net10.0/EricksonLopez.SharedKernel.Benchmarks-.NET 8.0-2/BenchmarkDotNet.Autogenerated.csproj (in 187 ms).
  2 of 3 projects are up-to-date for restore.

// BenchmarkDotNet has failed to build the auto-generated boilerplate code.
// It can be found in /home/runner/work/dotnet-shared-kernel/dotnet-shared-kernel/benchmarks/EricksonLopez.SharedKernel.Benchmarks/bin/Release/net10.0/EricksonLopez.SharedKernel.Benchmarks-.NET 8.0-2
// Please follow the troubleshooting guide: https://benchmarkdotnet.org/articles/guides/troubleshooting.html

// ** Remained 11 (24.4 %) benchmark(s) to run. Estimated finish 2026-09-20 7:26 (0h 2m from now) **
// Build Error: Standard output: 
  
 Standard error: 
   Determining projects to restore...
/home/runner/work/dotnet-shared-kernel/dotnet-shared-kernel/benchmarks/EricksonLopez.SharedKernel.Benchmarks/bin/Release/net10.0/EricksonLopez.SharedKernel.Benchmarks-.NET 8.0-2/BenchmarkDotNet.Autogenerated.csproj : error NU1201: Project EricksonLopez.SharedKernel.Benchmarks is not compatible with net8.0 (.NETCoreApp,Version=v8.0). Project EricksonLopez.SharedKernel.Benchmarks supports: net10.0 (.NETCoreApp,Version=v10.0)
  Failed to restore /home/runner/work/dotnet-shared-kernel/dotnet-shared-kernel/benchmarks/EricksonLopez.SharedKernel.Benchmarks/bin/Release/net10.0/EricksonLopez.SharedKernel.Benchmarks-.NET 8.0-2/BenchmarkDotNet.Autogenerated.csproj (in 187 ms).
  2 of 3 projects are up-to-date for restore.

// BenchmarkDotNet has failed to build the auto-generated boilerplate code.
// It can be found in /home/runner/work/dotnet-shared-kernel/dotnet-shared-kernel/benchmarks/EricksonLopez.SharedKernel.Benchmarks/bin/Release/net10.0/EricksonLopez.SharedKernel.Benchmarks-.NET 8.0-2
// Please follow the troubleshooting guide: https://benchmarkdotnet.org/articles/guides/troubleshooting.html

// ** Remained 10 (22.2 %) benchmark(s) to run. Estimated finish 2026-09-20 7:26 (0h 2m from now) **
// Build Error: Standard output: 
  
 Standard error: 
   Determining projects to restore...
/home/runner/work/dotnet-shared-kernel/dotnet-shared-kernel/benchmarks/EricksonLopez.SharedKernel.Benchmarks/bin/Release/net10.0/EricksonLopez.SharedKernel.Benchmarks-.NET 8.0-2/BenchmarkDotNet.Autogenerated.csproj : error NU1201: Project EricksonLopez.SharedKernel.Benchmarks is not compatible with net8.0 (.NETCoreApp,Version=v8.0). Project EricksonLopez.SharedKernel.Benchmarks supports: net10.0 (.NETCoreApp,Version=v10.0)
  Failed to restore /home/runner/work/dotnet-shared-kernel/dotnet-shared-kernel/benchmarks/EricksonLopez.SharedKernel.Benchmarks/bin/Release/net10.0/EricksonLopez.SharedKernel.Benchmarks-.NET 8.0-2/BenchmarkDotNet.Autogenerated.csproj (in 187 ms).
  2 of 3 projects are up-to-date for restore.

// BenchmarkDotNet has failed to build the auto-generated boilerplate code.
// It can be found in /home/runner/work/dotnet-shared-kernel/dotnet-shared-kernel/benchmarks/EricksonLopez.SharedKernel.Benchmarks/bin/Release/net10.0/EricksonLopez.SharedKernel.Benchmarks-.NET 8.0-2
// Please follow the troubleshooting guide: https://benchmarkdotnet.org/articles/guides/troubleshooting.html

// ** Remained 9 (20.0 %) benchmark(s) to run. Estimated finish 2026-09-20 7:25 (0h 1m from now) **
// Build Error: Standard output: 
  
 Standard error: 
   Determining projects to restore...
/home/runner/work/dotnet-shared-kernel/dotnet-shared-kernel/benchmarks/EricksonLopez.SharedKernel.Benchmarks/bin/Release/net10.0/EricksonLopez.SharedKernel.Benchmarks-.NET 8.0-2/BenchmarkDotNet.Autogenerated.csproj : error NU1201: Project EricksonLopez.SharedKernel.Benchmarks is not compatible with net8.0 (.NETCoreApp,Version=v8.0). Project EricksonLopez.SharedKernel.Benchmarks supports: net10.0 (.NETCoreApp,Version=v10.0)
  Failed to restore /home/runner/work/dotnet-shared-kernel/dotnet-shared-kernel/benchmarks/EricksonLopez.SharedKernel.Benchmarks/bin/Release/net10.0/EricksonLopez.SharedKernel.Benchmarks-.NET 8.0-2/BenchmarkDotNet.Autogenerated.csproj (in 187 ms).
  2 of 3 projects are up-to-date for restore.

// BenchmarkDotNet has failed to build the auto-generated boilerplate code.
// It can be found in /home/runner/work/dotnet-shared-kernel/dotnet-shared-kernel/benchmarks/EricksonLopez.SharedKernel.Benchmarks/bin/Release/net10.0/EricksonLopez.SharedKernel.Benchmarks-.NET 8.0-2
// Please follow the troubleshooting guide: https://benchmarkdotnet.org/articles/guides/troubleshooting.html

// ** Remained 8 (17.8 %) benchmark(s) to run. Estimated finish 2026-09-20 7:25 (0h 1m from now) **
// Build Error: Standard output: 
  
 Standard error: 
   Determining projects to restore...
/home/runner/work/dotnet-shared-kernel/dotnet-shared-kernel/benchmarks/EricksonLopez.SharedKernel.Benchmarks/bin/Release/net10.0/EricksonLopez.SharedKernel.Benchmarks-.NET 8.0-2/BenchmarkDotNet.Autogenerated.csproj : error NU1201: Project EricksonLopez.SharedKernel.Benchmarks is not compatible with net8.0 (.NETCoreApp,Version=v8.0). Project EricksonLopez.SharedKernel.Benchmarks supports: net10.0 (.NETCoreApp,Version=v10.0)
  Failed to restore /home/runner/work/dotnet-shared-kernel/dotnet-shared-kernel/benchmarks/EricksonLopez.SharedKernel.Benchmarks/bin/Release/net10.0/EricksonLopez.SharedKernel.Benchmarks-.NET 8.0-2/BenchmarkDotNet.Autogenerated.csproj (in 187 ms).
  2 of 3 projects are up-to-date for restore.

// BenchmarkDotNet has failed to build the auto-generated boilerplate code.
// It can be found in /home/runner/work/dotnet-shared-kernel/dotnet-shared-kernel/benchmarks/EricksonLopez.SharedKernel.Benchmarks/bin/Release/net10.0/EricksonLopez.SharedKernel.Benchmarks-.NET 8.0-2
// Please follow the troubleshooting guide: https://benchmarkdotnet.org/articles/guides/troubleshooting.html

// ** Remained 7 (15.6 %) benchmark(s) to run. Estimated finish 2026-09-20 7:25 (0h 1m from now) **
// Build Error: Standard output: 
  
 Standard error: 
   Determining projects to restore...
/home/runner/work/dotnet-shared-kernel/dotnet-shared-kernel/benchmarks/EricksonLopez.SharedKernel.Benchmarks/bin/Release/net10.0/EricksonLopez.SharedKernel.Benchmarks-.NET 9.0-3/BenchmarkDotNet.Autogenerated.csproj : error NU1201: Project EricksonLopez.SharedKernel.Benchmarks is not compatible with net9.0 (.NETCoreApp,Version=v9.0). Project EricksonLopez.SharedKernel.Benchmarks supports: net10.0 (.NETCoreApp,Version=v10.0)
  Failed to restore /home/runner/work/dotnet-shared-kernel/dotnet-shared-kernel/benchmarks/EricksonLopez.SharedKernel.Benchmarks/bin/Release/net10.0/EricksonLopez.SharedKernel.Benchmarks-.NET 9.0-3/BenchmarkDotNet.Autogenerated.csproj (in 176 ms).
  2 of 3 projects are up-to-date for restore.

// BenchmarkDotNet has failed to build the auto-generated boilerplate code.
// It can be found in /home/runner/work/dotnet-shared-kernel/dotnet-shared-kernel/benchmarks/EricksonLopez.SharedKernel.Benchmarks/bin/Release/net10.0/EricksonLopez.SharedKernel.Benchmarks-.NET 9.0-3
// Please follow the troubleshooting guide: https://benchmarkdotnet.org/articles/guides/troubleshooting.html

// ** Remained 6 (13.3 %) benchmark(s) to run. Estimated finish 2026-09-20 7:25 (0h 1m from now) **
// Build Error: Standard output: 
  
 Standard error: 
   Determining projects to restore...
/home/runner/work/dotnet-shared-kernel/dotnet-shared-kernel/benchmarks/EricksonLopez.SharedKernel.Benchmarks/bin/Release/net10.0/EricksonLopez.SharedKernel.Benchmarks-.NET 9.0-3/BenchmarkDotNet.Autogenerated.csproj : error NU1201: Project EricksonLopez.SharedKernel.Benchmarks is not compatible with net9.0 (.NETCoreApp,Version=v9.0). Project EricksonLopez.SharedKernel.Benchmarks supports: net10.0 (.NETCoreApp,Version=v10.0)
  Failed to restore /home/runner/work/dotnet-shared-kernel/dotnet-shared-kernel/benchmarks/EricksonLopez.SharedKernel.Benchmarks/bin/Release/net10.0/EricksonLopez.SharedKernel.Benchmarks-.NET 9.0-3/BenchmarkDotNet.Autogenerated.csproj (in 176 ms).
  2 of 3 projects are up-to-date for restore.

// BenchmarkDotNet has failed to build the auto-generated boilerplate code.
// It can be found in /home/runner/work/dotnet-shared-kernel/dotnet-shared-kernel/benchmarks/EricksonLopez.SharedKernel.Benchmarks/bin/Release/net10.0/EricksonLopez.SharedKernel.Benchmarks-.NET 9.0-3
// Please follow the troubleshooting guide: https://benchmarkdotnet.org/articles/guides/troubleshooting.html

// ** Remained 5 (11.1 %) benchmark(s) to run. Estimated finish 2026-09-20 7:24 (0h 0m from now) **
// Build Error: Standard output: 
  
 Standard error: 
   Determining projects to restore...
/home/runner/work/dotnet-shared-kernel/dotnet-shared-kernel/benchmarks/EricksonLopez.SharedKernel.Benchmarks/bin/Release/net10.0/EricksonLopez.SharedKernel.Benchmarks-.NET 9.0-3/BenchmarkDotNet.Autogenerated.csproj : error NU1201: Project EricksonLopez.SharedKernel.Benchmarks is not compatible with net9.0 (.NETCoreApp,Version=v9.0). Project EricksonLopez.SharedKernel.Benchmarks supports: net10.0 (.NETCoreApp,Version=v10.0)
  Failed to restore /home/runner/work/dotnet-shared-kernel/dotnet-shared-kernel/benchmarks/EricksonLopez.SharedKernel.Benchmarks/bin/Release/net10.0/EricksonLopez.SharedKernel.Benchmarks-.NET 9.0-3/BenchmarkDotNet.Autogenerated.csproj (in 176 ms).
  2 of 3 projects are up-to-date for restore.

// BenchmarkDotNet has failed to build the auto-generated boilerplate code.
// It can be found in /home/runner/work/dotnet-shared-kernel/dotnet-shared-kernel/benchmarks/EricksonLopez.SharedKernel.Benchmarks/bin/Release/net10.0/EricksonLopez.SharedKernel.Benchmarks-.NET 9.0-3
// Please follow the troubleshooting guide: https://benchmarkdotnet.org/articles/guides/troubleshooting.html

// ** Remained 4 (8.9 %) benchmark(s) to run. Estimated finish 2026-09-20 7:24 (0h 0m from now) **
// Build Error: Standard output: 
  
 Standard error: 
   Determining projects to restore...
/home/runner/work/dotnet-shared-kernel/dotnet-shared-kernel/benchmarks/EricksonLopez.SharedKernel.Benchmarks/bin/Release/net10.0/EricksonLopez.SharedKernel.Benchmarks-.NET 9.0-3/BenchmarkDotNet.Autogenerated.csproj : error NU1201: Project EricksonLopez.SharedKernel.Benchmarks is not compatible with net9.0 (.NETCoreApp,Version=v9.0). Project EricksonLopez.SharedKernel.Benchmarks supports: net10.0 (.NETCoreApp,Version=v10.0)
  Failed to restore /home/runner/work/dotnet-shared-kernel/dotnet-shared-kernel/benchmarks/EricksonLopez.SharedKernel.Benchmarks/bin/Release/net10.0/EricksonLopez.SharedKernel.Benchmarks-.NET 9.0-3/BenchmarkDotNet.Autogenerated.csproj (in 176 ms).
  2 of 3 projects are up-to-date for restore.

// BenchmarkDotNet has failed to build the auto-generated boilerplate code.
// It can be found in /home/runner/work/dotnet-shared-kernel/dotnet-shared-kernel/benchmarks/EricksonLopez.SharedKernel.Benchmarks/bin/Release/net10.0/EricksonLopez.SharedKernel.Benchmarks-.NET 9.0-3
// Please follow the troubleshooting guide: https://benchmarkdotnet.org/articles/guides/troubleshooting.html

// ** Remained 3 (6.7 %) benchmark(s) to run. Estimated finish 2026-09-20 7:24 (0h 0m from now) **
// Build Error: Standard output: 
  
 Standard error: 
   Determining projects to restore...
/home/runner/work/dotnet-shared-kernel/dotnet-shared-kernel/benchmarks/EricksonLopez.SharedKernel.Benchmarks/bin/Release/net10.0/EricksonLopez.SharedKernel.Benchmarks-.NET 9.0-3/BenchmarkDotNet.Autogenerated.csproj : error NU1201: Project EricksonLopez.SharedKernel.Benchmarks is not compatible with net9.0 (.NETCoreApp,Version=v9.0). Project EricksonLopez.SharedKernel.Benchmarks supports: net10.0 (.NETCoreApp,Version=v10.0)
  Failed to restore /home/runner/work/dotnet-shared-kernel/dotnet-shared-kernel/benchmarks/EricksonLopez.SharedKernel.Benchmarks/bin/Release/net10.0/EricksonLopez.SharedKernel.Benchmarks-.NET 9.0-3/BenchmarkDotNet.Autogenerated.csproj (in 176 ms).
  2 of 3 projects are up-to-date for restore.

// BenchmarkDotNet has failed to build the auto-generated boilerplate code.
// It can be found in /home/runner/work/dotnet-shared-kernel/dotnet-shared-kernel/benchmarks/EricksonLopez.SharedKernel.Benchmarks/bin/Release/net10.0/EricksonLopez.SharedKernel.Benchmarks-.NET 9.0-3
// Please follow the troubleshooting guide: https://benchmarkdotnet.org/articles/guides/troubleshooting.html

// ** Remained 2 (4.4 %) benchmark(s) to run. Estimated finish 2026-09-20 7:24 (0h 0m from now) **
// Build Error: Standard output: 
  
 Standard error: 
   Determining projects to restore...
/home/runner/work/dotnet-shared-kernel/dotnet-shared-kernel/benchmarks/EricksonLopez.SharedKernel.Benchmarks/bin/Release/net10.0/EricksonLopez.SharedKernel.Benchmarks-.NET 9.0-3/BenchmarkDotNet.Autogenerated.csproj : error NU1201: Project EricksonLopez.SharedKernel.Benchmarks is not compatible with net9.0 (.NETCoreApp,Version=v9.0). Project EricksonLopez.SharedKernel.Benchmarks supports: net10.0 (.NETCoreApp,Version=v10.0)
  Failed to restore /home/runner/work/dotnet-shared-kernel/dotnet-shared-kernel/benchmarks/EricksonLopez.SharedKernel.Benchmarks/bin/Release/net10.0/EricksonLopez.SharedKernel.Benchmarks-.NET 9.0-3/BenchmarkDotNet.Autogenerated.csproj (in 176 ms).
  2 of 3 projects are up-to-date for restore.

// BenchmarkDotNet has failed to build the auto-generated boilerplate code.
// It can be found in /home/runner/work/dotnet-shared-kernel/dotnet-shared-kernel/benchmarks/EricksonLopez.SharedKernel.Benchmarks/bin/Release/net10.0/EricksonLopez.SharedKernel.Benchmarks-.NET 9.0-3
// Please follow the troubleshooting guide: https://benchmarkdotnet.org/articles/guides/troubleshooting.html

// ** Remained 1 (2.2 %) benchmark(s) to run. Estimated finish 2026-09-20 7:23 (0h 0m from now) **
// Build Error: Standard output: 
  
 Standard error: 
   Determining projects to restore...
/home/runner/work/dotnet-shared-kernel/dotnet-shared-kernel/benchmarks/EricksonLopez.SharedKernel.Benchmarks/bin/Release/net10.0/EricksonLopez.SharedKernel.Benchmarks-.NET 9.0-3/BenchmarkDotNet.Autogenerated.csproj : error NU1201: Project EricksonLopez.SharedKernel.Benchmarks is not compatible with net9.0 (.NETCoreApp,Version=v9.0). Project EricksonLopez.SharedKernel.Benchmarks supports: net10.0 (.NETCoreApp,Version=v10.0)
  Failed to restore /home/runner/work/dotnet-shared-kernel/dotnet-shared-kernel/benchmarks/EricksonLopez.SharedKernel.Benchmarks/bin/Release/net10.0/EricksonLopez.SharedKernel.Benchmarks-.NET 9.0-3/BenchmarkDotNet.Autogenerated.csproj (in 176 ms).
  2 of 3 projects are up-to-date for restore.

// BenchmarkDotNet has failed to build the auto-generated boilerplate code.
// It can be found in /home/runner/work/dotnet-shared-kernel/dotnet-shared-kernel/benchmarks/EricksonLopez.SharedKernel.Benchmarks/bin/Release/net10.0/EricksonLopez.SharedKernel.Benchmarks-.NET 9.0-3
// Please follow the troubleshooting guide: https://benchmarkdotnet.org/articles/guides/troubleshooting.html

// ** Remained 0 (0.0 %) benchmark(s) to run. Estimated finish 2026-09-20 7:23 (0h 0m from now) **
// ***** BenchmarkRunner: Finish  *****

// * Export *
  benchmarks/results/results/EricksonLopez.SharedKernel.Benchmarks.SharedKernelBenchmarks-report.csv
  benchmarks/results/results/EricksonLopez.SharedKernel.Benchmarks.SharedKernelBenchmarks-report-github.md
  benchmarks/results/results/EricksonLopez.SharedKernel.Benchmarks.SharedKernelBenchmarks-report.html
  benchmarks/results/results/EricksonLopez.SharedKernel.Benchmarks.SharedKernelBenchmarks-report-full-compressed.json
  benchmarks/results/results/EricksonLopez.SharedKernel.Benchmarks.SharedKernelBenchmarks-report-default.md

// * Detailed results *
SharedKernelBenchmarks.EntityEquality_SameId: .NET 10.0(Runtime=.NET 10.0, Toolchain=net10.0)
Runtime = .NET 10.0.12 (10.0.12, 10.0.1226.42308), X64 RyuJIT x86-64-v4; GC = Concurrent Workstation
Mean = 0.017 ns, StdErr = 0.002 ns (14.56%), N = 13, StdDev = 0.009 ns
Min = 0.000 ns, Q1 = 0.017 ns, Median = 0.019 ns, Q3 = 0.023 ns, Max = 0.027 ns
IQR = 0.006 ns, LowerFence = 0.008 ns, UpperFence = 0.032 ns
ConfidenceInterval = [0.006 ns; 0.028 ns] (CI 99.9%), Margin = 0.011 ns (62.87% of Mean)
Skewness = -0.88, Kurtosis = 2.35, MValue = 3.2
-------------------- Histogram --------------------
[0.000 ns ; 0.009 ns) | @@@
[0.009 ns ; 0.017 ns) | 
[0.017 ns ; 0.027 ns) | @@@@@@@@@@
---------------------------------------------------

SharedKernelBenchmarks.EntityEquality_SameId: .NET 8.0(Runtime=.NET 8.0, Toolchain=net8.0)
Runtime = ; GC = 
There are not any results runs

SharedKernelBenchmarks.EntityEquality_SameId: .NET 9.0(Runtime=.NET 9.0, Toolchain=net9.0)
Runtime = ; GC = 
There are not any results runs

SharedKernelBenchmarks.EntityEquality_DifferentId: .NET 10.0(Runtime=.NET 10.0, Toolchain=net10.0)
Runtime = .NET 10.0.12 (10.0.12, 10.0.1226.42308), X64 RyuJIT x86-64-v4; GC = Concurrent Workstation
Mean = 0.014 ns, StdErr = 0.003 ns (20.12%), N = 14, StdDev = 0.010 ns
Min = 0.000 ns, Q1 = 0.004 ns, Median = 0.015 ns, Q3 = 0.021 ns, Max = 0.033 ns
IQR = 0.017 ns, LowerFence = -0.021 ns, UpperFence = 0.045 ns
ConfidenceInterval = [0.002 ns; 0.026 ns] (CI 99.9%), Margin = 0.012 ns (84.93% of Mean)
Skewness = 0.01, Kurtosis = 1.8, MValue = 2
-------------------- Histogram --------------------
[0.000 ns ; 0.013 ns) | @@@@@@
[0.013 ns ; 0.028 ns) | @@@@@@@
[0.028 ns ; 0.039 ns) | @
---------------------------------------------------

SharedKernelBenchmarks.EntityEquality_DifferentId: .NET 8.0(Runtime=.NET 8.0, Toolchain=net8.0)
Runtime = ; GC = 
There are not any results runs

SharedKernelBenchmarks.EntityEquality_DifferentId: .NET 9.0(Runtime=.NET 9.0, Toolchain=net9.0)
Runtime = ; GC = 
There are not any results runs

SharedKernelBenchmarks.EntityGetHashCode: .NET 10.0(Runtime=.NET 10.0, Toolchain=net10.0)
Runtime = .NET 10.0.12 (10.0.12, 10.0.1226.42308), X64 RyuJIT x86-64-v4; GC = Concurrent Workstation
Mean = 3.214 ns, StdErr = 0.017 ns (0.51%), N = 14, StdDev = 0.062 ns
Min = 3.119 ns, Q1 = 3.173 ns, Median = 3.212 ns, Q3 = 3.247 ns, Max = 3.333 ns
IQR = 0.075 ns, LowerFence = 3.061 ns, UpperFence = 3.359 ns
ConfidenceInterval = [3.144 ns; 3.284 ns] (CI 99.9%), Margin = 0.070 ns (2.17% of Mean)
Skewness = 0.26, Kurtosis = 2.11, MValue = 2
-------------------- Histogram --------------------
[3.109 ns ; 3.176 ns) | @@@@
[3.176 ns ; 3.259 ns) | @@@@@@@@
[3.259 ns ; 3.366 ns) | @@
---------------------------------------------------

SharedKernelBenchmarks.EntityGetHashCode: .NET 8.0(Runtime=.NET 8.0, Toolchain=net8.0)
Runtime = ; GC = 
There are not any results runs

SharedKernelBenchmarks.EntityGetHashCode: .NET 9.0(Runtime=.NET 9.0, Toolchain=net9.0)
Runtime = ; GC = 
There are not any results runs

SharedKernelBenchmarks.AggregateDrainDomainEvents_NoEvents: .NET 10.0(Runtime=.NET 10.0, Toolchain=net10.0)
Runtime = .NET 10.0.12 (10.0.12, 10.0.1226.42308), X64 RyuJIT x86-64-v4; GC = Concurrent Workstation
Mean = 0.343 ns, StdErr = 0.005 ns (1.40%), N = 15, StdDev = 0.019 ns
Min = 0.305 ns, Q1 = 0.337 ns, Median = 0.345 ns, Q3 = 0.355 ns, Max = 0.369 ns
IQR = 0.018 ns, LowerFence = 0.310 ns, UpperFence = 0.383 ns
ConfidenceInterval = [0.323 ns; 0.363 ns] (CI 99.9%), Margin = 0.020 ns (5.81% of Mean)
Skewness = -0.83, Kurtosis = 2.68, MValue = 2
-------------------- Histogram --------------------
[0.295 ns ; 0.315 ns) | @@
[0.315 ns ; 0.337 ns) | @@
[0.337 ns ; 0.357 ns) | @@@@@@@@
[0.357 ns ; 0.379 ns) | @@@
---------------------------------------------------

SharedKernelBenchmarks.AggregateDrainDomainEvents_NoEvents: .NET 8.0(Runtime=.NET 8.0, Toolchain=net8.0)
Runtime = ; GC = 
There are not any results runs

SharedKernelBenchmarks.AggregateDrainDomainEvents_NoEvents: .NET 9.0(Runtime=.NET 9.0, Toolchain=net9.0)
Runtime = ; GC = 
There are not any results runs

SharedKernelBenchmarks.AggregateDrainDomainEvents_WithEvents: .NET 10.0(Runtime=.NET 10.0, Toolchain=net10.0)
Runtime = .NET 10.0.12 (10.0.12, 10.0.1226.42308), X64 RyuJIT x86-64-v4; GC = Concurrent Workstation
Mean = 17.221 ns, StdErr = 0.091 ns (0.53%), N = 19, StdDev = 0.396 ns
Min = 16.686 ns, Q1 = 16.899 ns, Median = 17.086 ns, Q3 = 17.532 ns, Max = 17.976 ns
IQR = 0.633 ns, LowerFence = 15.950 ns, UpperFence = 18.481 ns
ConfidenceInterval = [16.865 ns; 17.577 ns] (CI 99.9%), Margin = 0.356 ns (2.07% of Mean)
Skewness = 0.38, Kurtosis = 1.67, MValue = 2
-------------------- Histogram --------------------
[16.491 ns ; 17.134 ns) | @@@@@@@@@@
[17.134 ns ; 17.779 ns) | @@@@@@@@
[17.779 ns ; 18.171 ns) | @
---------------------------------------------------

SharedKernelBenchmarks.AggregateDrainDomainEvents_WithEvents: .NET 8.0(Runtime=.NET 8.0, Toolchain=net8.0)
Runtime = ; GC = 
There are not any results runs

SharedKernelBenchmarks.AggregateDrainDomainEvents_WithEvents: .NET 9.0(Runtime=.NET 9.0, Toolchain=net9.0)
Runtime = ; GC = 
There are not any results runs

SharedKernelBenchmarks.AggregateRaiseDomainEvent_FirstTime: .NET 10.0(Runtime=.NET 10.0, Toolchain=net10.0)
Runtime = .NET 10.0.12 (10.0.12, 10.0.1226.42308), X64 RyuJIT x86-64-v4; GC = Concurrent Workstation
Mean = 18.168 ns, StdErr = 0.113 ns (0.62%), N = 39, StdDev = 0.707 ns
Min = 17.148 ns, Q1 = 17.596 ns, Median = 18.032 ns, Q3 = 18.583 ns, Max = 19.976 ns
IQR = 0.986 ns, LowerFence = 16.117 ns, UpperFence = 20.062 ns
ConfidenceInterval = [17.764 ns; 18.571 ns] (CI 99.9%), Margin = 0.404 ns (2.22% of Mean)
Skewness = 0.75, Kurtosis = 2.67, MValue = 2
-------------------- Histogram --------------------
[16.874 ns ; 17.426 ns) | @@
[17.426 ns ; 17.974 ns) | @@@@@@@@@@@@@@@@
[17.974 ns ; 18.722 ns) | @@@@@@@@@@@
[18.722 ns ; 19.270 ns) | @@@@@@@
[19.270 ns ; 19.803 ns) | @@
[19.803 ns ; 20.249 ns) | @
---------------------------------------------------

SharedKernelBenchmarks.AggregateRaiseDomainEvent_FirstTime: .NET 8.0(Runtime=.NET 8.0, Toolchain=net8.0)
Runtime = ; GC = 
There are not any results runs

SharedKernelBenchmarks.AggregateRaiseDomainEvent_FirstTime: .NET 9.0(Runtime=.NET 9.0, Toolchain=net9.0)
Runtime = ; GC = 
There are not any results runs

SharedKernelBenchmarks.AggregateRaiseDomainEvent_Subsequent: .NET 10.0(Runtime=.NET 10.0, Toolchain=net10.0)
Runtime = .NET 10.0.12 (10.0.12, 10.0.1226.42308), X64 RyuJIT x86-64-v4; GC = Concurrent Workstation
There are not any results runs

SharedKernelBenchmarks.AggregateRaiseDomainEvent_Subsequent: .NET 8.0(Runtime=.NET 8.0, Toolchain=net8.0)
Runtime = ; GC = 
There are not any results runs

SharedKernelBenchmarks.AggregateRaiseDomainEvent_Subsequent: .NET 9.0(Runtime=.NET 9.0, Toolchain=net9.0)
Runtime = ; GC = 
There are not any results runs

// * Summary *

BenchmarkDotNet v0.15.8, Linux Ubuntu 24.04.5 LTS (Noble Numbat)
AMD EPYC 9V45 4.49GHz, 1 CPU, 4 logical and 2 physical cores
.NET SDK 10.0.401
  [Host]    : .NET 10.0.12 (10.0.12, 10.0.1226.42308), X64 RyuJIT x86-64-v4
  .NET 10.0 : .NET 10.0.12 (10.0.12, 10.0.1226.42308), X64 RyuJIT x86-64-v4


| Method                                | Job       | Runtime   | Mean       | Error     | StdDev    | Ratio | RatioSD | Gen0   | Allocated | Alloc Ratio |
|-------------------------------------- |---------- |---------- |-----------:|----------:|----------:|------:|--------:|-------:|----------:|------------:|
| EntityEquality_SameId                 | .NET 10.0 | .NET 10.0 |  0.0171 ns | 0.0107 ns | 0.0090 ns |     ? |       ? |      - |         - |           ? |
| EntityEquality_SameId                 | .NET 8.0  | .NET 8.0  |         NA |        NA |        NA |     ? |       ? |     NA |        NA |           ? |
| EntityEquality_SameId                 | .NET 9.0  | .NET 9.0  |         NA |        NA |        NA |     ? |       ? |     NA |        NA |           ? |
|                                       |           |           |            |           |           |       |         |        |           |             |
| EntityEquality_DifferentId            | .NET 10.0 | .NET 10.0 |  0.0138 ns | 0.0117 ns | 0.0104 ns |     ? |       ? |      - |         - |           ? |
| EntityEquality_DifferentId            | .NET 8.0  | .NET 8.0  |         NA |        NA |        NA |     ? |       ? |     NA |        NA |           ? |
| EntityEquality_DifferentId            | .NET 9.0  | .NET 9.0  |         NA |        NA |        NA |     ? |       ? |     NA |        NA |           ? |
|                                       |           |           |            |           |           |       |         |        |           |             |
| EntityGetHashCode                     | .NET 10.0 | .NET 10.0 |  3.2139 ns | 0.0697 ns | 0.0618 ns |     ? |       ? |      - |         - |           ? |
| EntityGetHashCode                     | .NET 8.0  | .NET 8.0  |         NA |        NA |        NA |     ? |       ? |     NA |        NA |           ? |
| EntityGetHashCode                     | .NET 9.0  | .NET 9.0  |         NA |        NA |        NA |     ? |       ? |     NA |        NA |           ? |
|                                       |           |           |            |           |           |       |         |        |           |             |
| AggregateDrainDomainEvents_NoEvents   | .NET 10.0 | .NET 10.0 |  0.3433 ns | 0.0199 ns | 0.0187 ns |     ? |       ? |      - |         - |           ? |
| AggregateDrainDomainEvents_NoEvents   | .NET 8.0  | .NET 8.0  |         NA |        NA |        NA |     ? |       ? |     NA |        NA |           ? |
| AggregateDrainDomainEvents_NoEvents   | .NET 9.0  | .NET 9.0  |         NA |        NA |        NA |     ? |       ? |     NA |        NA |           ? |
|                                       |           |           |            |           |           |       |         |        |           |             |
| AggregateDrainDomainEvents_WithEvents | .NET 10.0 | .NET 10.0 | 17.2210 ns | 0.3563 ns | 0.3960 ns |     ? |       ? | 0.0067 |     112 B |           ? |
| AggregateDrainDomainEvents_WithEvents | .NET 8.0  | .NET 8.0  |         NA |        NA |        NA |     ? |       ? |     NA |        NA |           ? |
| AggregateDrainDomainEvents_WithEvents | .NET 9.0  | .NET 9.0  |         NA |        NA |        NA |     ? |       ? |     NA |        NA |           ? |
|                                       |           |           |            |           |           |       |         |        |           |             |
| AggregateRaiseDomainEvent_FirstTime   | .NET 10.0 | .NET 10.0 | 18.1676 ns | 0.4038 ns | 0.7072 ns |     ? |       ? | 0.0076 |     128 B |           ? |
| AggregateRaiseDomainEvent_FirstTime   | .NET 8.0  | .NET 8.0  |         NA |        NA |        NA |     ? |       ? |     NA |        NA |           ? |
| AggregateRaiseDomainEvent_FirstTime   | .NET 9.0  | .NET 9.0  |         NA |        NA |        NA |     ? |       ? |     NA |        NA |           ? |
|                                       |           |           |            |           |           |       |         |        |           |             |
| AggregateRaiseDomainEvent_Subsequent  | .NET 10.0 | .NET 10.0 |         NA |        NA |        NA |     ? |       ? |     NA |        NA |           ? |
| AggregateRaiseDomainEvent_Subsequent  | .NET 8.0  | .NET 8.0  |         NA |        NA |        NA |     ? |       ? |     NA |        NA |           ? |
| AggregateRaiseDomainEvent_Subsequent  | .NET 9.0  | .NET 9.0  |         NA |        NA |        NA |     ? |       ? |     NA |        NA |           ? |

Benchmarks with issues:
  SharedKernelBenchmarks.EntityEquality_SameId: .NET 8.0(Runtime=.NET 8.0, Toolchain=net8.0)
  SharedKernelBenchmarks.EntityEquality_SameId: .NET 9.0(Runtime=.NET 9.0, Toolchain=net9.0)
  SharedKernelBenchmarks.EntityEquality_DifferentId: .NET 8.0(Runtime=.NET 8.0, Toolchain=net8.0)
  SharedKernelBenchmarks.EntityEquality_DifferentId: .NET 9.0(Runtime=.NET 9.0, Toolchain=net9.0)
  SharedKernelBenchmarks.EntityGetHashCode: .NET 8.0(Runtime=.NET 8.0, Toolchain=net8.0)
  SharedKernelBenchmarks.EntityGetHashCode: .NET 9.0(Runtime=.NET 9.0, Toolchain=net9.0)
  SharedKernelBenchmarks.AggregateDrainDomainEvents_NoEvents: .NET 8.0(Runtime=.NET 8.0, Toolchain=net8.0)
  SharedKernelBenchmarks.AggregateDrainDomainEvents_NoEvents: .NET 9.0(Runtime=.NET 9.0, Toolchain=net9.0)
  SharedKernelBenchmarks.AggregateDrainDomainEvents_WithEvents: .NET 8.0(Runtime=.NET 8.0, Toolchain=net8.0)
  SharedKernelBenchmarks.AggregateDrainDomainEvents_WithEvents: .NET 9.0(Runtime=.NET 9.0, Toolchain=net9.0)
  SharedKernelBenchmarks.AggregateRaiseDomainEvent_FirstTime: .NET 8.0(Runtime=.NET 8.0, Toolchain=net8.0)
  SharedKernelBenchmarks.AggregateRaiseDomainEvent_FirstTime: .NET 9.0(Runtime=.NET 9.0, Toolchain=net9.0)
  SharedKernelBenchmarks.AggregateRaiseDomainEvent_Subsequent: .NET 10.0(Runtime=.NET 10.0, Toolchain=net10.0)
  SharedKernelBenchmarks.AggregateRaiseDomainEvent_Subsequent: .NET 8.0(Runtime=.NET 8.0, Toolchain=net8.0)
  SharedKernelBenchmarks.AggregateRaiseDomainEvent_Subsequent: .NET 9.0(Runtime=.NET 9.0, Toolchain=net9.0)

// * Warnings *
ZeroMeasurement
  SharedKernelBenchmarks.EntityEquality_SameId: .NET 10.0      -> The method duration is indistinguishable from the empty method duration
  SharedKernelBenchmarks.EntityEquality_DifferentId: .NET 10.0 -> The method duration is indistinguishable from the empty method duration
BaselineCustomAnalyzer
  Summary -> A question mark '?' symbol indicates that it was not possible to compute the (Ratio, RatioSD, Alloc Ratio) column(s) because the baseline or benchmark could not be found, or the baseline value is too close to zero.

// * Hints *
Outliers
  SharedKernelBenchmarks.EntityEquality_SameId: .NET 10.0                 -> 2 outliers were removed, 4 outliers were detected (1.18 ns, 1.18 ns, 1.23 ns, 1.24 ns)
  SharedKernelBenchmarks.EntityEquality_DifferentId: .NET 10.0            -> 1 outlier  was  removed (1.25 ns)
  SharedKernelBenchmarks.EntityGetHashCode: .NET 10.0                     -> 1 outlier  was  removed (4.58 ns)
  SharedKernelBenchmarks.AggregateDrainDomainEvents_NoEvents: .NET 10.0   -> 2 outliers were detected (1.46 ns, 1.46 ns)
  SharedKernelBenchmarks.AggregateDrainDomainEvents_WithEvents: .NET 10.0 -> 1 outlier  was  removed (20.10 ns)
  SharedKernelBenchmarks.AggregateRaiseDomainEvent_FirstTime: .NET 10.0   -> 1 outlier  was  removed (22.78 ns)

// * Legends *
  Mean        : Arithmetic mean of all measurements
  Error       : Half of 99.9% confidence interval
  StdDev      : Standard deviation of all measurements
  Ratio       : Mean of the ratio distribution ([Current]/[Baseline])
  RatioSD     : Standard deviation of the ratio distribution ([Current]/[Baseline])
  Gen0        : GC Generation 0 collects per 1000 operations
  Allocated   : Allocated memory per single operation (managed only, inclusive, 1KB = 1024B)
  Alloc Ratio : Allocated memory ratio distribution ([Current]/[Baseline])
  1 ns        : 1 Nanosecond (0.000000001 sec)

// * Diagnostic Output - MemoryDiagnoser *


// ***** BenchmarkRunner: End *****
Run time: 00:03:45 (225.53 sec), executed benchmarks: 7

Global total time: 00:07:56 (476.17 sec), executed benchmarks: 15
// * Artifacts cleanup *
Artifacts cleanup is finished
