// Validating benchmarks:
// ***** BenchmarkRunner: Start   *****
// ***** Found 45 benchmark(s) in total *****
// ***** Building 3 exe(s) in Parallel: Start   *****
// ***** Done, took 00:00:11 (11.03 sec)   *****
// ***** Failed to build in Parallel, switching to sequential build   *****
// ***** Done, took 00:00:02 (2.36 sec)   *****
// Found 12 benchmarks:
//   AggregateHydrationBenchmarks.Ardalis_AggregateHydration_ZeroEvents: .NET 10.0(Runtime=.NET 10.0, Toolchain=net10.0)
//   AggregateHydrationBenchmarks.EricksonLopez_AggregateHydration_ZeroEvents: .NET 10.0(Runtime=.NET 10.0, Toolchain=net10.0)
//   AggregateHydrationBenchmarks.Ardalis_DrainEvents_WithEvents: .NET 10.0(Runtime=.NET 10.0, Toolchain=net10.0)
//   AggregateHydrationBenchmarks.EricksonLopez_DrainEvents_WithEvents: .NET 10.0(Runtime=.NET 10.0, Toolchain=net10.0)
//   AggregateHydrationBenchmarks.Ardalis_AggregateHydration_ZeroEvents: .NET 8.0(Runtime=.NET 8.0, Toolchain=net8.0)
//   AggregateHydrationBenchmarks.EricksonLopez_AggregateHydration_ZeroEvents: .NET 8.0(Runtime=.NET 8.0, Toolchain=net8.0)
//   AggregateHydrationBenchmarks.Ardalis_DrainEvents_WithEvents: .NET 8.0(Runtime=.NET 8.0, Toolchain=net8.0)
//   AggregateHydrationBenchmarks.EricksonLopez_DrainEvents_WithEvents: .NET 8.0(Runtime=.NET 8.0, Toolchain=net8.0)
//   AggregateHydrationBenchmarks.Ardalis_AggregateHydration_ZeroEvents: .NET 9.0(Runtime=.NET 9.0, Toolchain=net9.0)
//   AggregateHydrationBenchmarks.EricksonLopez_AggregateHydration_ZeroEvents: .NET 9.0(Runtime=.NET 9.0, Toolchain=net9.0)
//   AggregateHydrationBenchmarks.Ardalis_DrainEvents_WithEvents: .NET 9.0(Runtime=.NET 9.0, Toolchain=net9.0)
//   AggregateHydrationBenchmarks.EricksonLopez_DrainEvents_WithEvents: .NET 9.0(Runtime=.NET 9.0, Toolchain=net9.0)

// **************************
// Benchmark: AggregateHydrationBenchmarks.Ardalis_AggregateHydration_ZeroEvents: .NET 10.0(Runtime=.NET 10.0, Toolchain=net10.0)
// *** Execute ***
// Launch: 1 / 1
// Execute: dotnet "EricksonLopez.SharedKernel.Benchmarks-.NET 10.0-1.dll" --anonymousPipes 110 112 --benchmarkName EricksonLopez.SharedKernel.Benchmarks.AggregateHydrationBenchmarks.Ardalis_AggregateHydration_ZeroEvents --job ".NET 10.0" --benchmarkId 0 in /home/runner/work/dotnet-shared-kernel/dotnet-shared-kernel/benchmarks/EricksonLopez.SharedKernel.Benchmarks/bin/Release/net10.0/EricksonLopez.SharedKernel.Benchmarks-.NET 10.0-1/bin/Release/net10.0
// Failed to set up high priority (Permission denied). In order to run benchmarks with high priority, make sure you have the right permissions.
// BeforeAnythingElse

// Benchmark Process Environment Information:
// BenchmarkDotNet v0.15.8
// Runtime=.NET 10.0.12 (10.0.12, 10.0.1226.42308), X64 RyuJIT x86-64-v4
// GC=Concurrent Workstation
// HardwareIntrinsics=AVX512 BITALG+VBMI2+VNNI+VPOPCNTDQ,AVX512 IFMA+VBMI,AVX512 F+BW+CD+DQ+VL,AVX2+BMI1+BMI2+F16C+FMA+LZCNT+MOVBE,AVX,SSE3+SSSE3+SSE4.1+SSE4.2+POPCNT,X86Base+SSE+SSE2,AES+PCLMUL VectorSize=256
// Job: .NET 10.0

OverheadJitting  1: 1 op, 193602.00 ns, 193.6020 us/op
WorkloadJitting  1: 1 op, 344770.00 ns, 344.7700 us/op

OverheadJitting  2: 16 op, 407085.00 ns, 25.4428 us/op
WorkloadJitting  2: 16 op, 421606.00 ns, 26.3504 us/op

WorkloadPilot    1: 16 op, 2284.00 ns, 142.7500 ns/op
WorkloadPilot    2: 32 op, 2544.00 ns, 79.5000 ns/op
WorkloadPilot    3: 64 op, 17556.00 ns, 274.3125 ns/op
WorkloadPilot    4: 128 op, 23365.00 ns, 182.5391 ns/op
WorkloadPilot    5: 256 op, 24647.00 ns, 96.2773 ns/op
WorkloadPilot    6: 512 op, 30326.00 ns, 59.2305 ns/op
WorkloadPilot    7: 1024 op, 75364.00 ns, 73.5977 ns/op
WorkloadPilot    8: 2048 op, 136085.00 ns, 66.4478 ns/op
WorkloadPilot    9: 4096 op, 265210.00 ns, 64.7485 ns/op
WorkloadPilot   10: 8192 op, 392402.00 ns, 47.9006 ns/op
WorkloadPilot   11: 16384 op, 847329.00 ns, 51.7169 ns/op
WorkloadPilot   12: 32768 op, 1643381.00 ns, 50.1520 ns/op
WorkloadPilot   13: 65536 op, 3312139.00 ns, 50.5392 ns/op
WorkloadPilot   14: 131072 op, 6580873.00 ns, 50.2081 ns/op
WorkloadPilot   15: 262144 op, 11674702.00 ns, 44.5355 ns/op
WorkloadPilot   16: 524288 op, 12849915.00 ns, 24.5093 ns/op
WorkloadPilot   17: 1048576 op, 23769116.00 ns, 22.6680 ns/op
WorkloadPilot   18: 2097152 op, 51883902.00 ns, 24.7402 ns/op
WorkloadPilot   19: 4194304 op, 90123230.00 ns, 21.4871 ns/op
WorkloadPilot   20: 8388608 op, 120927876.00 ns, 14.4157 ns/op
WorkloadPilot   21: 16777216 op, 241434957.00 ns, 14.3906 ns/op
WorkloadPilot   22: 33554432 op, 476668283.00 ns, 14.2058 ns/op
WorkloadPilot   23: 67108864 op, 969281413.00 ns, 14.4434 ns/op

OverheadWarmup   1: 67108864 op, 251827634.00 ns, 3.7525 ns/op
OverheadWarmup   2: 67108864 op, 173938378.00 ns, 2.5919 ns/op
OverheadWarmup   3: 67108864 op, 173903276.00 ns, 2.5914 ns/op
OverheadWarmup   4: 67108864 op, 192325322.00 ns, 2.8659 ns/op
OverheadWarmup   5: 67108864 op, 210765915.00 ns, 3.1407 ns/op
OverheadWarmup   6: 67108864 op, 174630693.00 ns, 2.6022 ns/op
OverheadWarmup   7: 67108864 op, 210597742.00 ns, 3.1382 ns/op
OverheadWarmup   8: 67108864 op, 192532234.00 ns, 2.8690 ns/op

OverheadActual   1: 67108864 op, 174013622.00 ns, 2.5930 ns/op
OverheadActual   2: 67108864 op, 174097068.00 ns, 2.5942 ns/op
OverheadActual   3: 67108864 op, 174201105.00 ns, 2.5958 ns/op
OverheadActual   4: 67108864 op, 180329766.00 ns, 2.6871 ns/op
OverheadActual   5: 67108864 op, 174027524.00 ns, 2.5932 ns/op
OverheadActual   6: 67108864 op, 174449635.00 ns, 2.5995 ns/op
OverheadActual   7: 67108864 op, 174301637.00 ns, 2.5973 ns/op
OverheadActual   8: 67108864 op, 174239643.00 ns, 2.5964 ns/op
OverheadActual   9: 67108864 op, 192442349.00 ns, 2.8676 ns/op
OverheadActual  10: 67108864 op, 174027864.00 ns, 2.5932 ns/op
OverheadActual  11: 67108864 op, 174082897.00 ns, 2.5940 ns/op
OverheadActual  12: 67108864 op, 174071550.00 ns, 2.5939 ns/op
OverheadActual  13: 67108864 op, 192509139.00 ns, 2.8686 ns/op
OverheadActual  14: 67108864 op, 192245672.00 ns, 2.8647 ns/op
OverheadActual  15: 67108864 op, 175566626.00 ns, 2.6161 ns/op

WorkloadWarmup   1: 67108864 op, 978889823.00 ns, 14.5866 ns/op
WorkloadWarmup   2: 67108864 op, 961359490.00 ns, 14.3254 ns/op
WorkloadWarmup   3: 67108864 op, 957496279.00 ns, 14.2678 ns/op
WorkloadWarmup   4: 67108864 op, 958648479.00 ns, 14.2850 ns/op
WorkloadWarmup   5: 67108864 op, 953690164.00 ns, 14.2111 ns/op
WorkloadWarmup   6: 67108864 op, 959758665.00 ns, 14.3015 ns/op
WorkloadWarmup   7: 67108864 op, 953707962.00 ns, 14.2114 ns/op

// BeforeActualRun
WorkloadActual   1: 67108864 op, 986220213.00 ns, 14.6958 ns/op
WorkloadActual   2: 67108864 op, 964082764.00 ns, 14.3660 ns/op
WorkloadActual   3: 67108864 op, 957291001.00 ns, 14.2647 ns/op
WorkloadActual   4: 67108864 op, 953582343.00 ns, 14.2095 ns/op
WorkloadActual   5: 67108864 op, 973078179.00 ns, 14.5000 ns/op
WorkloadActual   6: 67108864 op, 961622168.00 ns, 14.3293 ns/op
WorkloadActual   7: 67108864 op, 991180142.00 ns, 14.7697 ns/op
WorkloadActual   8: 67108864 op, 967054738.00 ns, 14.4102 ns/op
WorkloadActual   9: 67108864 op, 969260237.00 ns, 14.4431 ns/op
WorkloadActual  10: 67108864 op, 956778743.00 ns, 14.2571 ns/op
WorkloadActual  11: 67108864 op, 966461971.00 ns, 14.4014 ns/op
WorkloadActual  12: 67108864 op, 955272173.00 ns, 14.2347 ns/op
WorkloadActual  13: 67108864 op, 968554440.00 ns, 14.4326 ns/op
WorkloadActual  14: 67108864 op, 968118491.00 ns, 14.4261 ns/op
WorkloadActual  15: 67108864 op, 963412770.00 ns, 14.3560 ns/op

// AfterActualRun
WorkloadResult   1: 67108864 op, 789843121.00 ns, 11.7696 ns/op
WorkloadResult   2: 67108864 op, 783051358.00 ns, 11.6684 ns/op
WorkloadResult   3: 67108864 op, 779342700.00 ns, 11.6131 ns/op
WorkloadResult   4: 67108864 op, 798838536.00 ns, 11.9036 ns/op
WorkloadResult   5: 67108864 op, 787382525.00 ns, 11.7329 ns/op
WorkloadResult   6: 67108864 op, 792815095.00 ns, 11.8139 ns/op
WorkloadResult   7: 67108864 op, 795020594.00 ns, 11.8467 ns/op
WorkloadResult   8: 67108864 op, 782539100.00 ns, 11.6607 ns/op
WorkloadResult   9: 67108864 op, 792222328.00 ns, 11.8050 ns/op
WorkloadResult  10: 67108864 op, 781032530.00 ns, 11.6383 ns/op
WorkloadResult  11: 67108864 op, 794314797.00 ns, 11.8362 ns/op
WorkloadResult  12: 67108864 op, 793878848.00 ns, 11.8297 ns/op
WorkloadResult  13: 67108864 op, 789173127.00 ns, 11.7596 ns/op
// GC:  288 0 0 4831838208 67108864
// Threading:  0 0 67108864

// AfterAll
// Benchmark Process 3346 has exited with code 0.

Mean = 11.760 ns, StdErr = 0.025 ns (0.21%), N = 13, StdDev = 0.091 ns
Min = 11.613 ns, Q1 = 11.668 ns, Median = 11.770 ns, Q3 = 11.830 ns, Max = 11.904 ns
IQR = 0.161 ns, LowerFence = 11.426 ns, UpperFence = 12.072 ns
ConfidenceInterval = [11.651 ns; 11.869 ns] (CI 99.9%), Margin = 0.109 ns (0.93% of Mean)
Skewness = -0.21, Kurtosis = 1.58, MValue = 2

// ** Remained 44 (97.8 %) benchmark(s) to run. Estimated finish 2026-10-04 7:56 (0h 21m from now) **
// **************************
// Benchmark: AggregateHydrationBenchmarks.EricksonLopez_AggregateHydration_ZeroEvents: .NET 10.0(Runtime=.NET 10.0, Toolchain=net10.0)
// *** Execute ***
// Launch: 1 / 1
// Execute: dotnet "EricksonLopez.SharedKernel.Benchmarks-.NET 10.0-1.dll" --anonymousPipes 110 112 --benchmarkName EricksonLopez.SharedKernel.Benchmarks.AggregateHydrationBenchmarks.EricksonLopez_AggregateHydration_ZeroEvents --job ".NET 10.0" --benchmarkId 1 in /home/runner/work/dotnet-shared-kernel/dotnet-shared-kernel/benchmarks/EricksonLopez.SharedKernel.Benchmarks/bin/Release/net10.0/EricksonLopez.SharedKernel.Benchmarks-.NET 10.0-1/bin/Release/net10.0
// Failed to set up high priority (Permission denied). In order to run benchmarks with high priority, make sure you have the right permissions.
// BeforeAnythingElse

// Benchmark Process Environment Information:
// BenchmarkDotNet v0.15.8
// Runtime=.NET 10.0.12 (10.0.12, 10.0.1226.42308), X64 RyuJIT x86-64-v4
// GC=Concurrent Workstation
// HardwareIntrinsics=AVX512 BITALG+VBMI2+VNNI+VPOPCNTDQ,AVX512 IFMA+VBMI,AVX512 F+BW+CD+DQ+VL,AVX2+BMI1+BMI2+F16C+FMA+LZCNT+MOVBE,AVX,SSE3+SSSE3+SSE4.1+SSE4.2+POPCNT,X86Base+SSE+SSE2,AES+PCLMUL VectorSize=256
// Job: .NET 10.0

OverheadJitting  1: 1 op, 194103.00 ns, 194.1030 us/op
WorkloadJitting  1: 1 op, 469288.00 ns, 469.2880 us/op

OverheadJitting  2: 16 op, 428156.00 ns, 26.7598 us/op
WorkloadJitting  2: 16 op, 424150.00 ns, 26.5094 us/op

WorkloadPilot    1: 16 op, 2343.00 ns, 146.4375 ns/op
WorkloadPilot    2: 32 op, 2604.00 ns, 81.3750 ns/op
WorkloadPilot    3: 64 op, 2984.00 ns, 46.6250 ns/op
WorkloadPilot    4: 128 op, 18028.00 ns, 140.8438 ns/op
WorkloadPilot    5: 256 op, 23175.00 ns, 90.5273 ns/op
WorkloadPilot    6: 512 op, 32429.00 ns, 63.3379 ns/op
WorkloadPilot    7: 1024 op, 54392.00 ns, 53.1172 ns/op
WorkloadPilot    8: 2048 op, 149716.00 ns, 73.1035 ns/op
WorkloadPilot    9: 4096 op, 188825.00 ns, 46.0999 ns/op
WorkloadPilot   10: 8192 op, 260133.00 ns, 31.7545 ns/op
WorkloadPilot   11: 16384 op, 685414.00 ns, 41.8344 ns/op
WorkloadPilot   12: 32768 op, 1337559.00 ns, 40.8191 ns/op
WorkloadPilot   13: 65536 op, 2620976.00 ns, 39.9929 ns/op
WorkloadPilot   14: 131072 op, 5123473.00 ns, 39.0890 ns/op
WorkloadPilot   15: 262144 op, 9967364.00 ns, 38.0225 ns/op
WorkloadPilot   16: 524288 op, 13639345.00 ns, 26.0150 ns/op
WorkloadPilot   17: 1048576 op, 21128548.00 ns, 20.1498 ns/op
WorkloadPilot   18: 2097152 op, 44017093.00 ns, 20.9890 ns/op
WorkloadPilot   19: 4194304 op, 43135282.00 ns, 10.2843 ns/op
WorkloadPilot   20: 8388608 op, 69717071.00 ns, 8.3109 ns/op
WorkloadPilot   21: 16777216 op, 127743819.00 ns, 7.6141 ns/op
WorkloadPilot   22: 33554432 op, 262818742.00 ns, 7.8326 ns/op
WorkloadPilot   23: 67108864 op, 541685294.00 ns, 8.0717 ns/op

OverheadWarmup   1: 67108864 op, 253325214.00 ns, 3.7748 ns/op
OverheadWarmup   2: 67108864 op, 194463386.00 ns, 2.8977 ns/op
OverheadWarmup   3: 67108864 op, 194515824.00 ns, 2.8985 ns/op
OverheadWarmup   4: 67108864 op, 194758458.00 ns, 2.9021 ns/op
OverheadWarmup   5: 67108864 op, 176232555.00 ns, 2.6261 ns/op
OverheadWarmup   6: 67108864 op, 194532883.00 ns, 2.8988 ns/op
OverheadWarmup   7: 67108864 op, 196552392.00 ns, 2.9289 ns/op
OverheadWarmup   8: 67108864 op, 194486604.00 ns, 2.8981 ns/op

OverheadActual   1: 67108864 op, 194548157.00 ns, 2.8990 ns/op
OverheadActual   2: 67108864 op, 176418134.00 ns, 2.6288 ns/op
OverheadActual   3: 67108864 op, 176216771.00 ns, 2.6258 ns/op
OverheadActual   4: 67108864 op, 176957960.00 ns, 2.6369 ns/op
OverheadActual   5: 67108864 op, 176260747.00 ns, 2.6265 ns/op
OverheadActual   6: 67108864 op, 213376504.00 ns, 3.1796 ns/op
OverheadActual   7: 67108864 op, 194662900.00 ns, 2.9007 ns/op
OverheadActual   8: 67108864 op, 194723271.00 ns, 2.9016 ns/op
OverheadActual   9: 67108864 op, 194822130.00 ns, 2.9031 ns/op
OverheadActual  10: 67108864 op, 194557341.00 ns, 2.8991 ns/op
OverheadActual  11: 67108864 op, 194433163.00 ns, 2.8973 ns/op
OverheadActual  12: 67108864 op, 194679125.00 ns, 2.9009 ns/op
OverheadActual  13: 67108864 op, 195104217.00 ns, 2.9073 ns/op
OverheadActual  14: 67108864 op, 194553025.00 ns, 2.8991 ns/op
OverheadActual  15: 67108864 op, 194636821.00 ns, 2.9003 ns/op
OverheadActual  16: 67108864 op, 194477300.00 ns, 2.8979 ns/op

WorkloadWarmup   1: 67108864 op, 549163862.00 ns, 8.1832 ns/op
WorkloadWarmup   2: 67108864 op, 568329478.00 ns, 8.4688 ns/op
WorkloadWarmup   3: 67108864 op, 579738606.00 ns, 8.6388 ns/op
WorkloadWarmup   4: 67108864 op, 583782770.00 ns, 8.6990 ns/op
WorkloadWarmup   5: 67108864 op, 571593934.00 ns, 8.5174 ns/op
WorkloadWarmup   6: 67108864 op, 573225056.00 ns, 8.5417 ns/op
WorkloadWarmup   7: 67108864 op, 588164373.00 ns, 8.7643 ns/op
WorkloadWarmup   8: 67108864 op, 589145544.00 ns, 8.7790 ns/op
WorkloadWarmup   9: 67108864 op, 561034538.00 ns, 8.3601 ns/op

// BeforeActualRun
WorkloadActual   1: 67108864 op, 553914252.00 ns, 8.2540 ns/op
WorkloadActual   2: 67108864 op, 568697873.00 ns, 8.4743 ns/op
WorkloadActual   3: 67108864 op, 556827869.00 ns, 8.2974 ns/op
WorkloadActual   4: 67108864 op, 571613012.00 ns, 8.5177 ns/op
WorkloadActual   5: 67108864 op, 579051248.00 ns, 8.6285 ns/op
WorkloadActual   6: 67108864 op, 565576202.00 ns, 8.4277 ns/op
WorkloadActual   7: 67108864 op, 556487215.00 ns, 8.2923 ns/op
WorkloadActual   8: 67108864 op, 563198624.00 ns, 8.3923 ns/op
WorkloadActual   9: 67108864 op, 549948597.00 ns, 8.1949 ns/op
WorkloadActual  10: 67108864 op, 557838995.00 ns, 8.3124 ns/op
WorkloadActual  11: 67108864 op, 551893142.00 ns, 8.2238 ns/op
WorkloadActual  12: 67108864 op, 582621746.00 ns, 8.6817 ns/op
WorkloadActual  13: 67108864 op, 578087884.00 ns, 8.6142 ns/op
WorkloadActual  14: 67108864 op, 563806145.00 ns, 8.4014 ns/op
WorkloadActual  15: 67108864 op, 559829636.00 ns, 8.3421 ns/op

// AfterActualRun
WorkloadResult   1: 67108864 op, 359359069.00 ns, 5.3549 ns/op
WorkloadResult   2: 67108864 op, 374142690.00 ns, 5.5752 ns/op
WorkloadResult   3: 67108864 op, 362272686.00 ns, 5.3983 ns/op
WorkloadResult   4: 67108864 op, 377057829.00 ns, 5.6186 ns/op
WorkloadResult   5: 67108864 op, 384496065.00 ns, 5.7294 ns/op
WorkloadResult   6: 67108864 op, 371021019.00 ns, 5.5286 ns/op
WorkloadResult   7: 67108864 op, 361932032.00 ns, 5.3932 ns/op
WorkloadResult   8: 67108864 op, 368643441.00 ns, 5.4932 ns/op
WorkloadResult   9: 67108864 op, 355393414.00 ns, 5.2958 ns/op
WorkloadResult  10: 67108864 op, 363283812.00 ns, 5.4134 ns/op
WorkloadResult  11: 67108864 op, 357337959.00 ns, 5.3248 ns/op
WorkloadResult  12: 67108864 op, 388066563.00 ns, 5.7826 ns/op
WorkloadResult  13: 67108864 op, 383532701.00 ns, 5.7151 ns/op
WorkloadResult  14: 67108864 op, 369250962.00 ns, 5.5023 ns/op
WorkloadResult  15: 67108864 op, 365274453.00 ns, 5.4430 ns/op
// GC:  192 0 0 3221225504 67108864
// Threading:  0 0 67108864

// AfterAll
// Benchmark Process 3375 has exited with code 0.

Mean = 5.505 ns, StdErr = 0.039 ns (0.71%), N = 15, StdDev = 0.152 ns
Min = 5.296 ns, Q1 = 5.396 ns, Median = 5.493 ns, Q3 = 5.597 ns, Max = 5.783 ns
IQR = 0.201 ns, LowerFence = 5.094 ns, UpperFence = 5.899 ns
ConfidenceInterval = [5.342 ns; 5.667 ns] (CI 99.9%), Margin = 0.163 ns (2.96% of Mean)
Skewness = 0.42, Kurtosis = 1.79, MValue = 2

// ** Remained 43 (95.6 %) benchmark(s) to run. Estimated finish 2026-10-04 7:53 (0h 17m from now) **
// **************************
// Benchmark: AggregateHydrationBenchmarks.Ardalis_DrainEvents_WithEvents: .NET 10.0(Runtime=.NET 10.0, Toolchain=net10.0)
// *** Execute ***
// Launch: 1 / 1
// Execute: dotnet "EricksonLopez.SharedKernel.Benchmarks-.NET 10.0-1.dll" --anonymousPipes 110 112 --benchmarkName EricksonLopez.SharedKernel.Benchmarks.AggregateHydrationBenchmarks.Ardalis_DrainEvents_WithEvents --job ".NET 10.0" --benchmarkId 2 in /home/runner/work/dotnet-shared-kernel/dotnet-shared-kernel/benchmarks/EricksonLopez.SharedKernel.Benchmarks/bin/Release/net10.0/EricksonLopez.SharedKernel.Benchmarks-.NET 10.0-1/bin/Release/net10.0
// Failed to set up high priority (Permission denied). In order to run benchmarks with high priority, make sure you have the right permissions.
// BeforeAnythingElse

// Benchmark Process Environment Information:
// BenchmarkDotNet v0.15.8
// Runtime=.NET 10.0.12 (10.0.12, 10.0.1226.42308), X64 RyuJIT x86-64-v4
// GC=Concurrent Workstation
// HardwareIntrinsics=AVX512 BITALG+VBMI2+VNNI+VPOPCNTDQ,AVX512 IFMA+VBMI,AVX512 F+BW+CD+DQ+VL,AVX2+BMI1+BMI2+F16C+FMA+LZCNT+MOVBE,AVX,SSE3+SSSE3+SSE4.1+SSE4.2+POPCNT,X86Base+SSE+SSE2,AES+PCLMUL VectorSize=256
// Job: .NET 10.0

OverheadJitting  1: 1 op, 174974.00 ns, 174.9740 us/op
WorkloadJitting  1: 1 op, 672675.00 ns, 672.6750 us/op

OverheadJitting  2: 16 op, 310228.00 ns, 19.3893 us/op
WorkloadJitting  2: 16 op, 364009.00 ns, 22.7506 us/op

WorkloadPilot    1: 16 op, 6690.00 ns, 418.1250 ns/op
WorkloadPilot    2: 32 op, 23475.00 ns, 733.5938 ns/op
WorkloadPilot    3: 64 op, 32179.00 ns, 502.7969 ns/op
WorkloadPilot    4: 128 op, 54732.00 ns, 427.5938 ns/op
WorkloadPilot    5: 256 op, 112670.00 ns, 440.1172 ns/op
WorkloadPilot    6: 512 op, 167302.00 ns, 326.7617 ns/op
WorkloadPilot    7: 1024 op, 349327.00 ns, 341.1396 ns/op
WorkloadPilot    8: 2048 op, 557642.00 ns, 272.2861 ns/op
WorkloadPilot    9: 4096 op, 1204857.00 ns, 294.1545 ns/op
WorkloadPilot   10: 8192 op, 2406932.00 ns, 293.8149 ns/op
WorkloadPilot   11: 16384 op, 4757448.00 ns, 290.3716 ns/op
WorkloadPilot   12: 32768 op, 9555496.00 ns, 291.6106 ns/op
WorkloadPilot   13: 65536 op, 18556966.00 ns, 283.1568 ns/op
WorkloadPilot   14: 131072 op, 25835477.00 ns, 197.1090 ns/op
WorkloadPilot   15: 262144 op, 52539774.00 ns, 200.4233 ns/op
WorkloadPilot   16: 524288 op, 63372187.00 ns, 120.8729 ns/op
WorkloadPilot   17: 1048576 op, 79683754.00 ns, 75.9923 ns/op
WorkloadPilot   18: 2097152 op, 123536534.00 ns, 58.9068 ns/op
WorkloadPilot   19: 4194304 op, 246367021.00 ns, 58.7385 ns/op
WorkloadPilot   20: 8388608 op, 493688061.00 ns, 58.8522 ns/op
WorkloadPilot   21: 16777216 op, 999245810.00 ns, 59.5597 ns/op

OverheadWarmup   1: 16777216 op, 33860123.00 ns, 2.0182 ns/op
OverheadWarmup   2: 16777216 op, 33865531.00 ns, 2.0185 ns/op
OverheadWarmup   3: 16777216 op, 33741073.00 ns, 2.0111 ns/op
OverheadWarmup   4: 16777216 op, 33817238.00 ns, 2.0157 ns/op
OverheadWarmup   5: 16777216 op, 33756997.00 ns, 2.0121 ns/op

OverheadActual   1: 16777216 op, 33820133.00 ns, 2.0158 ns/op
OverheadActual   2: 16777216 op, 33824139.00 ns, 2.0161 ns/op
OverheadActual   3: 16777216 op, 33844509.00 ns, 2.0173 ns/op
OverheadActual   4: 16777216 op, 33787603.00 ns, 2.0139 ns/op
OverheadActual   5: 16777216 op, 33911500.00 ns, 2.0213 ns/op
OverheadActual   6: 16777216 op, 34201197.00 ns, 2.0386 ns/op
OverheadActual   7: 16777216 op, 33763347.00 ns, 2.0125 ns/op
OverheadActual   8: 16777216 op, 33794173.00 ns, 2.0143 ns/op
OverheadActual   9: 16777216 op, 33760703.00 ns, 2.0123 ns/op
OverheadActual  10: 16777216 op, 40770388.00 ns, 2.4301 ns/op
OverheadActual  11: 16777216 op, 24730429.00 ns, 1.4740 ns/op
OverheadActual  12: 16777216 op, 24614775.00 ns, 1.4672 ns/op
OverheadActual  13: 16777216 op, 24621976.00 ns, 1.4676 ns/op
OverheadActual  14: 16777216 op, 24682417.00 ns, 1.4712 ns/op
OverheadActual  15: 16777216 op, 24598040.00 ns, 1.4662 ns/op
OverheadActual  16: 16777216 op, 24730249.00 ns, 1.4740 ns/op
OverheadActual  17: 16777216 op, 24610458.00 ns, 1.4669 ns/op
OverheadActual  18: 16777216 op, 24637579.00 ns, 1.4685 ns/op
OverheadActual  19: 16777216 op, 24619202.00 ns, 1.4674 ns/op
OverheadActual  20: 16777216 op, 24629767.00 ns, 1.4680 ns/op

WorkloadWarmup   1: 16777216 op, 993651476.00 ns, 59.2262 ns/op
WorkloadWarmup   2: 16777216 op, 996201848.00 ns, 59.3783 ns/op
WorkloadWarmup   3: 16777216 op, 1002721482.00 ns, 59.7669 ns/op
WorkloadWarmup   4: 16777216 op, 985029686.00 ns, 58.7123 ns/op
WorkloadWarmup   5: 16777216 op, 986051878.00 ns, 58.7733 ns/op
WorkloadWarmup   6: 16777216 op, 983994203.00 ns, 58.6506 ns/op

// BeforeActualRun
WorkloadActual   1: 16777216 op, 988979056.00 ns, 58.9477 ns/op
WorkloadActual   2: 16777216 op, 993245306.00 ns, 59.2020 ns/op
WorkloadActual   3: 16777216 op, 984347917.00 ns, 58.6717 ns/op
WorkloadActual   4: 16777216 op, 986765025.00 ns, 58.8158 ns/op
WorkloadActual   5: 16777216 op, 986327997.00 ns, 58.7897 ns/op
WorkloadActual   6: 16777216 op, 986457183.00 ns, 58.7974 ns/op
WorkloadActual   7: 16777216 op, 985446708.00 ns, 58.7372 ns/op
WorkloadActual   8: 16777216 op, 992756320.00 ns, 59.1729 ns/op
WorkloadActual   9: 16777216 op, 983645549.00 ns, 58.6298 ns/op
WorkloadActual  10: 16777216 op, 990797433.00 ns, 59.0561 ns/op
WorkloadActual  11: 16777216 op, 985696295.00 ns, 58.7521 ns/op
WorkloadActual  12: 16777216 op, 986760551.00 ns, 58.8155 ns/op
WorkloadActual  13: 16777216 op, 988103247.00 ns, 58.8955 ns/op
WorkloadActual  14: 16777216 op, 985488191.00 ns, 58.7397 ns/op
WorkloadActual  15: 16777216 op, 983956801.00 ns, 58.6484 ns/op

// AfterActualRun
WorkloadResult   1: 16777216 op, 959733490.00 ns, 57.2046 ns/op
WorkloadResult   2: 16777216 op, 955102351.00 ns, 56.9285 ns/op
WorkloadResult   3: 16777216 op, 957519459.00 ns, 57.0726 ns/op
WorkloadResult   4: 16777216 op, 957082431.00 ns, 57.0466 ns/op
WorkloadResult   5: 16777216 op, 957211617.00 ns, 57.0543 ns/op
WorkloadResult   6: 16777216 op, 956201142.00 ns, 56.9940 ns/op
WorkloadResult   7: 16777216 op, 963510754.00 ns, 57.4297 ns/op
WorkloadResult   8: 16777216 op, 954399983.00 ns, 56.8867 ns/op
WorkloadResult   9: 16777216 op, 961551867.00 ns, 57.3130 ns/op
WorkloadResult  10: 16777216 op, 956450729.00 ns, 57.0089 ns/op
WorkloadResult  11: 16777216 op, 957514985.00 ns, 57.0723 ns/op
WorkloadResult  12: 16777216 op, 958857681.00 ns, 57.1524 ns/op
WorkloadResult  13: 16777216 op, 956242625.00 ns, 56.9965 ns/op
WorkloadResult  14: 16777216 op, 954711235.00 ns, 56.9052 ns/op
// GC:  200 0 0 3355443200 16777216
// Threading:  0 0 16777216

// AfterAll
// Benchmark Process 3425 has exited with code 0.

Mean = 57.076 ns, StdErr = 0.041 ns (0.07%), N = 14, StdDev = 0.154 ns
Min = 56.887 ns, Q1 = 56.995 ns, Median = 57.050 ns, Q3 = 57.132 ns, Max = 57.430 ns
IQR = 0.138 ns, LowerFence = 56.788 ns, UpperFence = 57.339 ns
ConfidenceInterval = [56.902 ns; 57.250 ns] (CI 99.9%), Margin = 0.174 ns (0.30% of Mean)
Skewness = 0.85, Kurtosis = 2.75, MValue = 2

// ** Remained 42 (93.3 %) benchmark(s) to run. Estimated finish 2026-10-04 7:53 (0h 17m from now) **
// **************************
// Benchmark: AggregateHydrationBenchmarks.EricksonLopez_DrainEvents_WithEvents: .NET 10.0(Runtime=.NET 10.0, Toolchain=net10.0)
// *** Execute ***
// Launch: 1 / 1
// Execute: dotnet "EricksonLopez.SharedKernel.Benchmarks-.NET 10.0-1.dll" --anonymousPipes 110 112 --benchmarkName EricksonLopez.SharedKernel.Benchmarks.AggregateHydrationBenchmarks.EricksonLopez_DrainEvents_WithEvents --job ".NET 10.0" --benchmarkId 3 in /home/runner/work/dotnet-shared-kernel/dotnet-shared-kernel/benchmarks/EricksonLopez.SharedKernel.Benchmarks/bin/Release/net10.0/EricksonLopez.SharedKernel.Benchmarks-.NET 10.0-1/bin/Release/net10.0
// Failed to set up high priority (Permission denied). In order to run benchmarks with high priority, make sure you have the right permissions.
// BeforeAnythingElse

// Benchmark Process Environment Information:
// BenchmarkDotNet v0.15.8
// Runtime=.NET 10.0.12 (10.0.12, 10.0.1226.42308), X64 RyuJIT x86-64-v4
// GC=Concurrent Workstation
// HardwareIntrinsics=AVX512 BITALG+VBMI2+VNNI+VPOPCNTDQ,AVX512 IFMA+VBMI,AVX512 F+BW+CD+DQ+VL,AVX2+BMI1+BMI2+F16C+FMA+LZCNT+MOVBE,AVX,SSE3+SSSE3+SSE4.1+SSE4.2+POPCNT,X86Base+SSE+SSE2,AES+PCLMUL VectorSize=256
// Job: .NET 10.0

OverheadJitting  1: 1 op, 169235.00 ns, 169.2350 us/op
WorkloadJitting  1: 1 op, 983374.00 ns, 983.3740 us/op

OverheadJitting  2: 16 op, 276507.00 ns, 17.2817 us/op
WorkloadJitting  2: 16 op, 337079.00 ns, 21.0674 us/op

WorkloadPilot    1: 16 op, 5468.00 ns, 341.7500 ns/op
WorkloadPilot    2: 32 op, 20351.00 ns, 635.9688 ns/op
WorkloadPilot    3: 64 op, 46750.00 ns, 730.4688 ns/op
WorkloadPilot    4: 128 op, 44347.00 ns, 346.4609 ns/op
WorkloadPilot    5: 256 op, 102615.00 ns, 400.8398 ns/op
WorkloadPilot    6: 512 op, 127883.00 ns, 249.7715 ns/op
WorkloadPilot    7: 1024 op, 262486.00 ns, 256.3340 ns/op
WorkloadPilot    8: 2048 op, 391050.00 ns, 190.9424 ns/op
WorkloadPilot    9: 4096 op, 856243.00 ns, 209.0437 ns/op
WorkloadPilot   10: 8192 op, 1702229.00 ns, 207.7916 ns/op
WorkloadPilot   11: 16384 op, 3420863.00 ns, 208.7929 ns/op
WorkloadPilot   12: 32768 op, 6852722.00 ns, 209.1285 ns/op
WorkloadPilot   13: 65536 op, 13656771.00 ns, 208.3858 ns/op
WorkloadPilot   14: 131072 op, 20425537.00 ns, 155.8345 ns/op
WorkloadPilot   15: 262144 op, 36847968.00 ns, 140.5638 ns/op
WorkloadPilot   16: 524288 op, 43616938.00 ns, 83.1927 ns/op
WorkloadPilot   17: 1048576 op, 45524057.00 ns, 43.4151 ns/op
WorkloadPilot   18: 2097152 op, 94235925.00 ns, 44.9352 ns/op
WorkloadPilot   19: 4194304 op, 199107732.00 ns, 47.4710 ns/op
WorkloadPilot   20: 8388608 op, 362558509.00 ns, 43.2203 ns/op
WorkloadPilot   21: 16777216 op, 722127607.00 ns, 43.0422 ns/op

OverheadWarmup   1: 16777216 op, 33765050.00 ns, 2.0126 ns/op
OverheadWarmup   2: 16777216 op, 33861625.00 ns, 2.0183 ns/op
OverheadWarmup   3: 16777216 op, 33866883.00 ns, 2.0186 ns/op
OverheadWarmup   4: 16777216 op, 33767163.00 ns, 2.0127 ns/op
OverheadWarmup   5: 16777216 op, 33750617.00 ns, 2.0117 ns/op
OverheadWarmup   6: 16777216 op, 33768235.00 ns, 2.0127 ns/op
OverheadWarmup   7: 16777216 op, 33764759.00 ns, 2.0125 ns/op

OverheadActual   1: 16777216 op, 33767593.00 ns, 2.0127 ns/op
OverheadActual   2: 16777216 op, 33776036.00 ns, 2.0132 ns/op
OverheadActual   3: 16777216 op, 33786502.00 ns, 2.0138 ns/op
OverheadActual   4: 16777216 op, 33906363.00 ns, 2.0210 ns/op
OverheadActual   5: 16777216 op, 33760122.00 ns, 2.0123 ns/op
OverheadActual   6: 16777216 op, 33776667.00 ns, 2.0132 ns/op
OverheadActual   7: 16777216 op, 34038232.00 ns, 2.0288 ns/op
OverheadActual   8: 16777216 op, 31015244.00 ns, 1.8487 ns/op
OverheadActual   9: 16777216 op, 24677194.00 ns, 1.4709 ns/op
OverheadActual  10: 16777216 op, 24607219.00 ns, 1.4667 ns/op
OverheadActual  11: 16777216 op, 24751642.00 ns, 1.4753 ns/op
OverheadActual  12: 16777216 op, 24578836.00 ns, 1.4650 ns/op
OverheadActual  13: 16777216 op, 35837387.00 ns, 2.1361 ns/op
OverheadActual  14: 16777216 op, 24596022.00 ns, 1.4660 ns/op
OverheadActual  15: 16777216 op, 24610173.00 ns, 1.4669 ns/op
OverheadActual  16: 16777216 op, 24608901.00 ns, 1.4668 ns/op
OverheadActual  17: 16777216 op, 24574869.00 ns, 1.4648 ns/op
OverheadActual  18: 16777216 op, 24673448.00 ns, 1.4707 ns/op
OverheadActual  19: 16777216 op, 24623153.00 ns, 1.4677 ns/op
OverheadActual  20: 16777216 op, 24574399.00 ns, 1.4647 ns/op

WorkloadWarmup   1: 16777216 op, 736699309.00 ns, 43.9107 ns/op
WorkloadWarmup   2: 16777216 op, 738927121.00 ns, 44.0435 ns/op
WorkloadWarmup   3: 16777216 op, 728599495.00 ns, 43.4279 ns/op
WorkloadWarmup   4: 16777216 op, 726287325.00 ns, 43.2901 ns/op
WorkloadWarmup   5: 16777216 op, 739341238.00 ns, 44.0682 ns/op
WorkloadWarmup   6: 16777216 op, 722946414.00 ns, 43.0910 ns/op

// BeforeActualRun
WorkloadActual   1: 16777216 op, 730388066.00 ns, 43.5345 ns/op
WorkloadActual   2: 16777216 op, 726030800.00 ns, 43.2748 ns/op
WorkloadActual   3: 16777216 op, 726902846.00 ns, 43.3268 ns/op
WorkloadActual   4: 16777216 op, 732984935.00 ns, 43.6893 ns/op
WorkloadActual   5: 16777216 op, 726309270.00 ns, 43.2914 ns/op
WorkloadActual   6: 16777216 op, 724169921.00 ns, 43.1639 ns/op
WorkloadActual   7: 16777216 op, 729991016.00 ns, 43.5109 ns/op
WorkloadActual   8: 16777216 op, 730940439.00 ns, 43.5674 ns/op
WorkloadActual   9: 16777216 op, 729456714.00 ns, 43.4790 ns/op
WorkloadActual  10: 16777216 op, 741103572.00 ns, 44.1732 ns/op
WorkloadActual  11: 16777216 op, 730715756.00 ns, 43.5541 ns/op
WorkloadActual  12: 16777216 op, 727745745.00 ns, 43.3770 ns/op
WorkloadActual  13: 16777216 op, 730624138.00 ns, 43.5486 ns/op
WorkloadActual  14: 16777216 op, 727436649.00 ns, 43.3586 ns/op
WorkloadActual  15: 16777216 op, 733349701.00 ns, 43.7110 ns/op

// AfterActualRun
WorkloadResult   1: 16777216 op, 705673648.00 ns, 42.0614 ns/op
WorkloadResult   2: 16777216 op, 701316382.00 ns, 41.8017 ns/op
WorkloadResult   3: 16777216 op, 702188428.00 ns, 41.8537 ns/op
WorkloadResult   4: 16777216 op, 708270517.00 ns, 42.2162 ns/op
WorkloadResult   5: 16777216 op, 701594852.00 ns, 41.8183 ns/op
WorkloadResult   6: 16777216 op, 699455503.00 ns, 41.6908 ns/op
WorkloadResult   7: 16777216 op, 705276598.00 ns, 42.0378 ns/op
WorkloadResult   8: 16777216 op, 706226021.00 ns, 42.0944 ns/op
WorkloadResult   9: 16777216 op, 704742296.00 ns, 42.0059 ns/op
WorkloadResult  10: 16777216 op, 706001338.00 ns, 42.0810 ns/op
WorkloadResult  11: 16777216 op, 703031327.00 ns, 41.9039 ns/op
WorkloadResult  12: 16777216 op, 705909720.00 ns, 42.0755 ns/op
WorkloadResult  13: 16777216 op, 702722231.00 ns, 41.8855 ns/op
WorkloadResult  14: 16777216 op, 708635283.00 ns, 42.2380 ns/op
// GC:  192 0 0 3221225472 16777216
// Threading:  0 0 16777216

// AfterAll
// Benchmark Process 3445 has exited with code 0.

Mean = 41.983 ns, StdErr = 0.043 ns (0.10%), N = 14, StdDev = 0.161 ns
Min = 41.691 ns, Q1 = 41.862 ns, Median = 42.022 ns, Q3 = 42.080 ns, Max = 42.238 ns
IQR = 0.218 ns, LowerFence = 41.535 ns, UpperFence = 42.407 ns
ConfidenceInterval = [41.801 ns; 42.165 ns] (CI 99.9%), Margin = 0.182 ns (0.43% of Mean)
Skewness = -0.1, Kurtosis = 1.81, MValue = 2

// ** Remained 41 (91.1 %) benchmark(s) to run. Estimated finish 2026-10-04 7:52 (0h 15m from now) **
// Build Error: Standard output: 
  
 Standard error: 
   Determining projects to restore...
/home/runner/work/dotnet-shared-kernel/dotnet-shared-kernel/benchmarks/EricksonLopez.SharedKernel.Benchmarks/bin/Release/net10.0/EricksonLopez.SharedKernel.Benchmarks-.NET 8.0-2/BenchmarkDotNet.Autogenerated.csproj : error NU1201: Project EricksonLopez.SharedKernel.Benchmarks is not compatible with net8.0 (.NETCoreApp,Version=v8.0). Project EricksonLopez.SharedKernel.Benchmarks supports: net10.0 (.NETCoreApp,Version=v10.0)
  Failed to restore /home/runner/work/dotnet-shared-kernel/dotnet-shared-kernel/benchmarks/EricksonLopez.SharedKernel.Benchmarks/bin/Release/net10.0/EricksonLopez.SharedKernel.Benchmarks-.NET 8.0-2/BenchmarkDotNet.Autogenerated.csproj (in 217 ms).
  2 of 3 projects are up-to-date for restore.

// BenchmarkDotNet has failed to build the auto-generated boilerplate code.
// It can be found in /home/runner/work/dotnet-shared-kernel/dotnet-shared-kernel/benchmarks/EricksonLopez.SharedKernel.Benchmarks/bin/Release/net10.0/EricksonLopez.SharedKernel.Benchmarks-.NET 8.0-2
// Please follow the troubleshooting guide: https://benchmarkdotnet.org/articles/guides/troubleshooting.html

// ** Remained 40 (88.9 %) benchmark(s) to run. Estimated finish 2026-10-04 7:48 (0h 12m from now) **
// Build Error: Standard output: 
  
 Standard error: 
   Determining projects to restore...
/home/runner/work/dotnet-shared-kernel/dotnet-shared-kernel/benchmarks/EricksonLopez.SharedKernel.Benchmarks/bin/Release/net10.0/EricksonLopez.SharedKernel.Benchmarks-.NET 8.0-2/BenchmarkDotNet.Autogenerated.csproj : error NU1201: Project EricksonLopez.SharedKernel.Benchmarks is not compatible with net8.0 (.NETCoreApp,Version=v8.0). Project EricksonLopez.SharedKernel.Benchmarks supports: net10.0 (.NETCoreApp,Version=v10.0)
  Failed to restore /home/runner/work/dotnet-shared-kernel/dotnet-shared-kernel/benchmarks/EricksonLopez.SharedKernel.Benchmarks/bin/Release/net10.0/EricksonLopez.SharedKernel.Benchmarks-.NET 8.0-2/BenchmarkDotNet.Autogenerated.csproj (in 217 ms).
  2 of 3 projects are up-to-date for restore.

// BenchmarkDotNet has failed to build the auto-generated boilerplate code.
// It can be found in /home/runner/work/dotnet-shared-kernel/dotnet-shared-kernel/benchmarks/EricksonLopez.SharedKernel.Benchmarks/bin/Release/net10.0/EricksonLopez.SharedKernel.Benchmarks-.NET 8.0-2
// Please follow the troubleshooting guide: https://benchmarkdotnet.org/articles/guides/troubleshooting.html

// ** Remained 39 (86.7 %) benchmark(s) to run. Estimated finish 2026-10-04 7:46 (0h 10m from now) **
// Build Error: Standard output: 
  
 Standard error: 
   Determining projects to restore...
/home/runner/work/dotnet-shared-kernel/dotnet-shared-kernel/benchmarks/EricksonLopez.SharedKernel.Benchmarks/bin/Release/net10.0/EricksonLopez.SharedKernel.Benchmarks-.NET 8.0-2/BenchmarkDotNet.Autogenerated.csproj : error NU1201: Project EricksonLopez.SharedKernel.Benchmarks is not compatible with net8.0 (.NETCoreApp,Version=v8.0). Project EricksonLopez.SharedKernel.Benchmarks supports: net10.0 (.NETCoreApp,Version=v10.0)
  Failed to restore /home/runner/work/dotnet-shared-kernel/dotnet-shared-kernel/benchmarks/EricksonLopez.SharedKernel.Benchmarks/bin/Release/net10.0/EricksonLopez.SharedKernel.Benchmarks-.NET 8.0-2/BenchmarkDotNet.Autogenerated.csproj (in 217 ms).
  2 of 3 projects are up-to-date for restore.

// BenchmarkDotNet has failed to build the auto-generated boilerplate code.
// It can be found in /home/runner/work/dotnet-shared-kernel/dotnet-shared-kernel/benchmarks/EricksonLopez.SharedKernel.Benchmarks/bin/Release/net10.0/EricksonLopez.SharedKernel.Benchmarks-.NET 8.0-2
// Please follow the troubleshooting guide: https://benchmarkdotnet.org/articles/guides/troubleshooting.html

// ** Remained 38 (84.4 %) benchmark(s) to run. Estimated finish 2026-10-04 7:45 (0h 8m from now) **
// Build Error: Standard output: 
  
 Standard error: 
   Determining projects to restore...
/home/runner/work/dotnet-shared-kernel/dotnet-shared-kernel/benchmarks/EricksonLopez.SharedKernel.Benchmarks/bin/Release/net10.0/EricksonLopez.SharedKernel.Benchmarks-.NET 8.0-2/BenchmarkDotNet.Autogenerated.csproj : error NU1201: Project EricksonLopez.SharedKernel.Benchmarks is not compatible with net8.0 (.NETCoreApp,Version=v8.0). Project EricksonLopez.SharedKernel.Benchmarks supports: net10.0 (.NETCoreApp,Version=v10.0)
  Failed to restore /home/runner/work/dotnet-shared-kernel/dotnet-shared-kernel/benchmarks/EricksonLopez.SharedKernel.Benchmarks/bin/Release/net10.0/EricksonLopez.SharedKernel.Benchmarks-.NET 8.0-2/BenchmarkDotNet.Autogenerated.csproj (in 217 ms).
  2 of 3 projects are up-to-date for restore.

// BenchmarkDotNet has failed to build the auto-generated boilerplate code.
// It can be found in /home/runner/work/dotnet-shared-kernel/dotnet-shared-kernel/benchmarks/EricksonLopez.SharedKernel.Benchmarks/bin/Release/net10.0/EricksonLopez.SharedKernel.Benchmarks-.NET 8.0-2
// Please follow the troubleshooting guide: https://benchmarkdotnet.org/articles/guides/troubleshooting.html

// ** Remained 37 (82.2 %) benchmark(s) to run. Estimated finish 2026-10-04 7:43 (0h 7m from now) **
// Build Error: Standard output: 
  
 Standard error: 
   Determining projects to restore...
/home/runner/work/dotnet-shared-kernel/dotnet-shared-kernel/benchmarks/EricksonLopez.SharedKernel.Benchmarks/bin/Release/net10.0/EricksonLopez.SharedKernel.Benchmarks-.NET 9.0-3/BenchmarkDotNet.Autogenerated.csproj : error NU1201: Project EricksonLopez.SharedKernel.Benchmarks is not compatible with net9.0 (.NETCoreApp,Version=v9.0). Project EricksonLopez.SharedKernel.Benchmarks supports: net10.0 (.NETCoreApp,Version=v10.0)
  Failed to restore /home/runner/work/dotnet-shared-kernel/dotnet-shared-kernel/benchmarks/EricksonLopez.SharedKernel.Benchmarks/bin/Release/net10.0/EricksonLopez.SharedKernel.Benchmarks-.NET 9.0-3/BenchmarkDotNet.Autogenerated.csproj (in 223 ms).
  2 of 3 projects are up-to-date for restore.

// BenchmarkDotNet has failed to build the auto-generated boilerplate code.
// It can be found in /home/runner/work/dotnet-shared-kernel/dotnet-shared-kernel/benchmarks/EricksonLopez.SharedKernel.Benchmarks/bin/Release/net10.0/EricksonLopez.SharedKernel.Benchmarks-.NET 9.0-3
// Please follow the troubleshooting guide: https://benchmarkdotnet.org/articles/guides/troubleshooting.html

// ** Remained 36 (80.0 %) benchmark(s) to run. Estimated finish 2026-10-04 7:42 (0h 6m from now) **
// Build Error: Standard output: 
  
 Standard error: 
   Determining projects to restore...
/home/runner/work/dotnet-shared-kernel/dotnet-shared-kernel/benchmarks/EricksonLopez.SharedKernel.Benchmarks/bin/Release/net10.0/EricksonLopez.SharedKernel.Benchmarks-.NET 9.0-3/BenchmarkDotNet.Autogenerated.csproj : error NU1201: Project EricksonLopez.SharedKernel.Benchmarks is not compatible with net9.0 (.NETCoreApp,Version=v9.0). Project EricksonLopez.SharedKernel.Benchmarks supports: net10.0 (.NETCoreApp,Version=v10.0)
  Failed to restore /home/runner/work/dotnet-shared-kernel/dotnet-shared-kernel/benchmarks/EricksonLopez.SharedKernel.Benchmarks/bin/Release/net10.0/EricksonLopez.SharedKernel.Benchmarks-.NET 9.0-3/BenchmarkDotNet.Autogenerated.csproj (in 223 ms).
  2 of 3 projects are up-to-date for restore.

// BenchmarkDotNet has failed to build the auto-generated boilerplate code.
// It can be found in /home/runner/work/dotnet-shared-kernel/dotnet-shared-kernel/benchmarks/EricksonLopez.SharedKernel.Benchmarks/bin/Release/net10.0/EricksonLopez.SharedKernel.Benchmarks-.NET 9.0-3
// Please follow the troubleshooting guide: https://benchmarkdotnet.org/articles/guides/troubleshooting.html

// ** Remained 35 (77.8 %) benchmark(s) to run. Estimated finish 2026-10-04 7:42 (0h 5m from now) **
// Build Error: Standard output: 
  
 Standard error: 
   Determining projects to restore...
/home/runner/work/dotnet-shared-kernel/dotnet-shared-kernel/benchmarks/EricksonLopez.SharedKernel.Benchmarks/bin/Release/net10.0/EricksonLopez.SharedKernel.Benchmarks-.NET 9.0-3/BenchmarkDotNet.Autogenerated.csproj : error NU1201: Project EricksonLopez.SharedKernel.Benchmarks is not compatible with net9.0 (.NETCoreApp,Version=v9.0). Project EricksonLopez.SharedKernel.Benchmarks supports: net10.0 (.NETCoreApp,Version=v10.0)
  Failed to restore /home/runner/work/dotnet-shared-kernel/dotnet-shared-kernel/benchmarks/EricksonLopez.SharedKernel.Benchmarks/bin/Release/net10.0/EricksonLopez.SharedKernel.Benchmarks-.NET 9.0-3/BenchmarkDotNet.Autogenerated.csproj (in 223 ms).
  2 of 3 projects are up-to-date for restore.

// BenchmarkDotNet has failed to build the auto-generated boilerplate code.
// It can be found in /home/runner/work/dotnet-shared-kernel/dotnet-shared-kernel/benchmarks/EricksonLopez.SharedKernel.Benchmarks/bin/Release/net10.0/EricksonLopez.SharedKernel.Benchmarks-.NET 9.0-3
// Please follow the troubleshooting guide: https://benchmarkdotnet.org/articles/guides/troubleshooting.html

// ** Remained 34 (75.6 %) benchmark(s) to run. Estimated finish 2026-10-04 7:41 (0h 4m from now) **
// Build Error: Standard output: 
  
 Standard error: 
   Determining projects to restore...
/home/runner/work/dotnet-shared-kernel/dotnet-shared-kernel/benchmarks/EricksonLopez.SharedKernel.Benchmarks/bin/Release/net10.0/EricksonLopez.SharedKernel.Benchmarks-.NET 9.0-3/BenchmarkDotNet.Autogenerated.csproj : error NU1201: Project EricksonLopez.SharedKernel.Benchmarks is not compatible with net9.0 (.NETCoreApp,Version=v9.0). Project EricksonLopez.SharedKernel.Benchmarks supports: net10.0 (.NETCoreApp,Version=v10.0)
  Failed to restore /home/runner/work/dotnet-shared-kernel/dotnet-shared-kernel/benchmarks/EricksonLopez.SharedKernel.Benchmarks/bin/Release/net10.0/EricksonLopez.SharedKernel.Benchmarks-.NET 9.0-3/BenchmarkDotNet.Autogenerated.csproj (in 223 ms).
  2 of 3 projects are up-to-date for restore.

// BenchmarkDotNet has failed to build the auto-generated boilerplate code.
// It can be found in /home/runner/work/dotnet-shared-kernel/dotnet-shared-kernel/benchmarks/EricksonLopez.SharedKernel.Benchmarks/bin/Release/net10.0/EricksonLopez.SharedKernel.Benchmarks-.NET 9.0-3
// Please follow the troubleshooting guide: https://benchmarkdotnet.org/articles/guides/troubleshooting.html

// ** Remained 33 (73.3 %) benchmark(s) to run. Estimated finish 2026-10-04 7:40 (0h 4m from now) **
// ***** BenchmarkRunner: Finish  *****

// * Export *
  benchmarks/results/results/EricksonLopez.SharedKernel.Benchmarks.AggregateHydrationBenchmarks-report.csv
  benchmarks/results/results/EricksonLopez.SharedKernel.Benchmarks.AggregateHydrationBenchmarks-report-github.md
  benchmarks/results/results/EricksonLopez.SharedKernel.Benchmarks.AggregateHydrationBenchmarks-report.html
  benchmarks/results/results/EricksonLopez.SharedKernel.Benchmarks.AggregateHydrationBenchmarks-report-full-compressed.json
  benchmarks/results/results/EricksonLopez.SharedKernel.Benchmarks.AggregateHydrationBenchmarks-report-default.md

// * Detailed results *
AggregateHydrationBenchmarks.Ardalis_AggregateHydration_ZeroEvents: .NET 10.0(Runtime=.NET 10.0, Toolchain=net10.0)
Runtime = .NET 10.0.12 (10.0.12, 10.0.1226.42308), X64 RyuJIT x86-64-v4; GC = Concurrent Workstation
Mean = 11.760 ns, StdErr = 0.025 ns (0.21%), N = 13, StdDev = 0.091 ns
Min = 11.613 ns, Q1 = 11.668 ns, Median = 11.770 ns, Q3 = 11.830 ns, Max = 11.904 ns
IQR = 0.161 ns, LowerFence = 11.426 ns, UpperFence = 12.072 ns
ConfidenceInterval = [11.651 ns; 11.869 ns] (CI 99.9%), Margin = 0.109 ns (0.93% of Mean)
Skewness = -0.21, Kurtosis = 1.58, MValue = 2
-------------------- Histogram --------------------
[11.562 ns ; 11.921 ns) | @@@@@@@@@@@@@
---------------------------------------------------

AggregateHydrationBenchmarks.EricksonLopez_AggregateHydration_ZeroEvents: .NET 10.0(Runtime=.NET 10.0, Toolchain=net10.0)
Runtime = .NET 10.0.12 (10.0.12, 10.0.1226.42308), X64 RyuJIT x86-64-v4; GC = Concurrent Workstation
Mean = 5.505 ns, StdErr = 0.039 ns (0.71%), N = 15, StdDev = 0.152 ns
Min = 5.296 ns, Q1 = 5.396 ns, Median = 5.493 ns, Q3 = 5.597 ns, Max = 5.783 ns
IQR = 0.201 ns, LowerFence = 5.094 ns, UpperFence = 5.899 ns
ConfidenceInterval = [5.342 ns; 5.667 ns] (CI 99.9%), Margin = 0.163 ns (2.96% of Mean)
Skewness = 0.42, Kurtosis = 1.79, MValue = 2
-------------------- Histogram --------------------
[5.215 ns ; 5.380 ns) | @@@
[5.380 ns ; 5.542 ns) | @@@@@@@
[5.542 ns ; 5.733 ns) | @@@@
[5.733 ns ; 5.864 ns) | @
---------------------------------------------------

AggregateHydrationBenchmarks.Ardalis_DrainEvents_WithEvents: .NET 10.0(Runtime=.NET 10.0, Toolchain=net10.0)
Runtime = .NET 10.0.12 (10.0.12, 10.0.1226.42308), X64 RyuJIT x86-64-v4; GC = Concurrent Workstation
Mean = 57.076 ns, StdErr = 0.041 ns (0.07%), N = 14, StdDev = 0.154 ns
Min = 56.887 ns, Q1 = 56.995 ns, Median = 57.050 ns, Q3 = 57.132 ns, Max = 57.430 ns
IQR = 0.138 ns, LowerFence = 56.788 ns, UpperFence = 57.339 ns
ConfidenceInterval = [56.902 ns; 57.250 ns] (CI 99.9%), Margin = 0.174 ns (0.30% of Mean)
Skewness = 0.85, Kurtosis = 2.75, MValue = 2
-------------------- Histogram --------------------
[56.803 ns ; 57.514 ns) | @@@@@@@@@@@@@@
---------------------------------------------------

AggregateHydrationBenchmarks.EricksonLopez_DrainEvents_WithEvents: .NET 10.0(Runtime=.NET 10.0, Toolchain=net10.0)
Runtime = .NET 10.0.12 (10.0.12, 10.0.1226.42308), X64 RyuJIT x86-64-v4; GC = Concurrent Workstation
Mean = 41.983 ns, StdErr = 0.043 ns (0.10%), N = 14, StdDev = 0.161 ns
Min = 41.691 ns, Q1 = 41.862 ns, Median = 42.022 ns, Q3 = 42.080 ns, Max = 42.238 ns
IQR = 0.218 ns, LowerFence = 41.535 ns, UpperFence = 42.407 ns
ConfidenceInterval = [41.801 ns; 42.165 ns] (CI 99.9%), Margin = 0.182 ns (0.43% of Mean)
Skewness = -0.1, Kurtosis = 1.81, MValue = 2
-------------------- Histogram --------------------
[41.603 ns ; 42.326 ns) | @@@@@@@@@@@@@@
---------------------------------------------------

AggregateHydrationBenchmarks.Ardalis_AggregateHydration_ZeroEvents: .NET 8.0(Runtime=.NET 8.0, Toolchain=net8.0)
Runtime = ; GC = 
There are not any results runs

AggregateHydrationBenchmarks.EricksonLopez_AggregateHydration_ZeroEvents: .NET 8.0(Runtime=.NET 8.0, Toolchain=net8.0)
Runtime = ; GC = 
There are not any results runs

AggregateHydrationBenchmarks.Ardalis_DrainEvents_WithEvents: .NET 8.0(Runtime=.NET 8.0, Toolchain=net8.0)
Runtime = ; GC = 
There are not any results runs

AggregateHydrationBenchmarks.EricksonLopez_DrainEvents_WithEvents: .NET 8.0(Runtime=.NET 8.0, Toolchain=net8.0)
Runtime = ; GC = 
There are not any results runs

AggregateHydrationBenchmarks.Ardalis_AggregateHydration_ZeroEvents: .NET 9.0(Runtime=.NET 9.0, Toolchain=net9.0)
Runtime = ; GC = 
There are not any results runs

AggregateHydrationBenchmarks.EricksonLopez_AggregateHydration_ZeroEvents: .NET 9.0(Runtime=.NET 9.0, Toolchain=net9.0)
Runtime = ; GC = 
There are not any results runs

AggregateHydrationBenchmarks.Ardalis_DrainEvents_WithEvents: .NET 9.0(Runtime=.NET 9.0, Toolchain=net9.0)
Runtime = ; GC = 
There are not any results runs

AggregateHydrationBenchmarks.EricksonLopez_DrainEvents_WithEvents: .NET 9.0(Runtime=.NET 9.0, Toolchain=net9.0)
Runtime = ; GC = 
There are not any results runs

// * Summary *

BenchmarkDotNet v0.15.8, Linux Ubuntu 24.04.5 LTS (Noble Numbat)
AMD EPYC 9V74 3.69GHz, 1 CPU, 4 logical and 2 physical cores
.NET SDK 10.0.401
  [Host]    : .NET 10.0.12 (10.0.12, 10.0.1226.42308), X64 RyuJIT x86-64-v4
  .NET 10.0 : .NET 10.0.12 (10.0.12, 10.0.1226.42308), X64 RyuJIT x86-64-v4


| Method                                      | Job       | Runtime   | Mean      | Error     | StdDev    | Ratio | RatioSD | Rank | Gen0   | Allocated | Alloc Ratio |
|-------------------------------------------- |---------- |---------- |----------:|----------:|----------:|------:|--------:|-----:|-------:|----------:|------------:|
| Ardalis_AggregateHydration_ZeroEvents       | .NET 10.0 | .NET 10.0 | 11.760 ns | 0.1089 ns | 0.0909 ns |     ? |       ? |    2 | 0.0043 |      72 B |           ? |
| EricksonLopez_AggregateHydration_ZeroEvents | .NET 10.0 | .NET 10.0 |  5.505 ns | 0.1629 ns | 0.1524 ns |     ? |       ? |    1 | 0.0029 |      48 B |           ? |
| Ardalis_DrainEvents_WithEvents              | .NET 10.0 | .NET 10.0 | 57.076 ns | 0.1740 ns | 0.1542 ns |     ? |       ? |    4 | 0.0119 |     200 B |           ? |
| EricksonLopez_DrainEvents_WithEvents        | .NET 10.0 | .NET 10.0 | 41.983 ns | 0.1817 ns | 0.1611 ns |     ? |       ? |    3 | 0.0114 |     192 B |           ? |
| Ardalis_AggregateHydration_ZeroEvents       | .NET 8.0  | .NET 8.0  |        NA |        NA |        NA |     ? |       ? |    ? |     NA |        NA |           ? |
| EricksonLopez_AggregateHydration_ZeroEvents | .NET 8.0  | .NET 8.0  |        NA |        NA |        NA |     ? |       ? |    ? |     NA |        NA |           ? |
| Ardalis_DrainEvents_WithEvents              | .NET 8.0  | .NET 8.0  |        NA |        NA |        NA |     ? |       ? |    ? |     NA |        NA |           ? |
| EricksonLopez_DrainEvents_WithEvents        | .NET 8.0  | .NET 8.0  |        NA |        NA |        NA |     ? |       ? |    ? |     NA |        NA |           ? |
| Ardalis_AggregateHydration_ZeroEvents       | .NET 9.0  | .NET 9.0  |        NA |        NA |        NA |     ? |       ? |    ? |     NA |        NA |           ? |
| EricksonLopez_AggregateHydration_ZeroEvents | .NET 9.0  | .NET 9.0  |        NA |        NA |        NA |     ? |       ? |    ? |     NA |        NA |           ? |
| Ardalis_DrainEvents_WithEvents              | .NET 9.0  | .NET 9.0  |        NA |        NA |        NA |     ? |       ? |    ? |     NA |        NA |           ? |
| EricksonLopez_DrainEvents_WithEvents        | .NET 9.0  | .NET 9.0  |        NA |        NA |        NA |     ? |       ? |    ? |     NA |        NA |           ? |

Benchmarks with issues:
  AggregateHydrationBenchmarks.Ardalis_AggregateHydration_ZeroEvents: .NET 8.0(Runtime=.NET 8.0, Toolchain=net8.0)
  AggregateHydrationBenchmarks.EricksonLopez_AggregateHydration_ZeroEvents: .NET 8.0(Runtime=.NET 8.0, Toolchain=net8.0)
  AggregateHydrationBenchmarks.Ardalis_DrainEvents_WithEvents: .NET 8.0(Runtime=.NET 8.0, Toolchain=net8.0)
  AggregateHydrationBenchmarks.EricksonLopez_DrainEvents_WithEvents: .NET 8.0(Runtime=.NET 8.0, Toolchain=net8.0)
  AggregateHydrationBenchmarks.Ardalis_AggregateHydration_ZeroEvents: .NET 9.0(Runtime=.NET 9.0, Toolchain=net9.0)
  AggregateHydrationBenchmarks.EricksonLopez_AggregateHydration_ZeroEvents: .NET 9.0(Runtime=.NET 9.0, Toolchain=net9.0)
  AggregateHydrationBenchmarks.Ardalis_DrainEvents_WithEvents: .NET 9.0(Runtime=.NET 9.0, Toolchain=net9.0)
  AggregateHydrationBenchmarks.EricksonLopez_DrainEvents_WithEvents: .NET 9.0(Runtime=.NET 9.0, Toolchain=net9.0)

// * Warnings *
BaselineCustomAnalyzer
  Summary -> A question mark '?' symbol indicates that it was not possible to compute the (Ratio, RatioSD, Alloc Ratio) column(s) because the baseline or benchmark could not be found, or the baseline value is too close to zero.

// * Hints *
Outliers
  AggregateHydrationBenchmarks.Ardalis_AggregateHydration_ZeroEvents: .NET 10.0 -> 2 outliers were removed (14.70 ns, 14.77 ns)
  AggregateHydrationBenchmarks.Ardalis_DrainEvents_WithEvents: .NET 10.0        -> 1 outlier  was  removed (59.20 ns)
  AggregateHydrationBenchmarks.EricksonLopez_DrainEvents_WithEvents: .NET 10.0  -> 1 outlier  was  removed (44.17 ns)

// * Legends *
  Mean        : Arithmetic mean of all measurements
  Error       : Half of 99.9% confidence interval
  StdDev      : Standard deviation of all measurements
  Ratio       : Mean of the ratio distribution ([Current]/[Baseline])
  RatioSD     : Standard deviation of the ratio distribution ([Current]/[Baseline])
  Rank        : Relative position of current benchmark mean among all benchmarks (Arabic style)
  Gen0        : GC Generation 0 collects per 1000 operations
  Allocated   : Allocated memory per single operation (managed only, inclusive, 1KB = 1024B)
  Alloc Ratio : Allocated memory ratio distribution ([Current]/[Baseline])
  1 ns        : 1 Nanosecond (0.000000001 sec)

// * Diagnostic Output - MemoryDiagnoser *


// ***** BenchmarkRunner: End *****
Run time: 00:01:32 (92.39 sec), executed benchmarks: 4

// Found 12 benchmarks:
//   EntityComparisonBenchmarks.Ardalis_EntityEquality_SameId: .NET 10.0(Runtime=.NET 10.0, Toolchain=net10.0)
//   EntityComparisonBenchmarks.EricksonLopez_EntityEquality_SameId: .NET 10.0(Runtime=.NET 10.0, Toolchain=net10.0)
//   EntityComparisonBenchmarks.Ardalis_EntityEquality_DifferentId: .NET 10.0(Runtime=.NET 10.0, Toolchain=net10.0)
//   EntityComparisonBenchmarks.EricksonLopez_EntityEquality_DifferentId: .NET 10.0(Runtime=.NET 10.0, Toolchain=net10.0)
//   EntityComparisonBenchmarks.Ardalis_EntityEquality_SameId: .NET 8.0(Runtime=.NET 8.0, Toolchain=net8.0)
//   EntityComparisonBenchmarks.EricksonLopez_EntityEquality_SameId: .NET 8.0(Runtime=.NET 8.0, Toolchain=net8.0)
//   EntityComparisonBenchmarks.Ardalis_EntityEquality_DifferentId: .NET 8.0(Runtime=.NET 8.0, Toolchain=net8.0)
//   EntityComparisonBenchmarks.EricksonLopez_EntityEquality_DifferentId: .NET 8.0(Runtime=.NET 8.0, Toolchain=net8.0)
//   EntityComparisonBenchmarks.Ardalis_EntityEquality_SameId: .NET 9.0(Runtime=.NET 9.0, Toolchain=net9.0)
//   EntityComparisonBenchmarks.EricksonLopez_EntityEquality_SameId: .NET 9.0(Runtime=.NET 9.0, Toolchain=net9.0)
//   EntityComparisonBenchmarks.Ardalis_EntityEquality_DifferentId: .NET 9.0(Runtime=.NET 9.0, Toolchain=net9.0)
//   EntityComparisonBenchmarks.EricksonLopez_EntityEquality_DifferentId: .NET 9.0(Runtime=.NET 9.0, Toolchain=net9.0)

// **************************
// Benchmark: EntityComparisonBenchmarks.Ardalis_EntityEquality_SameId: .NET 10.0(Runtime=.NET 10.0, Toolchain=net10.0)
// *** Execute ***
// Launch: 1 / 1
// Execute: dotnet "EricksonLopez.SharedKernel.Benchmarks-.NET 10.0-1.dll" --anonymousPipes 117 118 --benchmarkName EricksonLopez.SharedKernel.Benchmarks.EntityComparisonBenchmarks.Ardalis_EntityEquality_SameId --job ".NET 10.0" --benchmarkId 4 in /home/runner/work/dotnet-shared-kernel/dotnet-shared-kernel/benchmarks/EricksonLopez.SharedKernel.Benchmarks/bin/Release/net10.0/EricksonLopez.SharedKernel.Benchmarks-.NET 10.0-1/bin/Release/net10.0
// Failed to set up high priority (Permission denied). In order to run benchmarks with high priority, make sure you have the right permissions.
// BeforeAnythingElse

// Benchmark Process Environment Information:
// BenchmarkDotNet v0.15.8
// Runtime=.NET 10.0.12 (10.0.12, 10.0.1226.42308), X64 RyuJIT x86-64-v4
// GC=Concurrent Workstation
// HardwareIntrinsics=AVX512 BITALG+VBMI2+VNNI+VPOPCNTDQ,AVX512 IFMA+VBMI,AVX512 F+BW+CD+DQ+VL,AVX2+BMI1+BMI2+F16C+FMA+LZCNT+MOVBE,AVX,SSE3+SSSE3+SSE4.1+SSE4.2+POPCNT,X86Base+SSE+SSE2,AES+PCLMUL VectorSize=256
// Job: .NET 10.0

OverheadJitting  1: 1 op, 169826.00 ns, 169.8260 us/op
WorkloadJitting  1: 1 op, 273883.00 ns, 273.8830 us/op

OverheadJitting  2: 16 op, 297759.00 ns, 18.6099 us/op
WorkloadJitting  2: 16 op, 269136.00 ns, 16.8210 us/op

WorkloadPilot    1: 16 op, 611.00 ns, 38.1875 ns/op
WorkloadPilot    2: 32 op, 872.00 ns, 27.2500 ns/op
WorkloadPilot    3: 64 op, 1452.00 ns, 22.6875 ns/op
WorkloadPilot    4: 128 op, 2594.00 ns, 20.2656 ns/op
WorkloadPilot    5: 256 op, 5028.00 ns, 19.6406 ns/op
WorkloadPilot    6: 512 op, 9544.00 ns, 18.6406 ns/op
WorkloadPilot    7: 1024 op, 18819.00 ns, 18.3779 ns/op
WorkloadPilot    8: 2048 op, 37446.00 ns, 18.2842 ns/op
WorkloadPilot    9: 4096 op, 90036.00 ns, 21.9814 ns/op
WorkloadPilot   10: 8192 op, 148604.00 ns, 18.1401 ns/op
WorkloadPilot   11: 16384 op, 303868.00 ns, 18.5466 ns/op
WorkloadPilot   12: 32768 op, 608969.00 ns, 18.5843 ns/op
WorkloadPilot   13: 65536 op, 1221774.00 ns, 18.6428 ns/op
WorkloadPilot   14: 131072 op, 2399561.00 ns, 18.3072 ns/op
WorkloadPilot   15: 262144 op, 4801536.00 ns, 18.3164 ns/op
WorkloadPilot   16: 524288 op, 9649250.00 ns, 18.4045 ns/op
WorkloadPilot   17: 1048576 op, 19468727.00 ns, 18.5668 ns/op
WorkloadPilot   18: 2097152 op, 38589761.00 ns, 18.4010 ns/op
WorkloadPilot   19: 4194304 op, 34273167.00 ns, 8.1714 ns/op
WorkloadPilot   20: 8388608 op, 14149451.00 ns, 1.6867 ns/op
WorkloadPilot   21: 16777216 op, 28552585.00 ns, 1.7019 ns/op
WorkloadPilot   22: 33554432 op, 56576282.00 ns, 1.6861 ns/op
WorkloadPilot   23: 67108864 op, 113055407.00 ns, 1.6847 ns/op
WorkloadPilot   24: 134217728 op, 224062063.00 ns, 1.6694 ns/op
WorkloadPilot   25: 268435456 op, 448382074.00 ns, 1.6704 ns/op
WorkloadPilot   26: 536870912 op, 892418861.00 ns, 1.6623 ns/op

OverheadWarmup   1: 536870912 op, 1319832381.00 ns, 2.4584 ns/op
OverheadWarmup   2: 536870912 op, 787293059.00 ns, 1.4664 ns/op
OverheadWarmup   3: 536870912 op, 787843130.00 ns, 1.4675 ns/op
OverheadWarmup   4: 536870912 op, 786992826.00 ns, 1.4659 ns/op
OverheadWarmup   5: 536870912 op, 787026848.00 ns, 1.4660 ns/op
OverheadWarmup   6: 536870912 op, 787819624.00 ns, 1.4674 ns/op
OverheadWarmup   7: 536870912 op, 787104886.00 ns, 1.4661 ns/op

OverheadActual   1: 536870912 op, 787980176.00 ns, 1.4677 ns/op
OverheadActual   2: 536870912 op, 787144515.00 ns, 1.4662 ns/op
OverheadActual   3: 536870912 op, 787568610.00 ns, 1.4670 ns/op
OverheadActual   4: 536870912 op, 787810189.00 ns, 1.4674 ns/op
OverheadActual   5: 536870912 op, 792438088.00 ns, 1.4760 ns/op
OverheadActual   6: 536870912 op, 786954879.00 ns, 1.4658 ns/op
OverheadActual   7: 536870912 op, 786894597.00 ns, 1.4657 ns/op
OverheadActual   8: 536870912 op, 786855469.00 ns, 1.4656 ns/op
OverheadActual   9: 536870912 op, 787112597.00 ns, 1.4661 ns/op
OverheadActual  10: 536870912 op, 787112726.00 ns, 1.4661 ns/op
OverheadActual  11: 536870912 op, 787064604.00 ns, 1.4660 ns/op
OverheadActual  12: 536870912 op, 787829318.00 ns, 1.4674 ns/op
OverheadActual  13: 536870912 op, 786878143.00 ns, 1.4657 ns/op
OverheadActual  14: 536870912 op, 787174584.00 ns, 1.4662 ns/op
OverheadActual  15: 536870912 op, 787331344.00 ns, 1.4665 ns/op

WorkloadWarmup   1: 536870912 op, 893631488.00 ns, 1.6645 ns/op
WorkloadWarmup   2: 536870912 op, 894211904.00 ns, 1.6656 ns/op
WorkloadWarmup   3: 536870912 op, 897246183.00 ns, 1.6713 ns/op
WorkloadWarmup   4: 536870912 op, 894903868.00 ns, 1.6669 ns/op
WorkloadWarmup   5: 536870912 op, 896295107.00 ns, 1.6695 ns/op
WorkloadWarmup   6: 536870912 op, 894085413.00 ns, 1.6654 ns/op

// BeforeActualRun
WorkloadActual   1: 536870912 op, 893734573.00 ns, 1.6647 ns/op
WorkloadActual   2: 536870912 op, 893012301.00 ns, 1.6634 ns/op
WorkloadActual   3: 536870912 op, 894381199.00 ns, 1.6659 ns/op
WorkloadActual   4: 536870912 op, 895813531.00 ns, 1.6686 ns/op
WorkloadActual   5: 536870912 op, 898201484.00 ns, 1.6730 ns/op
WorkloadActual   6: 536870912 op, 896739959.00 ns, 1.6703 ns/op
WorkloadActual   7: 536870912 op, 894199975.00 ns, 1.6656 ns/op
WorkloadActual   8: 536870912 op, 894669905.00 ns, 1.6665 ns/op
WorkloadActual   9: 536870912 op, 902550678.00 ns, 1.6811 ns/op
WorkloadActual  10: 536870912 op, 895019952.00 ns, 1.6671 ns/op
WorkloadActual  11: 536870912 op, 896206640.00 ns, 1.6693 ns/op
WorkloadActual  12: 536870912 op, 893390765.00 ns, 1.6641 ns/op
WorkloadActual  13: 536870912 op, 892029882.00 ns, 1.6615 ns/op
WorkloadActual  14: 536870912 op, 914667805.00 ns, 1.7037 ns/op
WorkloadActual  15: 536870912 op, 892506351.00 ns, 1.6624 ns/op

// AfterActualRun
WorkloadResult   1: 536870912 op, 106590058.00 ns, 0.1985 ns/op
WorkloadResult   2: 536870912 op, 105867786.00 ns, 0.1972 ns/op
WorkloadResult   3: 536870912 op, 107236684.00 ns, 0.1997 ns/op
WorkloadResult   4: 536870912 op, 108669016.00 ns, 0.2024 ns/op
WorkloadResult   5: 536870912 op, 111056969.00 ns, 0.2069 ns/op
WorkloadResult   6: 536870912 op, 109595444.00 ns, 0.2041 ns/op
WorkloadResult   7: 536870912 op, 107055460.00 ns, 0.1994 ns/op
WorkloadResult   8: 536870912 op, 107525390.00 ns, 0.2003 ns/op
WorkloadResult   9: 536870912 op, 107875437.00 ns, 0.2009 ns/op
WorkloadResult  10: 536870912 op, 109062125.00 ns, 0.2031 ns/op
WorkloadResult  11: 536870912 op, 106246250.00 ns, 0.1979 ns/op
WorkloadResult  12: 536870912 op, 104885367.00 ns, 0.1954 ns/op
WorkloadResult  13: 536870912 op, 105361836.00 ns, 0.1963 ns/op
// GC:  0 0 0 0 536870912
// Threading:  0 0 536870912

// AfterAll
// Benchmark Process 3463 has exited with code 0.

Mean = 0.200 ns, StdErr = 0.001 ns (0.46%), N = 13, StdDev = 0.003 ns
Min = 0.195 ns, Q1 = 0.198 ns, Median = 0.200 ns, Q3 = 0.202 ns, Max = 0.207 ns
IQR = 0.005 ns, LowerFence = 0.191 ns, UpperFence = 0.209 ns
ConfidenceInterval = [0.196 ns; 0.204 ns] (CI 99.9%), Margin = 0.004 ns (1.98% of Mean)
Skewness = 0.4, Kurtosis = 2.1, MValue = 2

// ** Remained 32 (71.1 %) benchmark(s) to run. Estimated finish 2026-10-04 7:42 (0h 5m from now) **
// **************************
// Benchmark: EntityComparisonBenchmarks.EricksonLopez_EntityEquality_SameId: .NET 10.0(Runtime=.NET 10.0, Toolchain=net10.0)
// *** Execute ***
// Launch: 1 / 1
// Execute: dotnet "EricksonLopez.SharedKernel.Benchmarks-.NET 10.0-1.dll" --anonymousPipes 117 118 --benchmarkName EricksonLopez.SharedKernel.Benchmarks.EntityComparisonBenchmarks.EricksonLopez_EntityEquality_SameId --job ".NET 10.0" --benchmarkId 5 in /home/runner/work/dotnet-shared-kernel/dotnet-shared-kernel/benchmarks/EricksonLopez.SharedKernel.Benchmarks/bin/Release/net10.0/EricksonLopez.SharedKernel.Benchmarks-.NET 10.0-1/bin/Release/net10.0
// Failed to set up high priority (Permission denied). In order to run benchmarks with high priority, make sure you have the right permissions.
// BeforeAnythingElse

// Benchmark Process Environment Information:
// BenchmarkDotNet v0.15.8
// Runtime=.NET 10.0.12 (10.0.12, 10.0.1226.42308), X64 RyuJIT x86-64-v4
// GC=Concurrent Workstation
// HardwareIntrinsics=AVX512 BITALG+VBMI2+VNNI+VPOPCNTDQ,AVX512 IFMA+VBMI,AVX512 F+BW+CD+DQ+VL,AVX2+BMI1+BMI2+F16C+FMA+LZCNT+MOVBE,AVX,SSE3+SSSE3+SSE4.1+SSE4.2+POPCNT,X86Base+SSE+SSE2,AES+PCLMUL VectorSize=256
// Job: .NET 10.0

OverheadJitting  1: 1 op, 168134.00 ns, 168.1340 us/op
WorkloadJitting  1: 1 op, 298110.00 ns, 298.1100 us/op

OverheadJitting  2: 16 op, 279091.00 ns, 17.4432 us/op
WorkloadJitting  2: 16 op, 275396.00 ns, 17.2123 us/op

WorkloadPilot    1: 16 op, 1543.00 ns, 96.4375 ns/op
WorkloadPilot    2: 32 op, 1863.00 ns, 58.2188 ns/op
WorkloadPilot    3: 64 op, 2053.00 ns, 32.0781 ns/op
WorkloadPilot    4: 128 op, 4417.00 ns, 34.5078 ns/op
WorkloadPilot    5: 256 op, 8062.00 ns, 31.4922 ns/op
WorkloadPilot    6: 512 op, 11187.00 ns, 21.8496 ns/op
WorkloadPilot    7: 1024 op, 21953.00 ns, 21.4385 ns/op
WorkloadPilot    8: 2048 op, 43035.00 ns, 21.0132 ns/op
WorkloadPilot    9: 4096 op, 85139.00 ns, 20.7859 ns/op
WorkloadPilot   10: 8192 op, 223527.00 ns, 27.2860 ns/op
WorkloadPilot   11: 16384 op, 475116.00 ns, 28.9988 ns/op
WorkloadPilot   12: 32768 op, 940539.00 ns, 28.7030 ns/op
WorkloadPilot   13: 65536 op, 1369145.00 ns, 20.8915 ns/op
WorkloadPilot   14: 131072 op, 2777601.00 ns, 21.1914 ns/op
WorkloadPilot   15: 262144 op, 5454119.00 ns, 20.8058 ns/op
WorkloadPilot   16: 524288 op, 10916269.00 ns, 20.8211 ns/op
WorkloadPilot   17: 1048576 op, 21796013.00 ns, 20.7863 ns/op
WorkloadPilot   18: 2097152 op, 43650765.00 ns, 20.8143 ns/op
WorkloadPilot   19: 4194304 op, 36379004.00 ns, 8.6734 ns/op
WorkloadPilot   20: 8388608 op, 37043527.00 ns, 4.4159 ns/op
WorkloadPilot   21: 16777216 op, 74418614.00 ns, 4.4357 ns/op
WorkloadPilot   22: 33554432 op, 148243762.00 ns, 4.4180 ns/op
WorkloadPilot   23: 67108864 op, 301273012.00 ns, 4.4893 ns/op
WorkloadPilot   24: 134217728 op, 593235148.00 ns, 4.4199 ns/op

OverheadWarmup   1: 134217728 op, 289286378.00 ns, 2.1554 ns/op
OverheadWarmup   2: 134217728 op, 199084353.00 ns, 1.4833 ns/op
OverheadWarmup   3: 134217728 op, 197449447.00 ns, 1.4711 ns/op
OverheadWarmup   4: 134217728 op, 199076742.00 ns, 1.4832 ns/op
OverheadWarmup   5: 134217728 op, 197360172.00 ns, 1.4704 ns/op
OverheadWarmup   6: 134217728 op, 196865075.00 ns, 1.4668 ns/op
OverheadWarmup   7: 134217728 op, 197053433.00 ns, 1.4682 ns/op
OverheadWarmup   8: 134217728 op, 196683169.00 ns, 1.4654 ns/op

OverheadActual   1: 134217728 op, 196762068.00 ns, 1.4660 ns/op
OverheadActual   2: 134217728 op, 196744792.00 ns, 1.4659 ns/op
OverheadActual   3: 134217728 op, 196736169.00 ns, 1.4658 ns/op
OverheadActual   4: 134217728 op, 197019817.00 ns, 1.4679 ns/op
OverheadActual   5: 134217728 op, 196654756.00 ns, 1.4652 ns/op
OverheadActual   6: 134217728 op, 196778993.00 ns, 1.4661 ns/op
OverheadActual   7: 134217728 op, 199063882.00 ns, 1.4831 ns/op
OverheadActual   8: 134217728 op, 198969278.00 ns, 1.4824 ns/op
OverheadActual   9: 134217728 op, 199153136.00 ns, 1.4838 ns/op
OverheadActual  10: 134217728 op, 199219276.00 ns, 1.4843 ns/op
OverheadActual  11: 134217728 op, 196742938.00 ns, 1.4658 ns/op
OverheadActual  12: 134217728 op, 196756719.00 ns, 1.4660 ns/op
OverheadActual  13: 134217728 op, 196674075.00 ns, 1.4653 ns/op
OverheadActual  14: 134217728 op, 199112905.00 ns, 1.4835 ns/op
OverheadActual  15: 134217728 op, 202326576.00 ns, 1.5075 ns/op

WorkloadWarmup   1: 134217728 op, 592144718.00 ns, 4.4118 ns/op
WorkloadWarmup   2: 134217728 op, 599501911.00 ns, 4.4666 ns/op
WorkloadWarmup   3: 134217728 op, 592008261.00 ns, 4.4108 ns/op
WorkloadWarmup   4: 134217728 op, 608245648.00 ns, 4.5318 ns/op
WorkloadWarmup   5: 134217728 op, 593018967.00 ns, 4.4183 ns/op
WorkloadWarmup   6: 134217728 op, 616495379.00 ns, 4.5932 ns/op

// BeforeActualRun
WorkloadActual   1: 134217728 op, 594685482.00 ns, 4.4308 ns/op
WorkloadActual   2: 134217728 op, 593242643.00 ns, 4.4200 ns/op
WorkloadActual   3: 134217728 op, 592206996.00 ns, 4.4123 ns/op
WorkloadActual   4: 134217728 op, 596145268.00 ns, 4.4416 ns/op
WorkloadActual   5: 134217728 op, 597163354.00 ns, 4.4492 ns/op
WorkloadActual   6: 134217728 op, 594713778.00 ns, 4.4310 ns/op
WorkloadActual   7: 134217728 op, 593380817.00 ns, 4.4210 ns/op
WorkloadActual   8: 134217728 op, 592962375.00 ns, 4.4179 ns/op
WorkloadActual   9: 134217728 op, 593792488.00 ns, 4.4241 ns/op
WorkloadActual  10: 134217728 op, 592223200.00 ns, 4.4124 ns/op
WorkloadActual  11: 134217728 op, 592506507.00 ns, 4.4145 ns/op
WorkloadActual  12: 134217728 op, 594660508.00 ns, 4.4306 ns/op
WorkloadActual  13: 134217728 op, 593122537.00 ns, 4.4191 ns/op
WorkloadActual  14: 134217728 op, 592582201.00 ns, 4.4151 ns/op
WorkloadActual  15: 134217728 op, 592828624.00 ns, 4.4169 ns/op

// AfterActualRun
WorkloadResult   1: 134217728 op, 397906489.00 ns, 2.9646 ns/op
WorkloadResult   2: 134217728 op, 396463650.00 ns, 2.9539 ns/op
WorkloadResult   3: 134217728 op, 395428003.00 ns, 2.9462 ns/op
WorkloadResult   4: 134217728 op, 399366275.00 ns, 2.9755 ns/op
WorkloadResult   5: 134217728 op, 400384361.00 ns, 2.9831 ns/op
WorkloadResult   6: 134217728 op, 397934785.00 ns, 2.9648 ns/op
WorkloadResult   7: 134217728 op, 396601824.00 ns, 2.9549 ns/op
WorkloadResult   8: 134217728 op, 396183382.00 ns, 2.9518 ns/op
WorkloadResult   9: 134217728 op, 397013495.00 ns, 2.9580 ns/op
WorkloadResult  10: 134217728 op, 395444207.00 ns, 2.9463 ns/op
WorkloadResult  11: 134217728 op, 395727514.00 ns, 2.9484 ns/op
WorkloadResult  12: 134217728 op, 397881515.00 ns, 2.9644 ns/op
WorkloadResult  13: 134217728 op, 396343544.00 ns, 2.9530 ns/op
WorkloadResult  14: 134217728 op, 395803208.00 ns, 2.9490 ns/op
WorkloadResult  15: 134217728 op, 396049631.00 ns, 2.9508 ns/op
// GC:  0 0 0 0 134217728
// Threading:  0 0 134217728

// AfterAll
// Benchmark Process 3487 has exited with code 0.

Mean = 2.958 ns, StdErr = 0.003 ns (0.10%), N = 15, StdDev = 0.011 ns
Min = 2.946 ns, Q1 = 2.950 ns, Median = 2.954 ns, Q3 = 2.965 ns, Max = 2.983 ns
IQR = 0.015 ns, LowerFence = 2.928 ns, UpperFence = 2.987 ns
ConfidenceInterval = [2.946 ns; 2.969 ns] (CI 99.9%), Margin = 0.012 ns (0.39% of Mean)
Skewness = 0.93, Kurtosis = 2.75, MValue = 2

// ** Remained 31 (68.9 %) benchmark(s) to run. Estimated finish 2026-10-04 7:43 (0h 5m from now) **
// **************************
// Benchmark: EntityComparisonBenchmarks.Ardalis_EntityEquality_DifferentId: .NET 10.0(Runtime=.NET 10.0, Toolchain=net10.0)
// *** Execute ***
// Launch: 1 / 1
// Execute: dotnet "EricksonLopez.SharedKernel.Benchmarks-.NET 10.0-1.dll" --anonymousPipes 117 118 --benchmarkName EricksonLopez.SharedKernel.Benchmarks.EntityComparisonBenchmarks.Ardalis_EntityEquality_DifferentId --job ".NET 10.0" --benchmarkId 6 in /home/runner/work/dotnet-shared-kernel/dotnet-shared-kernel/benchmarks/EricksonLopez.SharedKernel.Benchmarks/bin/Release/net10.0/EricksonLopez.SharedKernel.Benchmarks-.NET 10.0-1/bin/Release/net10.0
// Failed to set up high priority (Permission denied). In order to run benchmarks with high priority, make sure you have the right permissions.
// BeforeAnythingElse

// Benchmark Process Environment Information:
// BenchmarkDotNet v0.15.8
// Runtime=.NET 10.0.12 (10.0.12, 10.0.1226.42308), X64 RyuJIT x86-64-v4
// GC=Concurrent Workstation
// HardwareIntrinsics=AVX512 BITALG+VBMI2+VNNI+VPOPCNTDQ,AVX512 IFMA+VBMI,AVX512 F+BW+CD+DQ+VL,AVX2+BMI1+BMI2+F16C+FMA+LZCNT+MOVBE,AVX,SSE3+SSSE3+SSE4.1+SSE4.2+POPCNT,X86Base+SSE+SSE2,AES+PCLMUL VectorSize=256
// Job: .NET 10.0

OverheadJitting  1: 1 op, 167072.00 ns, 167.0720 us/op
WorkloadJitting  1: 1 op, 242736.00 ns, 242.7360 us/op

OverheadJitting  2: 16 op, 287654.00 ns, 17.9784 us/op
WorkloadJitting  2: 16 op, 275927.00 ns, 17.2454 us/op

WorkloadPilot    1: 16 op, 631.00 ns, 39.4375 ns/op
WorkloadPilot    2: 32 op, 902.00 ns, 28.1875 ns/op
WorkloadPilot    3: 64 op, 1482.00 ns, 23.1563 ns/op
WorkloadPilot    4: 128 op, 2815.00 ns, 21.9922 ns/op
WorkloadPilot    5: 256 op, 5889.00 ns, 23.0039 ns/op
WorkloadPilot    6: 512 op, 9584.00 ns, 18.7188 ns/op
WorkloadPilot    7: 1024 op, 34523.00 ns, 33.7139 ns/op
WorkloadPilot    8: 2048 op, 38548.00 ns, 18.8223 ns/op
WorkloadPilot    9: 4096 op, 74482.00 ns, 18.1841 ns/op
WorkloadPilot   10: 8192 op, 148624.00 ns, 18.1426 ns/op
WorkloadPilot   11: 16384 op, 317729.00 ns, 19.3926 ns/op
WorkloadPilot   12: 32768 op, 609149.00 ns, 18.5898 ns/op
WorkloadPilot   13: 65536 op, 1222515.00 ns, 18.6541 ns/op
WorkloadPilot   14: 131072 op, 2396877.00 ns, 18.2867 ns/op
WorkloadPilot   15: 262144 op, 4811020.00 ns, 18.3526 ns/op
WorkloadPilot   16: 524288 op, 9572817.00 ns, 18.2587 ns/op
WorkloadPilot   17: 1048576 op, 19200437.00 ns, 18.3110 ns/op
WorkloadPilot   18: 2097152 op, 38314702.00 ns, 18.2699 ns/op
WorkloadPilot   19: 4194304 op, 35172370.00 ns, 8.3857 ns/op
WorkloadPilot   20: 8388608 op, 14090745.00 ns, 1.6797 ns/op
WorkloadPilot   21: 16777216 op, 28194120.00 ns, 1.6805 ns/op
WorkloadPilot   22: 33554432 op, 55356191.00 ns, 1.6497 ns/op
WorkloadPilot   23: 67108864 op, 112194158.00 ns, 1.6718 ns/op
WorkloadPilot   24: 134217728 op, 222760310.00 ns, 1.6597 ns/op
WorkloadPilot   25: 268435456 op, 445444935.00 ns, 1.6594 ns/op
WorkloadPilot   26: 536870912 op, 888508225.00 ns, 1.6550 ns/op

OverheadWarmup   1: 536870912 op, 1318436654.00 ns, 2.4558 ns/op
OverheadWarmup   2: 536870912 op, 787367098.00 ns, 1.4666 ns/op
OverheadWarmup   3: 536870912 op, 787153070.00 ns, 1.4662 ns/op
OverheadWarmup   4: 536870912 op, 787369282.00 ns, 1.4666 ns/op
OverheadWarmup   5: 536870912 op, 787636665.00 ns, 1.4671 ns/op
OverheadWarmup   6: 536870912 op, 787051792.00 ns, 1.4660 ns/op
OverheadWarmup   7: 536870912 op, 786860019.00 ns, 1.4656 ns/op
OverheadWarmup   8: 536870912 op, 787149588.00 ns, 1.4662 ns/op
OverheadWarmup   9: 536870912 op, 786962556.00 ns, 1.4658 ns/op

OverheadActual   1: 536870912 op, 787132773.00 ns, 1.4661 ns/op
OverheadActual   2: 536870912 op, 787612767.00 ns, 1.4670 ns/op
OverheadActual   3: 536870912 op, 787119653.00 ns, 1.4661 ns/op
OverheadActual   4: 536870912 op, 787930898.00 ns, 1.4676 ns/op
OverheadActual   5: 536870912 op, 791517620.00 ns, 1.4743 ns/op
OverheadActual   6: 536870912 op, 787185512.00 ns, 1.4662 ns/op
OverheadActual   7: 536870912 op, 786934383.00 ns, 1.4658 ns/op
OverheadActual   8: 536870912 op, 786984092.00 ns, 1.4659 ns/op
OverheadActual   9: 536870912 op, 787063670.00 ns, 1.4660 ns/op
OverheadActual  10: 536870912 op, 787062107.00 ns, 1.4660 ns/op
OverheadActual  11: 536870912 op, 787789665.00 ns, 1.4674 ns/op
OverheadActual  12: 536870912 op, 787437354.00 ns, 1.4667 ns/op
OverheadActual  13: 536870912 op, 786929808.00 ns, 1.4658 ns/op
OverheadActual  14: 536870912 op, 787034687.00 ns, 1.4660 ns/op
OverheadActual  15: 536870912 op, 787366687.00 ns, 1.4666 ns/op

WorkloadWarmup   1: 536870912 op, 890201139.00 ns, 1.6581 ns/op
WorkloadWarmup   2: 536870912 op, 888508434.00 ns, 1.6550 ns/op
WorkloadWarmup   3: 536870912 op, 892686752.00 ns, 1.6628 ns/op
WorkloadWarmup   4: 536870912 op, 889451052.00 ns, 1.6567 ns/op
WorkloadWarmup   5: 536870912 op, 888530814.00 ns, 1.6550 ns/op
WorkloadWarmup   6: 536870912 op, 888169087.00 ns, 1.6543 ns/op
WorkloadWarmup   7: 536870912 op, 892264518.00 ns, 1.6620 ns/op
WorkloadWarmup   8: 536870912 op, 889800179.00 ns, 1.6574 ns/op

// BeforeActualRun
WorkloadActual   1: 536870912 op, 903650752.00 ns, 1.6832 ns/op
WorkloadActual   2: 536870912 op, 889634539.00 ns, 1.6571 ns/op
WorkloadActual   3: 536870912 op, 889810474.00 ns, 1.6574 ns/op
WorkloadActual   4: 536870912 op, 895523568.00 ns, 1.6680 ns/op
WorkloadActual   5: 536870912 op, 891501411.00 ns, 1.6606 ns/op
WorkloadActual   6: 536870912 op, 890463153.00 ns, 1.6586 ns/op
WorkloadActual   7: 536870912 op, 889634153.00 ns, 1.6571 ns/op
WorkloadActual   8: 536870912 op, 891327228.00 ns, 1.6602 ns/op
WorkloadActual   9: 536870912 op, 892292414.00 ns, 1.6620 ns/op
WorkloadActual  10: 536870912 op, 889807168.00 ns, 1.6574 ns/op
WorkloadActual  11: 536870912 op, 890411556.00 ns, 1.6585 ns/op
WorkloadActual  12: 536870912 op, 888744881.00 ns, 1.6554 ns/op
WorkloadActual  13: 536870912 op, 890419340.00 ns, 1.6585 ns/op
WorkloadActual  14: 536870912 op, 889373731.00 ns, 1.6566 ns/op
WorkloadActual  15: 536870912 op, 890427892.00 ns, 1.6586 ns/op

// AfterActualRun
WorkloadResult   1: 536870912 op, 102501766.00 ns, 0.1909 ns/op
WorkloadResult   2: 536870912 op, 102677701.00 ns, 0.1913 ns/op
WorkloadResult   3: 536870912 op, 104368638.00 ns, 0.1944 ns/op
WorkloadResult   4: 536870912 op, 103330380.00 ns, 0.1925 ns/op
WorkloadResult   5: 536870912 op, 102501380.00 ns, 0.1909 ns/op
WorkloadResult   6: 536870912 op, 104194455.00 ns, 0.1941 ns/op
WorkloadResult   7: 536870912 op, 105159641.00 ns, 0.1959 ns/op
WorkloadResult   8: 536870912 op, 102674395.00 ns, 0.1912 ns/op
WorkloadResult   9: 536870912 op, 103278783.00 ns, 0.1924 ns/op
WorkloadResult  10: 536870912 op, 101612108.00 ns, 0.1893 ns/op
WorkloadResult  11: 536870912 op, 103286567.00 ns, 0.1924 ns/op
WorkloadResult  12: 536870912 op, 102240958.00 ns, 0.1904 ns/op
WorkloadResult  13: 536870912 op, 103295119.00 ns, 0.1924 ns/op
// GC:  0 0 0 0 536870912
// Threading:  0 0 536870912

// AfterAll
// Benchmark Process 3502 has exited with code 0.

Mean = 0.192 ns, StdErr = 0.000 ns (0.26%), N = 13, StdDev = 0.002 ns
Min = 0.189 ns, Q1 = 0.191 ns, Median = 0.192 ns, Q3 = 0.192 ns, Max = 0.196 ns
IQR = 0.002 ns, LowerFence = 0.189 ns, UpperFence = 0.195 ns
ConfidenceInterval = [0.190 ns; 0.194 ns] (CI 99.9%), Margin = 0.002 ns (1.12% of Mean)
Skewness = 0.47, Kurtosis = 2.32, MValue = 2

// ** Remained 30 (66.7 %) benchmark(s) to run. Estimated finish 2026-10-04 7:44 (0h 6m from now) **
// **************************
// Benchmark: EntityComparisonBenchmarks.EricksonLopez_EntityEquality_DifferentId: .NET 10.0(Runtime=.NET 10.0, Toolchain=net10.0)
// *** Execute ***
// Launch: 1 / 1
// Execute: dotnet "EricksonLopez.SharedKernel.Benchmarks-.NET 10.0-1.dll" --anonymousPipes 117 118 --benchmarkName EricksonLopez.SharedKernel.Benchmarks.EntityComparisonBenchmarks.EricksonLopez_EntityEquality_DifferentId --job ".NET 10.0" --benchmarkId 7 in /home/runner/work/dotnet-shared-kernel/dotnet-shared-kernel/benchmarks/EricksonLopez.SharedKernel.Benchmarks/bin/Release/net10.0/EricksonLopez.SharedKernel.Benchmarks-.NET 10.0-1/bin/Release/net10.0
// Failed to set up high priority (Permission denied). In order to run benchmarks with high priority, make sure you have the right permissions.
// BeforeAnythingElse

// Benchmark Process Environment Information:
// BenchmarkDotNet v0.15.8
// Runtime=.NET 10.0.12 (10.0.12, 10.0.1226.42308), X64 RyuJIT x86-64-v4
// GC=Concurrent Workstation
// HardwareIntrinsics=AVX512 BITALG+VBMI2+VNNI+VPOPCNTDQ,AVX512 IFMA+VBMI,AVX512 F+BW+CD+DQ+VL,AVX2+BMI1+BMI2+F16C+FMA+LZCNT+MOVBE,AVX,SSE3+SSSE3+SSE4.1+SSE4.2+POPCNT,X86Base+SSE+SSE2,AES+PCLMUL VectorSize=256
// Job: .NET 10.0

OverheadJitting  1: 1 op, 165730.00 ns, 165.7300 us/op
WorkloadJitting  1: 1 op, 309737.00 ns, 309.7370 us/op

OverheadJitting  2: 16 op, 283788.00 ns, 17.7368 us/op
WorkloadJitting  2: 16 op, 292471.00 ns, 18.2794 us/op

WorkloadPilot    1: 16 op, 1453.00 ns, 90.8125 ns/op
WorkloadPilot    2: 32 op, 1582.00 ns, 49.4375 ns/op
WorkloadPilot    3: 64 op, 2043.00 ns, 31.9219 ns/op
WorkloadPilot    4: 128 op, 3415.00 ns, 26.6797 ns/op
WorkloadPilot    5: 256 op, 5889.00 ns, 23.0039 ns/op
WorkloadPilot    6: 512 op, 11167.00 ns, 21.8105 ns/op
WorkloadPilot    7: 1024 op, 21642.00 ns, 21.1348 ns/op
WorkloadPilot    8: 2048 op, 42694.00 ns, 20.8467 ns/op
WorkloadPilot    9: 4096 op, 84437.00 ns, 20.6145 ns/op
WorkloadPilot   10: 8192 op, 168314.00 ns, 20.5461 ns/op
WorkloadPilot   11: 16384 op, 335646.00 ns, 20.4862 ns/op
WorkloadPilot   12: 32768 op, 690823.00 ns, 21.0822 ns/op
WorkloadPilot   13: 65536 op, 1373082.00 ns, 20.9516 ns/op
WorkloadPilot   14: 131072 op, 2727265.00 ns, 20.8074 ns/op
WorkloadPilot   15: 262144 op, 5407380.00 ns, 20.6275 ns/op
WorkloadPilot   16: 524288 op, 10887750.00 ns, 20.7667 ns/op
WorkloadPilot   17: 1048576 op, 21573826.00 ns, 20.5744 ns/op
WorkloadPilot   18: 2097152 op, 43170846.00 ns, 20.5855 ns/op
WorkloadPilot   19: 4194304 op, 35751230.00 ns, 8.5238 ns/op
WorkloadPilot   20: 8388608 op, 35281711.00 ns, 4.2059 ns/op
WorkloadPilot   21: 16777216 op, 70464143.00 ns, 4.2000 ns/op
WorkloadPilot   22: 33554432 op, 140936910.00 ns, 4.2002 ns/op
WorkloadPilot   23: 67108864 op, 281804765.00 ns, 4.1992 ns/op
WorkloadPilot   24: 134217728 op, 563767608.00 ns, 4.2004 ns/op

OverheadWarmup   1: 134217728 op, 289118392.00 ns, 2.1541 ns/op
OverheadWarmup   2: 134217728 op, 196674279.00 ns, 1.4653 ns/op
OverheadWarmup   3: 134217728 op, 196926180.00 ns, 1.4672 ns/op
OverheadWarmup   4: 134217728 op, 196757585.00 ns, 1.4660 ns/op
OverheadWarmup   5: 134217728 op, 196760980.00 ns, 1.4660 ns/op
OverheadWarmup   6: 134217728 op, 196649002.00 ns, 1.4651 ns/op

OverheadActual   1: 134217728 op, 196773870.00 ns, 1.4661 ns/op
OverheadActual   2: 134217728 op, 196844356.00 ns, 1.4666 ns/op
OverheadActual   3: 134217728 op, 196723193.00 ns, 1.4657 ns/op
OverheadActual   4: 134217728 op, 196867621.00 ns, 1.4668 ns/op
OverheadActual   5: 134217728 op, 196736944.00 ns, 1.4658 ns/op
OverheadActual   6: 134217728 op, 196770475.00 ns, 1.4661 ns/op
OverheadActual   7: 134217728 op, 196857316.00 ns, 1.4667 ns/op
OverheadActual   8: 134217728 op, 196730895.00 ns, 1.4658 ns/op
OverheadActual   9: 134217728 op, 196787830.00 ns, 1.4662 ns/op
OverheadActual  10: 134217728 op, 196716303.00 ns, 1.4657 ns/op
OverheadActual  11: 134217728 op, 196741575.00 ns, 1.4658 ns/op
OverheadActual  12: 134217728 op, 196827626.00 ns, 1.4665 ns/op
OverheadActual  13: 134217728 op, 196873265.00 ns, 1.4668 ns/op
OverheadActual  14: 134217728 op, 196930180.00 ns, 1.4672 ns/op
OverheadActual  15: 134217728 op, 196837691.00 ns, 1.4666 ns/op

WorkloadWarmup   1: 134217728 op, 563575100.00 ns, 4.1990 ns/op
WorkloadWarmup   2: 134217728 op, 563271065.00 ns, 4.1967 ns/op
WorkloadWarmup   3: 134217728 op, 565402662.00 ns, 4.2126 ns/op
WorkloadWarmup   4: 134217728 op, 563780840.00 ns, 4.2005 ns/op
WorkloadWarmup   5: 134217728 op, 563961523.00 ns, 4.2018 ns/op
WorkloadWarmup   6: 134217728 op, 563865557.00 ns, 4.2011 ns/op

// BeforeActualRun
WorkloadActual   1: 134217728 op, 563431954.00 ns, 4.1979 ns/op
WorkloadActual   2: 134217728 op, 563526616.00 ns, 4.1986 ns/op
WorkloadActual   3: 134217728 op, 563512895.00 ns, 4.1985 ns/op
WorkloadActual   4: 134217728 op, 564119010.00 ns, 4.2030 ns/op
WorkloadActual   5: 134217728 op, 563140984.00 ns, 4.1957 ns/op
WorkloadActual   6: 134217728 op, 563929073.00 ns, 4.2016 ns/op
WorkloadActual   7: 134217728 op, 563811124.00 ns, 4.2007 ns/op
WorkloadActual   8: 134217728 op, 563256372.00 ns, 4.1966 ns/op
WorkloadActual   9: 134217728 op, 563609985.00 ns, 4.1992 ns/op
WorkloadActual  10: 134217728 op, 563157322.00 ns, 4.1958 ns/op
WorkloadActual  11: 134217728 op, 563624447.00 ns, 4.1993 ns/op
WorkloadActual  12: 134217728 op, 563435152.00 ns, 4.1979 ns/op
WorkloadActual  13: 134217728 op, 563614833.00 ns, 4.1993 ns/op
WorkloadActual  14: 134217728 op, 563369363.00 ns, 4.1974 ns/op
WorkloadActual  15: 134217728 op, 563309802.00 ns, 4.1970 ns/op

// AfterActualRun
WorkloadResult   1: 134217728 op, 366644124.00 ns, 2.7317 ns/op
WorkloadResult   2: 134217728 op, 366738786.00 ns, 2.7324 ns/op
WorkloadResult   3: 134217728 op, 366725065.00 ns, 2.7323 ns/op
WorkloadResult   4: 134217728 op, 366353154.00 ns, 2.7295 ns/op
WorkloadResult   5: 134217728 op, 367141243.00 ns, 2.7354 ns/op
WorkloadResult   6: 134217728 op, 367023294.00 ns, 2.7345 ns/op
WorkloadResult   7: 134217728 op, 366468542.00 ns, 2.7304 ns/op
WorkloadResult   8: 134217728 op, 366822155.00 ns, 2.7330 ns/op
WorkloadResult   9: 134217728 op, 366369492.00 ns, 2.7297 ns/op
WorkloadResult  10: 134217728 op, 366836617.00 ns, 2.7331 ns/op
WorkloadResult  11: 134217728 op, 366647322.00 ns, 2.7317 ns/op
WorkloadResult  12: 134217728 op, 366827003.00 ns, 2.7331 ns/op
WorkloadResult  13: 134217728 op, 366581533.00 ns, 2.7312 ns/op
WorkloadResult  14: 134217728 op, 366521972.00 ns, 2.7308 ns/op
// GC:  0 0 0 0 134217728
// Threading:  0 0 134217728

// AfterAll
// Benchmark Process 3529 has exited with code 0.

Mean = 2.732 ns, StdErr = 0.000 ns (0.02%), N = 14, StdDev = 0.002 ns
Min = 2.730 ns, Q1 = 2.731 ns, Median = 2.732 ns, Q3 = 2.733 ns, Max = 2.735 ns
IQR = 0.002 ns, LowerFence = 2.728 ns, UpperFence = 2.736 ns
ConfidenceInterval = [2.730 ns; 2.734 ns] (CI 99.9%), Margin = 0.002 ns (0.07% of Mean)
Skewness = 0.25, Kurtosis = 2.09, MValue = 2

// ** Remained 29 (64.4 %) benchmark(s) to run. Estimated finish 2026-10-04 7:45 (0h 6m from now) **
// Build Error: Standard output: 
  
 Standard error: 
   Determining projects to restore...
/home/runner/work/dotnet-shared-kernel/dotnet-shared-kernel/benchmarks/EricksonLopez.SharedKernel.Benchmarks/bin/Release/net10.0/EricksonLopez.SharedKernel.Benchmarks-.NET 8.0-2/BenchmarkDotNet.Autogenerated.csproj : error NU1201: Project EricksonLopez.SharedKernel.Benchmarks is not compatible with net8.0 (.NETCoreApp,Version=v8.0). Project EricksonLopez.SharedKernel.Benchmarks supports: net10.0 (.NETCoreApp,Version=v10.0)
  Failed to restore /home/runner/work/dotnet-shared-kernel/dotnet-shared-kernel/benchmarks/EricksonLopez.SharedKernel.Benchmarks/bin/Release/net10.0/EricksonLopez.SharedKernel.Benchmarks-.NET 8.0-2/BenchmarkDotNet.Autogenerated.csproj (in 217 ms).
  2 of 3 projects are up-to-date for restore.

// BenchmarkDotNet has failed to build the auto-generated boilerplate code.
// It can be found in /home/runner/work/dotnet-shared-kernel/dotnet-shared-kernel/benchmarks/EricksonLopez.SharedKernel.Benchmarks/bin/Release/net10.0/EricksonLopez.SharedKernel.Benchmarks-.NET 8.0-2
// Please follow the troubleshooting guide: https://benchmarkdotnet.org/articles/guides/troubleshooting.html

// ** Remained 28 (62.2 %) benchmark(s) to run. Estimated finish 2026-10-04 7:44 (0h 5m from now) **
// Build Error: Standard output: 
  
 Standard error: 
   Determining projects to restore...
/home/runner/work/dotnet-shared-kernel/dotnet-shared-kernel/benchmarks/EricksonLopez.SharedKernel.Benchmarks/bin/Release/net10.0/EricksonLopez.SharedKernel.Benchmarks-.NET 8.0-2/BenchmarkDotNet.Autogenerated.csproj : error NU1201: Project EricksonLopez.SharedKernel.Benchmarks is not compatible with net8.0 (.NETCoreApp,Version=v8.0). Project EricksonLopez.SharedKernel.Benchmarks supports: net10.0 (.NETCoreApp,Version=v10.0)
  Failed to restore /home/runner/work/dotnet-shared-kernel/dotnet-shared-kernel/benchmarks/EricksonLopez.SharedKernel.Benchmarks/bin/Release/net10.0/EricksonLopez.SharedKernel.Benchmarks-.NET 8.0-2/BenchmarkDotNet.Autogenerated.csproj (in 217 ms).
  2 of 3 projects are up-to-date for restore.

// BenchmarkDotNet has failed to build the auto-generated boilerplate code.
// It can be found in /home/runner/work/dotnet-shared-kernel/dotnet-shared-kernel/benchmarks/EricksonLopez.SharedKernel.Benchmarks/bin/Release/net10.0/EricksonLopez.SharedKernel.Benchmarks-.NET 8.0-2
// Please follow the troubleshooting guide: https://benchmarkdotnet.org/articles/guides/troubleshooting.html

// ** Remained 27 (60.0 %) benchmark(s) to run. Estimated finish 2026-10-04 7:43 (0h 5m from now) **
// Build Error: Standard output: 
  
 Standard error: 
   Determining projects to restore...
/home/runner/work/dotnet-shared-kernel/dotnet-shared-kernel/benchmarks/EricksonLopez.SharedKernel.Benchmarks/bin/Release/net10.0/EricksonLopez.SharedKernel.Benchmarks-.NET 8.0-2/BenchmarkDotNet.Autogenerated.csproj : error NU1201: Project EricksonLopez.SharedKernel.Benchmarks is not compatible with net8.0 (.NETCoreApp,Version=v8.0). Project EricksonLopez.SharedKernel.Benchmarks supports: net10.0 (.NETCoreApp,Version=v10.0)
  Failed to restore /home/runner/work/dotnet-shared-kernel/dotnet-shared-kernel/benchmarks/EricksonLopez.SharedKernel.Benchmarks/bin/Release/net10.0/EricksonLopez.SharedKernel.Benchmarks-.NET 8.0-2/BenchmarkDotNet.Autogenerated.csproj (in 217 ms).
  2 of 3 projects are up-to-date for restore.

// BenchmarkDotNet has failed to build the auto-generated boilerplate code.
// It can be found in /home/runner/work/dotnet-shared-kernel/dotnet-shared-kernel/benchmarks/EricksonLopez.SharedKernel.Benchmarks/bin/Release/net10.0/EricksonLopez.SharedKernel.Benchmarks-.NET 8.0-2
// Please follow the troubleshooting guide: https://benchmarkdotnet.org/articles/guides/troubleshooting.html

// ** Remained 26 (57.8 %) benchmark(s) to run. Estimated finish 2026-10-04 7:43 (0h 4m from now) **
// Build Error: Standard output: 
  
 Standard error: 
   Determining projects to restore...
/home/runner/work/dotnet-shared-kernel/dotnet-shared-kernel/benchmarks/EricksonLopez.SharedKernel.Benchmarks/bin/Release/net10.0/EricksonLopez.SharedKernel.Benchmarks-.NET 8.0-2/BenchmarkDotNet.Autogenerated.csproj : error NU1201: Project EricksonLopez.SharedKernel.Benchmarks is not compatible with net8.0 (.NETCoreApp,Version=v8.0). Project EricksonLopez.SharedKernel.Benchmarks supports: net10.0 (.NETCoreApp,Version=v10.0)
  Failed to restore /home/runner/work/dotnet-shared-kernel/dotnet-shared-kernel/benchmarks/EricksonLopez.SharedKernel.Benchmarks/bin/Release/net10.0/EricksonLopez.SharedKernel.Benchmarks-.NET 8.0-2/BenchmarkDotNet.Autogenerated.csproj (in 217 ms).
  2 of 3 projects are up-to-date for restore.

// BenchmarkDotNet has failed to build the auto-generated boilerplate code.
// It can be found in /home/runner/work/dotnet-shared-kernel/dotnet-shared-kernel/benchmarks/EricksonLopez.SharedKernel.Benchmarks/bin/Release/net10.0/EricksonLopez.SharedKernel.Benchmarks-.NET 8.0-2
// Please follow the troubleshooting guide: https://benchmarkdotnet.org/articles/guides/troubleshooting.html

// ** Remained 25 (55.6 %) benchmark(s) to run. Estimated finish 2026-10-04 7:43 (0h 4m from now) **
// Build Error: Standard output: 
  
 Standard error: 
   Determining projects to restore...
/home/runner/work/dotnet-shared-kernel/dotnet-shared-kernel/benchmarks/EricksonLopez.SharedKernel.Benchmarks/bin/Release/net10.0/EricksonLopez.SharedKernel.Benchmarks-.NET 9.0-3/BenchmarkDotNet.Autogenerated.csproj : error NU1201: Project EricksonLopez.SharedKernel.Benchmarks is not compatible with net9.0 (.NETCoreApp,Version=v9.0). Project EricksonLopez.SharedKernel.Benchmarks supports: net10.0 (.NETCoreApp,Version=v10.0)
  Failed to restore /home/runner/work/dotnet-shared-kernel/dotnet-shared-kernel/benchmarks/EricksonLopez.SharedKernel.Benchmarks/bin/Release/net10.0/EricksonLopez.SharedKernel.Benchmarks-.NET 9.0-3/BenchmarkDotNet.Autogenerated.csproj (in 223 ms).
  2 of 3 projects are up-to-date for restore.

// BenchmarkDotNet has failed to build the auto-generated boilerplate code.
// It can be found in /home/runner/work/dotnet-shared-kernel/dotnet-shared-kernel/benchmarks/EricksonLopez.SharedKernel.Benchmarks/bin/Release/net10.0/EricksonLopez.SharedKernel.Benchmarks-.NET 9.0-3
// Please follow the troubleshooting guide: https://benchmarkdotnet.org/articles/guides/troubleshooting.html

// ** Remained 24 (53.3 %) benchmark(s) to run. Estimated finish 2026-10-04 7:42 (0h 4m from now) **
// Build Error: Standard output: 
  
 Standard error: 
   Determining projects to restore...
/home/runner/work/dotnet-shared-kernel/dotnet-shared-kernel/benchmarks/EricksonLopez.SharedKernel.Benchmarks/bin/Release/net10.0/EricksonLopez.SharedKernel.Benchmarks-.NET 9.0-3/BenchmarkDotNet.Autogenerated.csproj : error NU1201: Project EricksonLopez.SharedKernel.Benchmarks is not compatible with net9.0 (.NETCoreApp,Version=v9.0). Project EricksonLopez.SharedKernel.Benchmarks supports: net10.0 (.NETCoreApp,Version=v10.0)
  Failed to restore /home/runner/work/dotnet-shared-kernel/dotnet-shared-kernel/benchmarks/EricksonLopez.SharedKernel.Benchmarks/bin/Release/net10.0/EricksonLopez.SharedKernel.Benchmarks-.NET 9.0-3/BenchmarkDotNet.Autogenerated.csproj (in 223 ms).
  2 of 3 projects are up-to-date for restore.

// BenchmarkDotNet has failed to build the auto-generated boilerplate code.
// It can be found in /home/runner/work/dotnet-shared-kernel/dotnet-shared-kernel/benchmarks/EricksonLopez.SharedKernel.Benchmarks/bin/Release/net10.0/EricksonLopez.SharedKernel.Benchmarks-.NET 9.0-3
// Please follow the troubleshooting guide: https://benchmarkdotnet.org/articles/guides/troubleshooting.html

// ** Remained 23 (51.1 %) benchmark(s) to run. Estimated finish 2026-10-04 7:42 (0h 3m from now) **
// Build Error: Standard output: 
  
 Standard error: 
   Determining projects to restore...
/home/runner/work/dotnet-shared-kernel/dotnet-shared-kernel/benchmarks/EricksonLopez.SharedKernel.Benchmarks/bin/Release/net10.0/EricksonLopez.SharedKernel.Benchmarks-.NET 9.0-3/BenchmarkDotNet.Autogenerated.csproj : error NU1201: Project EricksonLopez.SharedKernel.Benchmarks is not compatible with net9.0 (.NETCoreApp,Version=v9.0). Project EricksonLopez.SharedKernel.Benchmarks supports: net10.0 (.NETCoreApp,Version=v10.0)
  Failed to restore /home/runner/work/dotnet-shared-kernel/dotnet-shared-kernel/benchmarks/EricksonLopez.SharedKernel.Benchmarks/bin/Release/net10.0/EricksonLopez.SharedKernel.Benchmarks-.NET 9.0-3/BenchmarkDotNet.Autogenerated.csproj (in 223 ms).
  2 of 3 projects are up-to-date for restore.

// BenchmarkDotNet has failed to build the auto-generated boilerplate code.
// It can be found in /home/runner/work/dotnet-shared-kernel/dotnet-shared-kernel/benchmarks/EricksonLopez.SharedKernel.Benchmarks/bin/Release/net10.0/EricksonLopez.SharedKernel.Benchmarks-.NET 9.0-3
// Please follow the troubleshooting guide: https://benchmarkdotnet.org/articles/guides/troubleshooting.html

// ** Remained 22 (48.9 %) benchmark(s) to run. Estimated finish 2026-10-04 7:42 (0h 3m from now) **
// Build Error: Standard output: 
  
 Standard error: 
   Determining projects to restore...
/home/runner/work/dotnet-shared-kernel/dotnet-shared-kernel/benchmarks/EricksonLopez.SharedKernel.Benchmarks/bin/Release/net10.0/EricksonLopez.SharedKernel.Benchmarks-.NET 9.0-3/BenchmarkDotNet.Autogenerated.csproj : error NU1201: Project EricksonLopez.SharedKernel.Benchmarks is not compatible with net9.0 (.NETCoreApp,Version=v9.0). Project EricksonLopez.SharedKernel.Benchmarks supports: net10.0 (.NETCoreApp,Version=v10.0)
  Failed to restore /home/runner/work/dotnet-shared-kernel/dotnet-shared-kernel/benchmarks/EricksonLopez.SharedKernel.Benchmarks/bin/Release/net10.0/EricksonLopez.SharedKernel.Benchmarks-.NET 9.0-3/BenchmarkDotNet.Autogenerated.csproj (in 223 ms).
  2 of 3 projects are up-to-date for restore.

// BenchmarkDotNet has failed to build the auto-generated boilerplate code.
// It can be found in /home/runner/work/dotnet-shared-kernel/dotnet-shared-kernel/benchmarks/EricksonLopez.SharedKernel.Benchmarks/bin/Release/net10.0/EricksonLopez.SharedKernel.Benchmarks-.NET 9.0-3
// Please follow the troubleshooting guide: https://benchmarkdotnet.org/articles/guides/troubleshooting.html

// ** Remained 21 (46.7 %) benchmark(s) to run. Estimated finish 2026-10-04 7:41 (0h 3m from now) **
// ***** BenchmarkRunner: Finish  *****

// * Export *
  benchmarks/results/results/EricksonLopez.SharedKernel.Benchmarks.EntityComparisonBenchmarks-report.csv
  benchmarks/results/results/EricksonLopez.SharedKernel.Benchmarks.EntityComparisonBenchmarks-report-github.md
  benchmarks/results/results/EricksonLopez.SharedKernel.Benchmarks.EntityComparisonBenchmarks-report.html
  benchmarks/results/results/EricksonLopez.SharedKernel.Benchmarks.EntityComparisonBenchmarks-report-full-compressed.json
  benchmarks/results/results/EricksonLopez.SharedKernel.Benchmarks.EntityComparisonBenchmarks-report-default.md

// * Detailed results *
EntityComparisonBenchmarks.Ardalis_EntityEquality_SameId: .NET 10.0(Runtime=.NET 10.0, Toolchain=net10.0)
Runtime = .NET 10.0.12 (10.0.12, 10.0.1226.42308), X64 RyuJIT x86-64-v4; GC = Concurrent Workstation
Mean = 0.200 ns, StdErr = 0.001 ns (0.46%), N = 13, StdDev = 0.003 ns
Min = 0.195 ns, Q1 = 0.198 ns, Median = 0.200 ns, Q3 = 0.202 ns, Max = 0.207 ns
IQR = 0.005 ns, LowerFence = 0.191 ns, UpperFence = 0.209 ns
ConfidenceInterval = [0.196 ns; 0.204 ns] (CI 99.9%), Margin = 0.004 ns (1.98% of Mean)
Skewness = 0.4, Kurtosis = 2.1, MValue = 2
-------------------- Histogram --------------------
[0.194 ns ; 0.201 ns) | @@@@@@@@@
[0.201 ns ; 0.209 ns) | @@@@
---------------------------------------------------

EntityComparisonBenchmarks.EricksonLopez_EntityEquality_SameId: .NET 10.0(Runtime=.NET 10.0, Toolchain=net10.0)
Runtime = .NET 10.0.12 (10.0.12, 10.0.1226.42308), X64 RyuJIT x86-64-v4; GC = Concurrent Workstation
Mean = 2.958 ns, StdErr = 0.003 ns (0.10%), N = 15, StdDev = 0.011 ns
Min = 2.946 ns, Q1 = 2.950 ns, Median = 2.954 ns, Q3 = 2.965 ns, Max = 2.983 ns
IQR = 0.015 ns, LowerFence = 2.928 ns, UpperFence = 2.987 ns
ConfidenceInterval = [2.946 ns; 2.969 ns] (CI 99.9%), Margin = 0.012 ns (0.39% of Mean)
Skewness = 0.93, Kurtosis = 2.75, MValue = 2
-------------------- Histogram --------------------
[2.940 ns ; 2.989 ns) | @@@@@@@@@@@@@@@
---------------------------------------------------

EntityComparisonBenchmarks.Ardalis_EntityEquality_DifferentId: .NET 10.0(Runtime=.NET 10.0, Toolchain=net10.0)
Runtime = .NET 10.0.12 (10.0.12, 10.0.1226.42308), X64 RyuJIT x86-64-v4; GC = Concurrent Workstation
Mean = 0.192 ns, StdErr = 0.000 ns (0.26%), N = 13, StdDev = 0.002 ns
Min = 0.189 ns, Q1 = 0.191 ns, Median = 0.192 ns, Q3 = 0.192 ns, Max = 0.196 ns
IQR = 0.002 ns, LowerFence = 0.189 ns, UpperFence = 0.195 ns
ConfidenceInterval = [0.190 ns; 0.194 ns] (CI 99.9%), Margin = 0.002 ns (1.12% of Mean)
Skewness = 0.47, Kurtosis = 2.32, MValue = 2
-------------------- Histogram --------------------
[0.188 ns ; 0.197 ns) | @@@@@@@@@@@@@
---------------------------------------------------

EntityComparisonBenchmarks.EricksonLopez_EntityEquality_DifferentId: .NET 10.0(Runtime=.NET 10.0, Toolchain=net10.0)
Runtime = .NET 10.0.12 (10.0.12, 10.0.1226.42308), X64 RyuJIT x86-64-v4; GC = Concurrent Workstation
Mean = 2.732 ns, StdErr = 0.000 ns (0.02%), N = 14, StdDev = 0.002 ns
Min = 2.730 ns, Q1 = 2.731 ns, Median = 2.732 ns, Q3 = 2.733 ns, Max = 2.735 ns
IQR = 0.002 ns, LowerFence = 2.728 ns, UpperFence = 2.736 ns
ConfidenceInterval = [2.730 ns; 2.734 ns] (CI 99.9%), Margin = 0.002 ns (0.07% of Mean)
Skewness = 0.25, Kurtosis = 2.09, MValue = 2
-------------------- Histogram --------------------
[2.728 ns ; 2.736 ns) | @@@@@@@@@@@@@@
---------------------------------------------------

EntityComparisonBenchmarks.Ardalis_EntityEquality_SameId: .NET 8.0(Runtime=.NET 8.0, Toolchain=net8.0)
Runtime = ; GC = 
There are not any results runs

EntityComparisonBenchmarks.EricksonLopez_EntityEquality_SameId: .NET 8.0(Runtime=.NET 8.0, Toolchain=net8.0)
Runtime = ; GC = 
There are not any results runs

EntityComparisonBenchmarks.Ardalis_EntityEquality_DifferentId: .NET 8.0(Runtime=.NET 8.0, Toolchain=net8.0)
Runtime = ; GC = 
There are not any results runs

EntityComparisonBenchmarks.EricksonLopez_EntityEquality_DifferentId: .NET 8.0(Runtime=.NET 8.0, Toolchain=net8.0)
Runtime = ; GC = 
There are not any results runs

EntityComparisonBenchmarks.Ardalis_EntityEquality_SameId: .NET 9.0(Runtime=.NET 9.0, Toolchain=net9.0)
Runtime = ; GC = 
There are not any results runs

EntityComparisonBenchmarks.EricksonLopez_EntityEquality_SameId: .NET 9.0(Runtime=.NET 9.0, Toolchain=net9.0)
Runtime = ; GC = 
There are not any results runs

EntityComparisonBenchmarks.Ardalis_EntityEquality_DifferentId: .NET 9.0(Runtime=.NET 9.0, Toolchain=net9.0)
Runtime = ; GC = 
There are not any results runs

EntityComparisonBenchmarks.EricksonLopez_EntityEquality_DifferentId: .NET 9.0(Runtime=.NET 9.0, Toolchain=net9.0)
Runtime = ; GC = 
There are not any results runs

// * Summary *

BenchmarkDotNet v0.15.8, Linux Ubuntu 24.04.5 LTS (Noble Numbat)
AMD EPYC 9V74 3.69GHz, 1 CPU, 4 logical and 2 physical cores
.NET SDK 10.0.401
  [Host]    : .NET 10.0.12 (10.0.12, 10.0.1226.42308), X64 RyuJIT x86-64-v4
  .NET 10.0 : .NET 10.0.12 (10.0.12, 10.0.1226.42308), X64 RyuJIT x86-64-v4


| Method                                   | Job       | Runtime   | Mean      | Error     | StdDev    | Ratio | RatioSD | Rank | Allocated | Alloc Ratio |
|----------------------------------------- |---------- |---------- |----------:|----------:|----------:|------:|--------:|-----:|----------:|------------:|
| Ardalis_EntityEquality_SameId            | .NET 10.0 | .NET 10.0 | 0.2002 ns | 0.0040 ns | 0.0033 ns |     ? |       ? |    1 |         - |           ? |
| EricksonLopez_EntityEquality_SameId      | .NET 10.0 | .NET 10.0 | 2.9576 ns | 0.0116 ns | 0.0109 ns |     ? |       ? |    3 |         - |           ? |
| Ardalis_EntityEquality_DifferentId       | .NET 10.0 | .NET 10.0 | 0.1922 ns | 0.0022 ns | 0.0018 ns |     ? |       ? |    1 |         - |           ? |
| EricksonLopez_EntityEquality_DifferentId | .NET 10.0 | .NET 10.0 | 2.7321 ns | 0.0019 ns | 0.0017 ns |     ? |       ? |    2 |         - |           ? |
| Ardalis_EntityEquality_SameId            | .NET 8.0  | .NET 8.0  |        NA |        NA |        NA |     ? |       ? |    ? |        NA |           ? |
| EricksonLopez_EntityEquality_SameId      | .NET 8.0  | .NET 8.0  |        NA |        NA |        NA |     ? |       ? |    ? |        NA |           ? |
| Ardalis_EntityEquality_DifferentId       | .NET 8.0  | .NET 8.0  |        NA |        NA |        NA |     ? |       ? |    ? |        NA |           ? |
| EricksonLopez_EntityEquality_DifferentId | .NET 8.0  | .NET 8.0  |        NA |        NA |        NA |     ? |       ? |    ? |        NA |           ? |
| Ardalis_EntityEquality_SameId            | .NET 9.0  | .NET 9.0  |        NA |        NA |        NA |     ? |       ? |    ? |        NA |           ? |
| EricksonLopez_EntityEquality_SameId      | .NET 9.0  | .NET 9.0  |        NA |        NA |        NA |     ? |       ? |    ? |        NA |           ? |
| Ardalis_EntityEquality_DifferentId       | .NET 9.0  | .NET 9.0  |        NA |        NA |        NA |     ? |       ? |    ? |        NA |           ? |
| EricksonLopez_EntityEquality_DifferentId | .NET 9.0  | .NET 9.0  |        NA |        NA |        NA |     ? |       ? |    ? |        NA |           ? |

Benchmarks with issues:
  EntityComparisonBenchmarks.Ardalis_EntityEquality_SameId: .NET 8.0(Runtime=.NET 8.0, Toolchain=net8.0)
  EntityComparisonBenchmarks.EricksonLopez_EntityEquality_SameId: .NET 8.0(Runtime=.NET 8.0, Toolchain=net8.0)
  EntityComparisonBenchmarks.Ardalis_EntityEquality_DifferentId: .NET 8.0(Runtime=.NET 8.0, Toolchain=net8.0)
  EntityComparisonBenchmarks.EricksonLopez_EntityEquality_DifferentId: .NET 8.0(Runtime=.NET 8.0, Toolchain=net8.0)
  EntityComparisonBenchmarks.Ardalis_EntityEquality_SameId: .NET 9.0(Runtime=.NET 9.0, Toolchain=net9.0)
  EntityComparisonBenchmarks.EricksonLopez_EntityEquality_SameId: .NET 9.0(Runtime=.NET 9.0, Toolchain=net9.0)
  EntityComparisonBenchmarks.Ardalis_EntityEquality_DifferentId: .NET 9.0(Runtime=.NET 9.0, Toolchain=net9.0)
  EntityComparisonBenchmarks.EricksonLopez_EntityEquality_DifferentId: .NET 9.0(Runtime=.NET 9.0, Toolchain=net9.0)

// * Warnings *
BaselineCustomAnalyzer
  Summary -> A question mark '?' symbol indicates that it was not possible to compute the (Ratio, RatioSD, Alloc Ratio) column(s) because the baseline or benchmark could not be found, or the baseline value is too close to zero.

// * Hints *
Outliers
  EntityComparisonBenchmarks.Ardalis_EntityEquality_SameId: .NET 10.0            -> 2 outliers were removed (1.68 ns, 1.70 ns)
  EntityComparisonBenchmarks.Ardalis_EntityEquality_DifferentId: .NET 10.0       -> 2 outliers were removed (1.67 ns, 1.68 ns)
  EntityComparisonBenchmarks.EricksonLopez_EntityEquality_DifferentId: .NET 10.0 -> 1 outlier  was  removed (4.20 ns)

// * Legends *
  Mean        : Arithmetic mean of all measurements
  Error       : Half of 99.9% confidence interval
  StdDev      : Standard deviation of all measurements
  Ratio       : Mean of the ratio distribution ([Current]/[Baseline])
  RatioSD     : Standard deviation of the ratio distribution ([Current]/[Baseline])
  Rank        : Relative position of current benchmark mean among all benchmarks (Arabic style)
  Allocated   : Allocated memory per single operation (managed only, inclusive, 1KB = 1024B)
  Alloc Ratio : Allocated memory ratio distribution ([Current]/[Baseline])
  1 ns        : 1 Nanosecond (0.000000001 sec)

// * Diagnostic Output - MemoryDiagnoser *


// ***** BenchmarkRunner: End *****
Run time: 00:01:59 (119.75 sec), executed benchmarks: 4

// Found 21 benchmarks:
//   SharedKernelBenchmarks.EntityEquality_SameId: .NET 10.0(Runtime=.NET 10.0, Toolchain=net10.0)
//   SharedKernelBenchmarks.EntityEquality_DifferentId: .NET 10.0(Runtime=.NET 10.0, Toolchain=net10.0)
//   SharedKernelBenchmarks.EntityGetHashCode: .NET 10.0(Runtime=.NET 10.0, Toolchain=net10.0)
//   SharedKernelBenchmarks.AggregateDrainDomainEvents_NoEvents: .NET 10.0(Runtime=.NET 10.0, Toolchain=net10.0)
//   SharedKernelBenchmarks.AggregateDrainDomainEvents_WithEvents: .NET 10.0(Runtime=.NET 10.0, Toolchain=net10.0)
//   SharedKernelBenchmarks.AggregateRaiseDomainEvent_FirstTime: .NET 10.0(Runtime=.NET 10.0, Toolchain=net10.0)
//   SharedKernelBenchmarks.AggregateRaiseDomainEvent_Subsequent: .NET 10.0(Runtime=.NET 10.0, Toolchain=net10.0)
//   SharedKernelBenchmarks.EntityEquality_SameId: .NET 8.0(Runtime=.NET 8.0, Toolchain=net8.0)
//   SharedKernelBenchmarks.EntityEquality_DifferentId: .NET 8.0(Runtime=.NET 8.0, Toolchain=net8.0)
//   SharedKernelBenchmarks.EntityGetHashCode: .NET 8.0(Runtime=.NET 8.0, Toolchain=net8.0)
//   SharedKernelBenchmarks.AggregateDrainDomainEvents_NoEvents: .NET 8.0(Runtime=.NET 8.0, Toolchain=net8.0)
//   SharedKernelBenchmarks.AggregateDrainDomainEvents_WithEvents: .NET 8.0(Runtime=.NET 8.0, Toolchain=net8.0)
//   SharedKernelBenchmarks.AggregateRaiseDomainEvent_FirstTime: .NET 8.0(Runtime=.NET 8.0, Toolchain=net8.0)
//   SharedKernelBenchmarks.AggregateRaiseDomainEvent_Subsequent: .NET 8.0(Runtime=.NET 8.0, Toolchain=net8.0)
//   SharedKernelBenchmarks.EntityEquality_SameId: .NET 9.0(Runtime=.NET 9.0, Toolchain=net9.0)
//   SharedKernelBenchmarks.EntityEquality_DifferentId: .NET 9.0(Runtime=.NET 9.0, Toolchain=net9.0)
//   SharedKernelBenchmarks.EntityGetHashCode: .NET 9.0(Runtime=.NET 9.0, Toolchain=net9.0)
//   SharedKernelBenchmarks.AggregateDrainDomainEvents_NoEvents: .NET 9.0(Runtime=.NET 9.0, Toolchain=net9.0)
//   SharedKernelBenchmarks.AggregateDrainDomainEvents_WithEvents: .NET 9.0(Runtime=.NET 9.0, Toolchain=net9.0)
//   SharedKernelBenchmarks.AggregateRaiseDomainEvent_FirstTime: .NET 9.0(Runtime=.NET 9.0, Toolchain=net9.0)
//   SharedKernelBenchmarks.AggregateRaiseDomainEvent_Subsequent: .NET 9.0(Runtime=.NET 9.0, Toolchain=net9.0)

// **************************
// Benchmark: SharedKernelBenchmarks.EntityEquality_SameId: .NET 10.0(Runtime=.NET 10.0, Toolchain=net10.0)
// *** Execute ***
// Launch: 1 / 1
// Execute: dotnet "EricksonLopez.SharedKernel.Benchmarks-.NET 10.0-1.dll" --anonymousPipes 117 118 --benchmarkName EricksonLopez.SharedKernel.Benchmarks.SharedKernelBenchmarks.EntityEquality_SameId --job ".NET 10.0" --benchmarkId 8 in /home/runner/work/dotnet-shared-kernel/dotnet-shared-kernel/benchmarks/EricksonLopez.SharedKernel.Benchmarks/bin/Release/net10.0/EricksonLopez.SharedKernel.Benchmarks-.NET 10.0-1/bin/Release/net10.0
// Failed to set up high priority (Permission denied). In order to run benchmarks with high priority, make sure you have the right permissions.
// BeforeAnythingElse

// Benchmark Process Environment Information:
// BenchmarkDotNet v0.15.8
// Runtime=.NET 10.0.12 (10.0.12, 10.0.1226.42308), X64 RyuJIT x86-64-v4
// GC=Concurrent Workstation
// HardwareIntrinsics=AVX512 BITALG+VBMI2+VNNI+VPOPCNTDQ,AVX512 IFMA+VBMI,AVX512 F+BW+CD+DQ+VL,AVX2+BMI1+BMI2+F16C+FMA+LZCNT+MOVBE,AVX,SSE3+SSSE3+SSE4.1+SSE4.2+POPCNT,X86Base+SSE+SSE2,AES+PCLMUL VectorSize=256
// Job: .NET 10.0

OverheadJitting  1: 1 op, 198970.00 ns, 198.9700 us/op
WorkloadJitting  1: 1 op, 369217.00 ns, 369.2170 us/op

OverheadJitting  2: 16 op, 290859.00 ns, 18.1787 us/op
WorkloadJitting  2: 16 op, 270008.00 ns, 16.8755 us/op

WorkloadPilot    1: 16 op, 1202.00 ns, 75.1250 ns/op
WorkloadPilot    2: 32 op, 1552.00 ns, 48.5000 ns/op
WorkloadPilot    3: 64 op, 2043.00 ns, 31.9219 ns/op
WorkloadPilot    4: 128 op, 3385.00 ns, 26.4453 ns/op
WorkloadPilot    5: 256 op, 24257.00 ns, 94.7539 ns/op
WorkloadPilot    6: 512 op, 11227.00 ns, 21.9277 ns/op
WorkloadPilot    7: 1024 op, 21703.00 ns, 21.1943 ns/op
WorkloadPilot    8: 2048 op, 42564.00 ns, 20.7832 ns/op
WorkloadPilot    9: 4096 op, 84397.00 ns, 20.6047 ns/op
WorkloadPilot   10: 8192 op, 167413.00 ns, 20.4362 ns/op
WorkloadPilot   11: 16384 op, 351470.00 ns, 21.4520 ns/op
WorkloadPilot   12: 32768 op, 677162.00 ns, 20.6653 ns/op
WorkloadPilot   13: 65536 op, 1344218.00 ns, 20.5111 ns/op
WorkloadPilot   14: 131072 op, 2710381.00 ns, 20.6786 ns/op
WorkloadPilot   15: 262144 op, 5382122.00 ns, 20.5312 ns/op
WorkloadPilot   16: 524288 op, 10780919.00 ns, 20.5630 ns/op
WorkloadPilot   17: 1048576 op, 21436590.00 ns, 20.4435 ns/op
WorkloadPilot   18: 2097152 op, 46841212.00 ns, 22.3356 ns/op
WorkloadPilot   19: 4194304 op, 34698102.00 ns, 8.2727 ns/op
WorkloadPilot   20: 8388608 op, 37785992.00 ns, 4.5044 ns/op
WorkloadPilot   21: 16777216 op, 75464993.00 ns, 4.4981 ns/op
WorkloadPilot   22: 33554432 op, 150988304.00 ns, 4.4998 ns/op
WorkloadPilot   23: 67108864 op, 300646671.00 ns, 4.4800 ns/op
WorkloadPilot   24: 134217728 op, 599595030.00 ns, 4.4673 ns/op

OverheadWarmup   1: 134217728 op, 293629712.00 ns, 2.1877 ns/op
OverheadWarmup   2: 134217728 op, 199280391.00 ns, 1.4848 ns/op
OverheadWarmup   3: 134217728 op, 199268873.00 ns, 1.4847 ns/op
OverheadWarmup   4: 134217728 op, 199036263.00 ns, 1.4829 ns/op
OverheadWarmup   5: 134217728 op, 199968429.00 ns, 1.4899 ns/op
OverheadWarmup   6: 134217728 op, 199055111.00 ns, 1.4831 ns/op
OverheadWarmup   7: 134217728 op, 199089971.00 ns, 1.4833 ns/op
OverheadWarmup   8: 134217728 op, 199109613.00 ns, 1.4835 ns/op
OverheadWarmup   9: 134217728 op, 199093058.00 ns, 1.4834 ns/op

OverheadActual   1: 134217728 op, 199022772.00 ns, 1.4828 ns/op
OverheadActual   2: 134217728 op, 198933787.00 ns, 1.4822 ns/op
OverheadActual   3: 134217728 op, 199447753.00 ns, 1.4860 ns/op
OverheadActual   4: 134217728 op, 203882155.00 ns, 1.5190 ns/op
OverheadActual   5: 134217728 op, 199220901.00 ns, 1.4843 ns/op
OverheadActual   6: 134217728 op, 199021691.00 ns, 1.4828 ns/op
OverheadActual   7: 134217728 op, 198966537.00 ns, 1.4824 ns/op
OverheadActual   8: 134217728 op, 199125737.00 ns, 1.4836 ns/op
OverheadActual   9: 134217728 op, 198991935.00 ns, 1.4826 ns/op
OverheadActual  10: 134217728 op, 199296285.00 ns, 1.4849 ns/op
OverheadActual  11: 134217728 op, 198947428.00 ns, 1.4823 ns/op
OverheadActual  12: 134217728 op, 198999777.00 ns, 1.4827 ns/op
OverheadActual  13: 134217728 op, 199215042.00 ns, 1.4843 ns/op
OverheadActual  14: 134217728 op, 201675265.00 ns, 1.5026 ns/op
OverheadActual  15: 134217728 op, 199016172.00 ns, 1.4828 ns/op

WorkloadWarmup   1: 134217728 op, 603375954.00 ns, 4.4955 ns/op
WorkloadWarmup   2: 134217728 op, 597180845.00 ns, 4.4493 ns/op
WorkloadWarmup   3: 134217728 op, 599485393.00 ns, 4.4665 ns/op
WorkloadWarmup   4: 134217728 op, 605189862.00 ns, 4.5090 ns/op
WorkloadWarmup   5: 134217728 op, 599546565.00 ns, 4.4670 ns/op
WorkloadWarmup   6: 134217728 op, 598428187.00 ns, 4.4586 ns/op
WorkloadWarmup   7: 134217728 op, 600277278.00 ns, 4.4724 ns/op
WorkloadWarmup   8: 134217728 op, 599605281.00 ns, 4.4674 ns/op

// BeforeActualRun
WorkloadActual   1: 134217728 op, 597771018.00 ns, 4.4537 ns/op
WorkloadActual   2: 134217728 op, 603757282.00 ns, 4.4983 ns/op
WorkloadActual   3: 134217728 op, 598453197.00 ns, 4.4588 ns/op
WorkloadActual   4: 134217728 op, 597687963.00 ns, 4.4531 ns/op
WorkloadActual   5: 134217728 op, 597392327.00 ns, 4.4509 ns/op
WorkloadActual   6: 134217728 op, 597183952.00 ns, 4.4494 ns/op
WorkloadActual   7: 134217728 op, 597592559.00 ns, 4.4524 ns/op
WorkloadActual   8: 134217728 op, 598604606.00 ns, 4.4600 ns/op
WorkloadActual   9: 134217728 op, 598338444.00 ns, 4.4580 ns/op
WorkloadActual  10: 134217728 op, 599073634.00 ns, 4.4634 ns/op
WorkloadActual  11: 134217728 op, 620530303.00 ns, 4.6233 ns/op
WorkloadActual  12: 134217728 op, 598745289.00 ns, 4.4610 ns/op
WorkloadActual  13: 134217728 op, 600048261.00 ns, 4.4707 ns/op
WorkloadActual  14: 134217728 op, 598964751.00 ns, 4.4626 ns/op
WorkloadActual  15: 134217728 op, 603222256.00 ns, 4.4944 ns/op

// AfterActualRun
WorkloadResult   1: 134217728 op, 398748246.00 ns, 2.9709 ns/op
WorkloadResult   2: 134217728 op, 399430425.00 ns, 2.9760 ns/op
WorkloadResult   3: 134217728 op, 398665191.00 ns, 2.9703 ns/op
WorkloadResult   4: 134217728 op, 398369555.00 ns, 2.9681 ns/op
WorkloadResult   5: 134217728 op, 398161180.00 ns, 2.9665 ns/op
WorkloadResult   6: 134217728 op, 398569787.00 ns, 2.9696 ns/op
WorkloadResult   7: 134217728 op, 399581834.00 ns, 2.9771 ns/op
WorkloadResult   8: 134217728 op, 399315672.00 ns, 2.9751 ns/op
WorkloadResult   9: 134217728 op, 400050862.00 ns, 2.9806 ns/op
WorkloadResult  10: 134217728 op, 399722517.00 ns, 2.9782 ns/op
WorkloadResult  11: 134217728 op, 401025489.00 ns, 2.9879 ns/op
WorkloadResult  12: 134217728 op, 399941979.00 ns, 2.9798 ns/op
// GC:  0 0 0 32 134217728
// Threading:  0 0 134217728

// AfterAll
// Benchmark Process 3544 has exited with code 0.

Mean = 2.975 ns, StdErr = 0.002 ns (0.06%), N = 12, StdDev = 0.006 ns
Min = 2.967 ns, Q1 = 2.970 ns, Median = 2.976 ns, Q3 = 2.979 ns, Max = 2.988 ns
IQR = 0.008 ns, LowerFence = 2.957 ns, UpperFence = 2.991 ns
ConfidenceInterval = [2.967 ns; 2.983 ns] (CI 99.9%), Margin = 0.008 ns (0.27% of Mean)
Skewness = 0.41, Kurtosis = 2.14, MValue = 2

// ** Remained 20 (44.4 %) benchmark(s) to run. Estimated finish 2026-10-04 7:42 (0h 3m from now) **
// **************************
// Benchmark: SharedKernelBenchmarks.EntityEquality_DifferentId: .NET 10.0(Runtime=.NET 10.0, Toolchain=net10.0)
// *** Execute ***
// Launch: 1 / 1
// Execute: dotnet "EricksonLopez.SharedKernel.Benchmarks-.NET 10.0-1.dll" --anonymousPipes 117 118 --benchmarkName EricksonLopez.SharedKernel.Benchmarks.SharedKernelBenchmarks.EntityEquality_DifferentId --job ".NET 10.0" --benchmarkId 9 in /home/runner/work/dotnet-shared-kernel/dotnet-shared-kernel/benchmarks/EricksonLopez.SharedKernel.Benchmarks/bin/Release/net10.0/EricksonLopez.SharedKernel.Benchmarks-.NET 10.0-1/bin/Release/net10.0
// Failed to set up high priority (Permission denied). In order to run benchmarks with high priority, make sure you have the right permissions.
// BeforeAnythingElse

// Benchmark Process Environment Information:
// BenchmarkDotNet v0.15.8
// Runtime=.NET 10.0.12 (10.0.12, 10.0.1226.42308), X64 RyuJIT x86-64-v4
// GC=Concurrent Workstation
// HardwareIntrinsics=AVX512 BITALG+VBMI2+VNNI+VPOPCNTDQ,AVX512 IFMA+VBMI,AVX512 F+BW+CD+DQ+VL,AVX2+BMI1+BMI2+F16C+FMA+LZCNT+MOVBE,AVX,SSE3+SSSE3+SSE4.1+SSE4.2+POPCNT,X86Base+SSE+SSE2,AES+PCLMUL VectorSize=256
// Job: .NET 10.0

OverheadJitting  1: 1 op, 176927.00 ns, 176.9270 us/op
WorkloadJitting  1: 1 op, 338801.00 ns, 338.8010 us/op

OverheadJitting  2: 16 op, 283267.00 ns, 17.7042 us/op
WorkloadJitting  2: 16 op, 285241.00 ns, 17.8276 us/op

WorkloadPilot    1: 16 op, 1192.00 ns, 74.5000 ns/op
WorkloadPilot    2: 32 op, 1452.00 ns, 45.3750 ns/op
WorkloadPilot    3: 64 op, 1913.00 ns, 29.8906 ns/op
WorkloadPilot    4: 128 op, 3255.00 ns, 25.4297 ns/op
WorkloadPilot    5: 256 op, 5939.00 ns, 23.1992 ns/op
WorkloadPilot    6: 512 op, 11086.00 ns, 21.6523 ns/op
WorkloadPilot    7: 1024 op, 21652.00 ns, 21.1445 ns/op
WorkloadPilot    8: 2048 op, 42434.00 ns, 20.7197 ns/op
WorkloadPilot    9: 4096 op, 84398.00 ns, 20.6050 ns/op
WorkloadPilot   10: 8192 op, 167663.00 ns, 20.4667 ns/op
WorkloadPilot   11: 16384 op, 334594.00 ns, 20.4220 ns/op
WorkloadPilot   12: 32768 op, 692785.00 ns, 21.1421 ns/op
WorkloadPilot   13: 65536 op, 1379792.00 ns, 21.0540 ns/op
WorkloadPilot   14: 131072 op, 2771272.00 ns, 21.1431 ns/op
WorkloadPilot   15: 262144 op, 5426970.00 ns, 20.7022 ns/op
WorkloadPilot   16: 524288 op, 10838416.00 ns, 20.6726 ns/op
WorkloadPilot   17: 1048576 op, 21664874.00 ns, 20.6612 ns/op
WorkloadPilot   18: 2097152 op, 43145140.00 ns, 20.5732 ns/op
WorkloadPilot   19: 4194304 op, 86329210.00 ns, 20.5825 ns/op
WorkloadPilot   20: 8388608 op, 65797876.00 ns, 7.8437 ns/op
WorkloadPilot   21: 16777216 op, 70217575.00 ns, 4.1853 ns/op
WorkloadPilot   22: 33554432 op, 139704919.00 ns, 4.1635 ns/op
WorkloadPilot   23: 67108864 op, 279683712.00 ns, 4.1676 ns/op
WorkloadPilot   24: 134217728 op, 560448345.00 ns, 4.1757 ns/op

OverheadWarmup   1: 134217728 op, 292720436.00 ns, 2.1809 ns/op
OverheadWarmup   2: 134217728 op, 199171801.00 ns, 1.4839 ns/op
OverheadWarmup   3: 134217728 op, 199257400.00 ns, 1.4846 ns/op
OverheadWarmup   4: 134217728 op, 200293333.00 ns, 1.4923 ns/op
OverheadWarmup   5: 134217728 op, 200642851.00 ns, 1.4949 ns/op
OverheadWarmup   6: 134217728 op, 199244220.00 ns, 1.4845 ns/op
OverheadWarmup   7: 134217728 op, 198971088.00 ns, 1.4825 ns/op
OverheadWarmup   8: 134217728 op, 199233834.00 ns, 1.4844 ns/op
OverheadWarmup   9: 134217728 op, 199039932.00 ns, 1.4830 ns/op

OverheadActual   1: 134217728 op, 199094815.00 ns, 1.4834 ns/op
OverheadActual   2: 134217728 op, 199057228.00 ns, 1.4831 ns/op
OverheadActual   3: 134217728 op, 199038910.00 ns, 1.4830 ns/op
OverheadActual   4: 134217728 op, 207178134.00 ns, 1.5436 ns/op
OverheadActual   5: 134217728 op, 199075015.00 ns, 1.4832 ns/op
OverheadActual   6: 134217728 op, 199078530.00 ns, 1.4833 ns/op
OverheadActual   7: 134217728 op, 199284601.00 ns, 1.4848 ns/op
OverheadActual   8: 134217728 op, 199430161.00 ns, 1.4859 ns/op
OverheadActual   9: 134217728 op, 199239163.00 ns, 1.4844 ns/op
OverheadActual  10: 134217728 op, 199074895.00 ns, 1.4832 ns/op
OverheadActual  11: 134217728 op, 198993972.00 ns, 1.4826 ns/op
OverheadActual  12: 134217728 op, 199138741.00 ns, 1.4837 ns/op
OverheadActual  13: 134217728 op, 198966501.00 ns, 1.4824 ns/op
OverheadActual  14: 134217728 op, 199059610.00 ns, 1.4831 ns/op
OverheadActual  15: 134217728 op, 198969684.00 ns, 1.4824 ns/op

WorkloadWarmup   1: 134217728 op, 558919733.00 ns, 4.1643 ns/op
WorkloadWarmup   2: 134217728 op, 559487069.00 ns, 4.1685 ns/op
WorkloadWarmup   3: 134217728 op, 558988867.00 ns, 4.1648 ns/op
WorkloadWarmup   4: 134217728 op, 559756175.00 ns, 4.1705 ns/op
WorkloadWarmup   5: 134217728 op, 560161386.00 ns, 4.1735 ns/op
WorkloadWarmup   6: 134217728 op, 560419897.00 ns, 4.1755 ns/op
WorkloadWarmup   7: 134217728 op, 559273426.00 ns, 4.1669 ns/op

// BeforeActualRun
WorkloadActual   1: 134217728 op, 559496833.00 ns, 4.1686 ns/op
WorkloadActual   2: 134217728 op, 560446377.00 ns, 4.1757 ns/op
WorkloadActual   3: 134217728 op, 560219684.00 ns, 4.1740 ns/op
WorkloadActual   4: 134217728 op, 560024279.00 ns, 4.1725 ns/op
WorkloadActual   5: 134217728 op, 559540750.00 ns, 4.1689 ns/op
WorkloadActual   6: 134217728 op, 559277152.00 ns, 4.1669 ns/op
WorkloadActual   7: 134217728 op, 559906660.00 ns, 4.1716 ns/op
WorkloadActual   8: 134217728 op, 559438946.00 ns, 4.1681 ns/op
WorkloadActual   9: 134217728 op, 560402340.00 ns, 4.1753 ns/op
WorkloadActual  10: 134217728 op, 559470624.00 ns, 4.1684 ns/op
WorkloadActual  11: 134217728 op, 559674511.00 ns, 4.1699 ns/op
WorkloadActual  12: 134217728 op, 558601753.00 ns, 4.1619 ns/op
WorkloadActual  13: 134217728 op, 560204832.00 ns, 4.1739 ns/op
WorkloadActual  14: 134217728 op, 559122188.00 ns, 4.1658 ns/op
WorkloadActual  15: 134217728 op, 558016520.00 ns, 4.1575 ns/op

// AfterActualRun
WorkloadResult   1: 134217728 op, 360421818.00 ns, 2.6854 ns/op
WorkloadResult   2: 134217728 op, 361371362.00 ns, 2.6924 ns/op
WorkloadResult   3: 134217728 op, 361144669.00 ns, 2.6907 ns/op
WorkloadResult   4: 134217728 op, 360949264.00 ns, 2.6893 ns/op
WorkloadResult   5: 134217728 op, 360465735.00 ns, 2.6857 ns/op
WorkloadResult   6: 134217728 op, 360202137.00 ns, 2.6837 ns/op
WorkloadResult   7: 134217728 op, 360831645.00 ns, 2.6884 ns/op
WorkloadResult   8: 134217728 op, 360363931.00 ns, 2.6849 ns/op
WorkloadResult   9: 134217728 op, 361327325.00 ns, 2.6921 ns/op
WorkloadResult  10: 134217728 op, 360395609.00 ns, 2.6852 ns/op
WorkloadResult  11: 134217728 op, 360599496.00 ns, 2.6867 ns/op
WorkloadResult  12: 134217728 op, 359526738.00 ns, 2.6787 ns/op
WorkloadResult  13: 134217728 op, 361129817.00 ns, 2.6906 ns/op
WorkloadResult  14: 134217728 op, 360047173.00 ns, 2.6826 ns/op
WorkloadResult  15: 134217728 op, 358941505.00 ns, 2.6743 ns/op
// GC:  0 0 0 0 134217728
// Threading:  0 0 134217728

// AfterAll
// Benchmark Process 3562 has exited with code 0.

Mean = 2.686 ns, StdErr = 0.001 ns (0.05%), N = 15, StdDev = 0.005 ns
Min = 2.674 ns, Q1 = 2.684 ns, Median = 2.686 ns, Q3 = 2.690 ns, Max = 2.692 ns
IQR = 0.006 ns, LowerFence = 2.676 ns, UpperFence = 2.698 ns
ConfidenceInterval = [2.681 ns; 2.691 ns] (CI 99.9%), Margin = 0.005 ns (0.20% of Mean)
Skewness = -0.72, Kurtosis = 2.8, MValue = 2

// ** Remained 19 (42.2 %) benchmark(s) to run. Estimated finish 2026-10-04 7:42 (0h 3m from now) **
// **************************
// Benchmark: SharedKernelBenchmarks.EntityGetHashCode: .NET 10.0(Runtime=.NET 10.0, Toolchain=net10.0)
// *** Execute ***
// Launch: 1 / 1
// Execute: dotnet "EricksonLopez.SharedKernel.Benchmarks-.NET 10.0-1.dll" --anonymousPipes 117 118 --benchmarkName EricksonLopez.SharedKernel.Benchmarks.SharedKernelBenchmarks.EntityGetHashCode --job ".NET 10.0" --benchmarkId 10 in /home/runner/work/dotnet-shared-kernel/dotnet-shared-kernel/benchmarks/EricksonLopez.SharedKernel.Benchmarks/bin/Release/net10.0/EricksonLopez.SharedKernel.Benchmarks-.NET 10.0-1/bin/Release/net10.0
// Failed to set up high priority (Permission denied). In order to run benchmarks with high priority, make sure you have the right permissions.
// BeforeAnythingElse

// Benchmark Process Environment Information:
// BenchmarkDotNet v0.15.8
// Runtime=.NET 10.0.12 (10.0.12, 10.0.1226.42308), X64 RyuJIT x86-64-v4
// GC=Concurrent Workstation
// HardwareIntrinsics=AVX512 BITALG+VBMI2+VNNI+VPOPCNTDQ,AVX512 IFMA+VBMI,AVX512 F+BW+CD+DQ+VL,AVX2+BMI1+BMI2+F16C+FMA+LZCNT+MOVBE,AVX,SSE3+SSSE3+SSE4.1+SSE4.2+POPCNT,X86Base+SSE+SSE2,AES+PCLMUL VectorSize=256
// Job: .NET 10.0

OverheadJitting  1: 1 op, 189285.00 ns, 189.2850 us/op
WorkloadJitting  1: 1 op, 504190.00 ns, 504.1900 us/op

OverheadJitting  2: 16 op, 293273.00 ns, 18.3296 us/op
WorkloadJitting  2: 16 op, 276046.00 ns, 17.2529 us/op

WorkloadPilot    1: 16 op, 2564.00 ns, 160.2500 ns/op
WorkloadPilot    2: 32 op, 2824.00 ns, 88.2500 ns/op
WorkloadPilot    3: 64 op, 3255.00 ns, 50.8594 ns/op
WorkloadPilot    4: 128 op, 5798.00 ns, 45.2969 ns/op
WorkloadPilot    5: 256 op, 11948.00 ns, 46.6719 ns/op
WorkloadPilot    6: 512 op, 18898.00 ns, 36.9102 ns/op
WorkloadPilot    7: 1024 op, 28673.00 ns, 28.0010 ns/op
WorkloadPilot    8: 2048 op, 40661.00 ns, 19.8540 ns/op
WorkloadPilot    9: 4096 op, 81083.00 ns, 19.7957 ns/op
WorkloadPilot   10: 8192 op, 165049.00 ns, 20.1476 ns/op
WorkloadPilot   11: 16384 op, 319842.00 ns, 19.5216 ns/op
WorkloadPilot   12: 32768 op, 661317.00 ns, 20.1818 ns/op
WorkloadPilot   13: 65536 op, 1332961.00 ns, 20.3394 ns/op
WorkloadPilot   14: 131072 op, 2614654.00 ns, 19.9482 ns/op
WorkloadPilot   15: 262144 op, 5247366.00 ns, 20.0171 ns/op
WorkloadPilot   16: 524288 op, 10330735.00 ns, 19.7043 ns/op
WorkloadPilot   17: 1048576 op, 20767721.00 ns, 19.8056 ns/op
WorkloadPilot   18: 2097152 op, 41765348.00 ns, 19.9153 ns/op
WorkloadPilot   19: 4194304 op, 46083903.00 ns, 10.9873 ns/op
WorkloadPilot   20: 8388608 op, 55602563.00 ns, 6.6283 ns/op
WorkloadPilot   21: 16777216 op, 111856660.00 ns, 6.6672 ns/op
WorkloadPilot   22: 33554432 op, 223279666.00 ns, 6.6543 ns/op
WorkloadPilot   23: 67108864 op, 446863381.00 ns, 6.6588 ns/op
WorkloadPilot   24: 134217728 op, 896023593.00 ns, 6.6759 ns/op

OverheadWarmup   1: 134217728 op, 290314497.00 ns, 2.1630 ns/op
OverheadWarmup   2: 134217728 op, 196720648.00 ns, 1.4657 ns/op
OverheadWarmup   3: 134217728 op, 198192980.00 ns, 1.4767 ns/op
OverheadWarmup   4: 134217728 op, 196987471.00 ns, 1.4677 ns/op
OverheadWarmup   5: 134217728 op, 196861523.00 ns, 1.4667 ns/op
OverheadWarmup   6: 134217728 op, 196977268.00 ns, 1.4676 ns/op
OverheadWarmup   7: 134217728 op, 196620710.00 ns, 1.4649 ns/op

OverheadActual   1: 134217728 op, 196697676.00 ns, 1.4655 ns/op
OverheadActual   2: 134217728 op, 196825508.00 ns, 1.4665 ns/op
OverheadActual   3: 134217728 op, 196753250.00 ns, 1.4659 ns/op
OverheadActual   4: 134217728 op, 205612360.00 ns, 1.5319 ns/op
OverheadActual   5: 134217728 op, 196763365.00 ns, 1.4660 ns/op
OverheadActual   6: 134217728 op, 197156498.00 ns, 1.4689 ns/op
OverheadActual   7: 134217728 op, 196793951.00 ns, 1.4662 ns/op
OverheadActual   8: 134217728 op, 197377542.00 ns, 1.4706 ns/op
OverheadActual   9: 134217728 op, 196861834.00 ns, 1.4667 ns/op
OverheadActual  10: 134217728 op, 196721332.00 ns, 1.4657 ns/op
OverheadActual  11: 134217728 op, 196705528.00 ns, 1.4656 ns/op
OverheadActual  12: 134217728 op, 196934223.00 ns, 1.4673 ns/op
OverheadActual  13: 134217728 op, 196836276.00 ns, 1.4665 ns/op
OverheadActual  14: 134217728 op, 196913972.00 ns, 1.4671 ns/op
OverheadActual  15: 134217728 op, 197213024.00 ns, 1.4694 ns/op

WorkloadWarmup   1: 134217728 op, 897922269.00 ns, 6.6900 ns/op
WorkloadWarmup   2: 134217728 op, 893152150.00 ns, 6.6545 ns/op
WorkloadWarmup   3: 134217728 op, 898616797.00 ns, 6.6952 ns/op
WorkloadWarmup   4: 134217728 op, 895543919.00 ns, 6.6723 ns/op
WorkloadWarmup   5: 134217728 op, 892708120.00 ns, 6.6512 ns/op
WorkloadWarmup   6: 134217728 op, 893236652.00 ns, 6.6551 ns/op
WorkloadWarmup   7: 134217728 op, 894936557.00 ns, 6.6678 ns/op
WorkloadWarmup   8: 134217728 op, 906974479.00 ns, 6.7575 ns/op
WorkloadWarmup   9: 134217728 op, 892207829.00 ns, 6.6475 ns/op

// BeforeActualRun
WorkloadActual   1: 134217728 op, 891484959.00 ns, 6.6421 ns/op
WorkloadActual   2: 134217728 op, 896431712.00 ns, 6.6789 ns/op
WorkloadActual   3: 134217728 op, 895436070.00 ns, 6.6715 ns/op
WorkloadActual   4: 134217728 op, 892089391.00 ns, 6.6466 ns/op
WorkloadActual   5: 134217728 op, 892269440.00 ns, 6.6479 ns/op
WorkloadActual   6: 134217728 op, 894179489.00 ns, 6.6622 ns/op
WorkloadActual   7: 134217728 op, 892148043.00 ns, 6.6470 ns/op
WorkloadActual   8: 134217728 op, 892328795.00 ns, 6.6484 ns/op
WorkloadActual   9: 134217728 op, 893063064.00 ns, 6.6538 ns/op
WorkloadActual  10: 134217728 op, 902419942.00 ns, 6.7236 ns/op
WorkloadActual  11: 134217728 op, 895994337.00 ns, 6.6757 ns/op
WorkloadActual  12: 134217728 op, 893484229.00 ns, 6.6570 ns/op
WorkloadActual  13: 134217728 op, 892633496.00 ns, 6.6506 ns/op
WorkloadActual  14: 134217728 op, 892667275.00 ns, 6.6509 ns/op
WorkloadActual  15: 134217728 op, 891790611.00 ns, 6.6444 ns/op

// AfterActualRun
WorkloadResult   1: 134217728 op, 694648683.00 ns, 5.1755 ns/op
WorkloadResult   2: 134217728 op, 699595436.00 ns, 5.2124 ns/op
WorkloadResult   3: 134217728 op, 698599794.00 ns, 5.2050 ns/op
WorkloadResult   4: 134217728 op, 695253115.00 ns, 5.1800 ns/op
WorkloadResult   5: 134217728 op, 695433164.00 ns, 5.1814 ns/op
WorkloadResult   6: 134217728 op, 697343213.00 ns, 5.1956 ns/op
WorkloadResult   7: 134217728 op, 695311767.00 ns, 5.1805 ns/op
WorkloadResult   8: 134217728 op, 695492519.00 ns, 5.1818 ns/op
WorkloadResult   9: 134217728 op, 696226788.00 ns, 5.1873 ns/op
WorkloadResult  10: 134217728 op, 699158061.00 ns, 5.2091 ns/op
WorkloadResult  11: 134217728 op, 696647953.00 ns, 5.1904 ns/op
WorkloadResult  12: 134217728 op, 695797220.00 ns, 5.1841 ns/op
WorkloadResult  13: 134217728 op, 695830999.00 ns, 5.1843 ns/op
WorkloadResult  14: 134217728 op, 694954335.00 ns, 5.1778 ns/op
// GC:  0 0 0 0 134217728
// Threading:  0 0 134217728

// AfterAll
// Benchmark Process 3638 has exited with code 0.

Mean = 5.189 ns, StdErr = 0.003 ns (0.06%), N = 14, StdDev = 0.012 ns
Min = 5.176 ns, Q1 = 5.181 ns, Median = 5.184 ns, Q3 = 5.194 ns, Max = 5.212 ns
IQR = 0.014 ns, LowerFence = 5.160 ns, UpperFence = 5.215 ns
ConfidenceInterval = [5.175 ns; 5.202 ns] (CI 99.9%), Margin = 0.014 ns (0.26% of Mean)
Skewness = 0.8, Kurtosis = 2.07, MValue = 2

// ** Remained 18 (40.0 %) benchmark(s) to run. Estimated finish 2026-10-04 7:42 (0h 3m from now) **
// **************************
// Benchmark: SharedKernelBenchmarks.AggregateDrainDomainEvents_NoEvents: .NET 10.0(Runtime=.NET 10.0, Toolchain=net10.0)
// *** Execute ***
// Launch: 1 / 1
// Execute: dotnet "EricksonLopez.SharedKernel.Benchmarks-.NET 10.0-1.dll" --anonymousPipes 117 118 --benchmarkName EricksonLopez.SharedKernel.Benchmarks.SharedKernelBenchmarks.AggregateDrainDomainEvents_NoEvents --job ".NET 10.0" --benchmarkId 11 in /home/runner/work/dotnet-shared-kernel/dotnet-shared-kernel/benchmarks/EricksonLopez.SharedKernel.Benchmarks/bin/Release/net10.0/EricksonLopez.SharedKernel.Benchmarks-.NET 10.0-1/bin/Release/net10.0
// Failed to set up high priority (Permission denied). In order to run benchmarks with high priority, make sure you have the right permissions.
// BeforeAnythingElse

// Benchmark Process Environment Information:
// BenchmarkDotNet v0.15.8
// Runtime=.NET 10.0.12 (10.0.12, 10.0.1226.42308), X64 RyuJIT x86-64-v4
// GC=Concurrent Workstation
// HardwareIntrinsics=AVX512 BITALG+VBMI2+VNNI+VPOPCNTDQ,AVX512 IFMA+VBMI,AVX512 F+BW+CD+DQ+VL,AVX2+BMI1+BMI2+F16C+FMA+LZCNT+MOVBE,AVX,SSE3+SSSE3+SSE4.1+SSE4.2+POPCNT,X86Base+SSE+SSE2,AES+PCLMUL VectorSize=256
// Job: .NET 10.0

OverheadJitting  1: 1 op, 173212.00 ns, 173.2120 us/op
WorkloadJitting  1: 1 op, 512934.00 ns, 512.9340 us/op

OverheadJitting  2: 16 op, 303728.00 ns, 18.9830 us/op
WorkloadJitting  2: 16 op, 292131.00 ns, 18.2582 us/op

WorkloadPilot    1: 16 op, 570.00 ns, 35.6250 ns/op
WorkloadPilot    2: 32 op, 620.00 ns, 19.3750 ns/op
WorkloadPilot    3: 64 op, 811.00 ns, 12.6719 ns/op
WorkloadPilot    4: 128 op, 1192.00 ns, 9.3125 ns/op
WorkloadPilot    5: 256 op, 1903.00 ns, 7.4336 ns/op
WorkloadPilot    6: 512 op, 3376.00 ns, 6.5938 ns/op
WorkloadPilot    7: 1024 op, 6359.00 ns, 6.2100 ns/op
WorkloadPilot    8: 2048 op, 12319.00 ns, 6.0151 ns/op
WorkloadPilot    9: 4096 op, 24217.00 ns, 5.9124 ns/op
WorkloadPilot   10: 8192 op, 47983.00 ns, 5.8573 ns/op
WorkloadPilot   11: 16384 op, 95474.00 ns, 5.8273 ns/op
WorkloadPilot   12: 32768 op, 190728.00 ns, 5.8206 ns/op
WorkloadPilot   13: 65536 op, 394325.00 ns, 6.0169 ns/op
WorkloadPilot   14: 131072 op, 771905.00 ns, 5.8892 ns/op
WorkloadPilot   15: 262144 op, 1540986.00 ns, 5.8784 ns/op
WorkloadPilot   16: 524288 op, 3072286.00 ns, 5.8599 ns/op
WorkloadPilot   17: 1048576 op, 6173565.00 ns, 5.8876 ns/op
WorkloadPilot   18: 2097152 op, 12279037.00 ns, 5.8551 ns/op
WorkloadPilot   19: 4194304 op, 24524635.00 ns, 5.8471 ns/op
WorkloadPilot   20: 8388608 op, 49085364.00 ns, 5.8514 ns/op
WorkloadPilot   21: 16777216 op, 83433832.00 ns, 4.9730 ns/op
WorkloadPilot   22: 33554432 op, 96057389.00 ns, 2.8627 ns/op
WorkloadPilot   23: 67108864 op, 192655576.00 ns, 2.8708 ns/op
WorkloadPilot   24: 134217728 op, 384199764.00 ns, 2.8625 ns/op
WorkloadPilot   25: 268435456 op, 769315730.00 ns, 2.8659 ns/op

OverheadWarmup   1: 268435456 op, 637656161.00 ns, 2.3755 ns/op
OverheadWarmup   2: 268435456 op, 398345959.00 ns, 1.4840 ns/op
OverheadWarmup   3: 268435456 op, 399253027.00 ns, 1.4873 ns/op
OverheadWarmup   4: 268435456 op, 398153569.00 ns, 1.4832 ns/op
OverheadWarmup   5: 268435456 op, 398246138.00 ns, 1.4836 ns/op
OverheadWarmup   6: 268435456 op, 398730159.00 ns, 1.4854 ns/op
OverheadWarmup   7: 268435456 op, 398005515.00 ns, 1.4827 ns/op

OverheadActual   1: 268435456 op, 398125617.00 ns, 1.4831 ns/op
OverheadActual   2: 268435456 op, 398003513.00 ns, 1.4827 ns/op
OverheadActual   3: 268435456 op, 398089089.00 ns, 1.4830 ns/op
OverheadActual   4: 268435456 op, 398215190.00 ns, 1.4835 ns/op
OverheadActual   5: 268435456 op, 398193657.00 ns, 1.4834 ns/op
OverheadActual   6: 268435456 op, 398087146.00 ns, 1.4830 ns/op
OverheadActual   7: 268435456 op, 398011663.00 ns, 1.4827 ns/op
OverheadActual   8: 268435456 op, 398061629.00 ns, 1.4829 ns/op
OverheadActual   9: 268435456 op, 398135209.00 ns, 1.4832 ns/op
OverheadActual  10: 268435456 op, 398399809.00 ns, 1.4842 ns/op
OverheadActual  11: 268435456 op, 398259246.00 ns, 1.4836 ns/op
OverheadActual  12: 268435456 op, 398026175.00 ns, 1.4828 ns/op
OverheadActual  13: 268435456 op, 397892753.00 ns, 1.4823 ns/op
OverheadActual  14: 268435456 op, 398157963.00 ns, 1.4833 ns/op
OverheadActual  15: 268435456 op, 398067777.00 ns, 1.4829 ns/op

WorkloadWarmup   1: 268435456 op, 769096890.00 ns, 2.8651 ns/op
WorkloadWarmup   2: 268435456 op, 769296441.00 ns, 2.8659 ns/op
WorkloadWarmup   3: 268435456 op, 768217993.00 ns, 2.8618 ns/op
WorkloadWarmup   4: 268435456 op, 769601942.00 ns, 2.8670 ns/op
WorkloadWarmup   5: 268435456 op, 770827674.00 ns, 2.8716 ns/op
WorkloadWarmup   6: 268435456 op, 768791086.00 ns, 2.8640 ns/op

// BeforeActualRun
WorkloadActual   1: 268435456 op, 768914652.00 ns, 2.8644 ns/op
WorkloadActual   2: 268435456 op, 768791708.00 ns, 2.8640 ns/op
WorkloadActual   3: 268435456 op, 768530082.00 ns, 2.8630 ns/op
WorkloadActual   4: 268435456 op, 768689813.00 ns, 2.8636 ns/op
WorkloadActual   5: 268435456 op, 767442851.00 ns, 2.8589 ns/op
WorkloadActual   6: 268435456 op, 767708423.00 ns, 2.8599 ns/op
WorkloadActual   7: 268435456 op, 784786803.00 ns, 2.9236 ns/op
WorkloadActual   8: 268435456 op, 768821322.00 ns, 2.8641 ns/op
WorkloadActual   9: 268435456 op, 769587427.00 ns, 2.8669 ns/op
WorkloadActual  10: 268435456 op, 768654359.00 ns, 2.8635 ns/op
WorkloadActual  11: 268435456 op, 771961214.00 ns, 2.8758 ns/op
WorkloadActual  12: 268435456 op, 768805526.00 ns, 2.8640 ns/op
WorkloadActual  13: 268435456 op, 768839736.00 ns, 2.8642 ns/op
WorkloadActual  14: 268435456 op, 768555358.00 ns, 2.8631 ns/op
WorkloadActual  15: 268435456 op, 768777733.00 ns, 2.8639 ns/op

// AfterActualRun
WorkloadResult   1: 268435456 op, 370825563.00 ns, 1.3814 ns/op
WorkloadResult   2: 268435456 op, 370702619.00 ns, 1.3810 ns/op
WorkloadResult   3: 268435456 op, 370440993.00 ns, 1.3800 ns/op
WorkloadResult   4: 268435456 op, 370600724.00 ns, 1.3806 ns/op
WorkloadResult   5: 268435456 op, 369353762.00 ns, 1.3759 ns/op
WorkloadResult   6: 268435456 op, 369619334.00 ns, 1.3769 ns/op
WorkloadResult   7: 268435456 op, 370732233.00 ns, 1.3811 ns/op
WorkloadResult   8: 268435456 op, 370565270.00 ns, 1.3805 ns/op
WorkloadResult   9: 268435456 op, 370716437.00 ns, 1.3810 ns/op
WorkloadResult  10: 268435456 op, 370750647.00 ns, 1.3812 ns/op
WorkloadResult  11: 268435456 op, 370466269.00 ns, 1.3801 ns/op
WorkloadResult  12: 268435456 op, 370688644.00 ns, 1.3809 ns/op
// GC:  0 0 0 0 268435456
// Threading:  0 0 268435456

// AfterAll
// Benchmark Process 3676 has exited with code 0.

Mean = 1.380 ns, StdErr = 0.001 ns (0.04%), N = 12, StdDev = 0.002 ns
Min = 1.376 ns, Q1 = 1.380 ns, Median = 1.381 ns, Q3 = 1.381 ns, Max = 1.381 ns
IQR = 0.001 ns, LowerFence = 1.379 ns, UpperFence = 1.382 ns
ConfidenceInterval = [1.378 ns; 1.382 ns] (CI 99.9%), Margin = 0.002 ns (0.16% of Mean)
Skewness = -1.42, Kurtosis = 3.42, MValue = 2

// ** Remained 17 (37.8 %) benchmark(s) to run. Estimated finish 2026-10-04 7:43 (0h 3m from now) **
// **************************
// Benchmark: SharedKernelBenchmarks.AggregateDrainDomainEvents_WithEvents: .NET 10.0(Runtime=.NET 10.0, Toolchain=net10.0)
// *** Execute ***
// Launch: 1 / 1
// Execute: dotnet "EricksonLopez.SharedKernel.Benchmarks-.NET 10.0-1.dll" --anonymousPipes 117 118 --benchmarkName EricksonLopez.SharedKernel.Benchmarks.SharedKernelBenchmarks.AggregateDrainDomainEvents_WithEvents --job ".NET 10.0" --benchmarkId 12 in /home/runner/work/dotnet-shared-kernel/dotnet-shared-kernel/benchmarks/EricksonLopez.SharedKernel.Benchmarks/bin/Release/net10.0/EricksonLopez.SharedKernel.Benchmarks-.NET 10.0-1/bin/Release/net10.0
// Failed to set up high priority (Permission denied). In order to run benchmarks with high priority, make sure you have the right permissions.
// BeforeAnythingElse

// Benchmark Process Environment Information:
// BenchmarkDotNet v0.15.8
// Runtime=.NET 10.0.12 (10.0.12, 10.0.1226.42308), X64 RyuJIT x86-64-v4
// GC=Concurrent Workstation
// HardwareIntrinsics=AVX512 BITALG+VBMI2+VNNI+VPOPCNTDQ,AVX512 IFMA+VBMI,AVX512 F+BW+CD+DQ+VL,AVX2+BMI1+BMI2+F16C+FMA+LZCNT+MOVBE,AVX,SSE3+SSSE3+SSE4.1+SSE4.2+POPCNT,X86Base+SSE+SSE2,AES+PCLMUL VectorSize=256
// Job: .NET 10.0

OverheadJitting  1: 1 op, 183767.00 ns, 183.7670 us/op
WorkloadJitting  1: 1 op, 499694.00 ns, 499.6940 us/op

OverheadJitting  2: 16 op, 305281.00 ns, 19.0801 us/op
WorkloadJitting  2: 16 op, 305942.00 ns, 19.1214 us/op

WorkloadPilot    1: 16 op, 15243.00 ns, 952.6875 ns/op
WorkloadPilot    2: 32 op, 37256.00 ns, 1.1643 us/op
WorkloadPilot    3: 64 op, 36164.00 ns, 565.0625 ns/op
WorkloadPilot    4: 128 op, 48152.00 ns, 376.1875 ns/op
WorkloadPilot    5: 256 op, 80452.00 ns, 314.2656 ns/op
WorkloadPilot    6: 512 op, 128394.00 ns, 250.7695 ns/op
WorkloadPilot    7: 1024 op, 253683.00 ns, 247.7373 ns/op
WorkloadPilot    8: 2048 op, 380354.00 ns, 185.7197 ns/op
WorkloadPilot    9: 4096 op, 885486.00 ns, 216.1831 ns/op
WorkloadPilot   10: 8192 op, 1749390.00 ns, 213.5486 ns/op
WorkloadPilot   11: 16384 op, 3606713.00 ns, 220.1363 ns/op
WorkloadPilot   12: 32768 op, 6992743.00 ns, 213.4016 ns/op
WorkloadPilot   13: 65536 op, 13792514.00 ns, 210.4571 ns/op
WorkloadPilot   14: 131072 op, 20887722.00 ns, 159.3607 ns/op
WorkloadPilot   15: 262144 op, 37909098.00 ns, 144.6117 ns/op
WorkloadPilot   16: 524288 op, 40907012.00 ns, 78.0239 ns/op
WorkloadPilot   17: 1048576 op, 44861580.00 ns, 42.7833 ns/op
WorkloadPilot   18: 2097152 op, 91045906.00 ns, 43.4141 ns/op
WorkloadPilot   19: 4194304 op, 177987048.00 ns, 42.4354 ns/op
WorkloadPilot   20: 8388608 op, 363592413.00 ns, 43.3436 ns/op
WorkloadPilot   21: 16777216 op, 725327152.00 ns, 43.2329 ns/op

OverheadWarmup   1: 16777216 op, 34135384.00 ns, 2.0346 ns/op
OverheadWarmup   2: 16777216 op, 34188994.00 ns, 2.0378 ns/op
OverheadWarmup   3: 16777216 op, 34116294.00 ns, 2.0335 ns/op
OverheadWarmup   4: 16777216 op, 34075293.00 ns, 2.0310 ns/op
OverheadWarmup   5: 16777216 op, 34184177.00 ns, 2.0375 ns/op
OverheadWarmup   6: 16777216 op, 34156486.00 ns, 2.0359 ns/op

OverheadActual   1: 16777216 op, 34123195.00 ns, 2.0339 ns/op
OverheadActual   2: 16777216 op, 34133480.00 ns, 2.0345 ns/op
OverheadActual   3: 16777216 op, 34189535.00 ns, 2.0379 ns/op
OverheadActual   4: 16777216 op, 34095503.00 ns, 2.0323 ns/op
OverheadActual   5: 16777216 op, 34073971.00 ns, 2.0310 ns/op
OverheadActual   6: 16777216 op, 34069003.00 ns, 2.0307 ns/op
OverheadActual   7: 16777216 op, 34044366.00 ns, 2.0292 ns/op
OverheadActual   8: 16777216 op, 34150025.00 ns, 2.0355 ns/op
OverheadActual   9: 16777216 op, 47260751.00 ns, 2.8170 ns/op
OverheadActual  10: 16777216 op, 24915489.00 ns, 1.4851 ns/op
OverheadActual  11: 16777216 op, 24859665.00 ns, 1.4818 ns/op
OverheadActual  12: 16777216 op, 24905103.00 ns, 1.4845 ns/op
OverheadActual  13: 16777216 op, 25051854.00 ns, 1.4932 ns/op
OverheadActual  14: 16777216 op, 24896199.00 ns, 1.4839 ns/op
OverheadActual  15: 16777216 op, 24952754.00 ns, 1.4873 ns/op
OverheadActual  16: 16777216 op, 24914216.00 ns, 1.4850 ns/op
OverheadActual  17: 16777216 op, 24864271.00 ns, 1.4820 ns/op
OverheadActual  18: 16777216 op, 24894476.00 ns, 1.4838 ns/op
OverheadActual  19: 16777216 op, 24882358.00 ns, 1.4831 ns/op
OverheadActual  20: 16777216 op, 24932584.00 ns, 1.4861 ns/op

WorkloadWarmup   1: 16777216 op, 754726953.00 ns, 44.9852 ns/op
WorkloadWarmup   2: 16777216 op, 769329388.00 ns, 45.8556 ns/op
WorkloadWarmup   3: 16777216 op, 737089237.00 ns, 43.9339 ns/op
WorkloadWarmup   4: 16777216 op, 734595724.00 ns, 43.7853 ns/op
WorkloadWarmup   5: 16777216 op, 733424047.00 ns, 43.7155 ns/op
WorkloadWarmup   6: 16777216 op, 731678772.00 ns, 43.6115 ns/op
WorkloadWarmup   7: 16777216 op, 740017906.00 ns, 44.1085 ns/op
WorkloadWarmup   8: 16777216 op, 733235952.00 ns, 43.7043 ns/op

// BeforeActualRun
WorkloadActual   1: 16777216 op, 720084897.00 ns, 42.9204 ns/op
WorkloadActual   2: 16777216 op, 731126259.00 ns, 43.5785 ns/op
WorkloadActual   3: 16777216 op, 713459930.00 ns, 42.5255 ns/op
WorkloadActual   4: 16777216 op, 711276586.00 ns, 42.3954 ns/op
WorkloadActual   5: 16777216 op, 714631228.00 ns, 42.5953 ns/op
WorkloadActual   6: 16777216 op, 727537394.00 ns, 43.3646 ns/op
WorkloadActual   7: 16777216 op, 714118274.00 ns, 42.5648 ns/op
WorkloadActual   8: 16777216 op, 714447010.00 ns, 42.5844 ns/op
WorkloadActual   9: 16777216 op, 712723439.00 ns, 42.4816 ns/op
WorkloadActual  10: 16777216 op, 727843236.00 ns, 43.3828 ns/op
WorkloadActual  11: 16777216 op, 710911295.00 ns, 42.3736 ns/op
WorkloadActual  12: 16777216 op, 712395264.00 ns, 42.4621 ns/op
WorkloadActual  13: 16777216 op, 714333960.00 ns, 42.5776 ns/op
WorkloadActual  14: 16777216 op, 727473991.00 ns, 43.3608 ns/op
WorkloadActual  15: 16777216 op, 712430874.00 ns, 42.4642 ns/op

// AfterActualRun
WorkloadResult   1: 16777216 op, 695082593.00 ns, 41.4302 ns/op
WorkloadResult   2: 16777216 op, 706123955.00 ns, 42.0883 ns/op
WorkloadResult   3: 16777216 op, 688457626.00 ns, 41.0353 ns/op
WorkloadResult   4: 16777216 op, 686274282.00 ns, 40.9051 ns/op
WorkloadResult   5: 16777216 op, 689628924.00 ns, 41.1051 ns/op
WorkloadResult   6: 16777216 op, 702535090.00 ns, 41.8744 ns/op
WorkloadResult   7: 16777216 op, 689115970.00 ns, 41.0745 ns/op
WorkloadResult   8: 16777216 op, 689444706.00 ns, 41.0941 ns/op
WorkloadResult   9: 16777216 op, 687721135.00 ns, 40.9914 ns/op
WorkloadResult  10: 16777216 op, 702840932.00 ns, 41.8926 ns/op
WorkloadResult  11: 16777216 op, 685908991.00 ns, 40.8834 ns/op
WorkloadResult  12: 16777216 op, 687392960.00 ns, 40.9718 ns/op
WorkloadResult  13: 16777216 op, 689331656.00 ns, 41.0874 ns/op
WorkloadResult  14: 16777216 op, 702471687.00 ns, 41.8706 ns/op
WorkloadResult  15: 16777216 op, 687428570.00 ns, 40.9739 ns/op
// GC:  192 0 0 3221225472 16777216
// Threading:  0 0 16777216

// AfterAll
// Benchmark Process 3696 has exited with code 0.

Mean = 41.285 ns, StdErr = 0.110 ns (0.27%), N = 15, StdDev = 0.425 ns
Min = 40.883 ns, Q1 = 40.983 ns, Median = 41.087 ns, Q3 = 41.650 ns, Max = 42.088 ns
IQR = 0.668 ns, LowerFence = 39.981 ns, UpperFence = 42.652 ns
ConfidenceInterval = [40.831 ns; 41.739 ns] (CI 99.9%), Margin = 0.454 ns (1.10% of Mean)
Skewness = 0.78, Kurtosis = 1.79, MValue = 2

// ** Remained 16 (35.6 %) benchmark(s) to run. Estimated finish 2026-10-04 7:43 (0h 3m from now) **
// **************************
// Benchmark: SharedKernelBenchmarks.AggregateRaiseDomainEvent_FirstTime: .NET 10.0(Runtime=.NET 10.0, Toolchain=net10.0)
// *** Execute ***
// Launch: 1 / 1
// Execute: dotnet "EricksonLopez.SharedKernel.Benchmarks-.NET 10.0-1.dll" --anonymousPipes 117 118 --benchmarkName EricksonLopez.SharedKernel.Benchmarks.SharedKernelBenchmarks.AggregateRaiseDomainEvent_FirstTime --job ".NET 10.0" --benchmarkId 13 in /home/runner/work/dotnet-shared-kernel/dotnet-shared-kernel/benchmarks/EricksonLopez.SharedKernel.Benchmarks/bin/Release/net10.0/EricksonLopez.SharedKernel.Benchmarks-.NET 10.0-1/bin/Release/net10.0
// Failed to set up high priority (Permission denied). In order to run benchmarks with high priority, make sure you have the right permissions.
// BeforeAnythingElse

// Benchmark Process Environment Information:
// BenchmarkDotNet v0.15.8
// Runtime=.NET 10.0.12 (10.0.12, 10.0.1226.42308), X64 RyuJIT x86-64-v4
// GC=Concurrent Workstation
// HardwareIntrinsics=AVX512 BITALG+VBMI2+VNNI+VPOPCNTDQ,AVX512 IFMA+VBMI,AVX512 F+BW+CD+DQ+VL,AVX2+BMI1+BMI2+F16C+FMA+LZCNT+MOVBE,AVX,SSE3+SSSE3+SSE4.1+SSE4.2+POPCNT,X86Base+SSE+SSE2,AES+PCLMUL VectorSize=256
// Job: .NET 10.0

OverheadJitting  1: 1 op, 214594.00 ns, 214.5940 us/op
WorkloadJitting  1: 1 op, 250989.00 ns, 250.9890 us/op

OverheadJitting  2: 16 op, 400294.00 ns, 25.0184 us/op
WorkloadJitting  2: 16 op, 415808.00 ns, 25.9880 us/op

WorkloadPilot    1: 16 op, 5038.00 ns, 314.8750 ns/op
WorkloadPilot    2: 32 op, 22243.00 ns, 695.0938 ns/op
WorkloadPilot    3: 64 op, 24237.00 ns, 378.7031 ns/op
WorkloadPilot    4: 128 op, 36725.00 ns, 286.9141 ns/op
WorkloadPilot    5: 256 op, 57497.00 ns, 224.5977 ns/op
WorkloadPilot    6: 512 op, 90797.00 ns, 177.3379 ns/op
WorkloadPilot    7: 1024 op, 171529.00 ns, 167.5088 ns/op
WorkloadPilot    8: 2048 op, 311901.00 ns, 152.2954 ns/op
WorkloadPilot    9: 4096 op, 505903.00 ns, 123.5115 ns/op
WorkloadPilot   10: 8192 op, 1093811.00 ns, 133.5219 ns/op
WorkloadPilot   11: 16384 op, 2179088.00 ns, 133.0010 ns/op
WorkloadPilot   12: 32768 op, 4365858.00 ns, 133.2354 ns/op
WorkloadPilot   13: 65536 op, 8640619.00 ns, 131.8454 ns/op
WorkloadPilot   14: 131072 op, 16360959.00 ns, 124.8242 ns/op
WorkloadPilot   15: 262144 op, 21055743.00 ns, 80.3213 ns/op
WorkloadPilot   16: 524288 op, 41186661.00 ns, 78.5573 ns/op
WorkloadPilot   17: 1048576 op, 36105563.00 ns, 34.4329 ns/op
WorkloadPilot   18: 2097152 op, 57193124.00 ns, 27.2718 ns/op
WorkloadPilot   19: 4194304 op, 109524962.00 ns, 26.1128 ns/op
WorkloadPilot   20: 8388608 op, 217928733.00 ns, 25.9791 ns/op
WorkloadPilot   21: 16777216 op, 435412825.00 ns, 25.9526 ns/op
WorkloadPilot   22: 33554432 op, 878221781.00 ns, 26.1730 ns/op

OverheadWarmup   1: 33554432 op, 106571025.00 ns, 3.1761 ns/op
OverheadWarmup   2: 33554432 op, 108824275.00 ns, 3.2432 ns/op
OverheadWarmup   3: 33554432 op, 88187665.00 ns, 2.6282 ns/op
OverheadWarmup   4: 33554432 op, 88089236.00 ns, 2.6253 ns/op
OverheadWarmup   5: 33554432 op, 106515802.00 ns, 3.1744 ns/op
OverheadWarmup   6: 33554432 op, 106438986.00 ns, 3.1721 ns/op

OverheadActual   1: 33554432 op, 106348539.00 ns, 3.1694 ns/op
OverheadActual   2: 33554432 op, 106358434.00 ns, 3.1697 ns/op
OverheadActual   3: 33554432 op, 106349922.00 ns, 3.1695 ns/op
OverheadActual   4: 33554432 op, 106505396.00 ns, 3.1741 ns/op
OverheadActual   5: 33554432 op, 106331554.00 ns, 3.1689 ns/op
OverheadActual   6: 33554432 op, 106523789.00 ns, 3.1747 ns/op
OverheadActual   7: 33554432 op, 97244461.00 ns, 2.8981 ns/op
OverheadActual   8: 33554432 op, 88365113.00 ns, 2.6335 ns/op
OverheadActual   9: 33554432 op, 97629442.00 ns, 2.9096 ns/op
OverheadActual  10: 33554432 op, 88510031.00 ns, 2.6378 ns/op
OverheadActual  11: 33554432 op, 88302959.00 ns, 2.6316 ns/op
OverheadActual  12: 33554432 op, 88414988.00 ns, 2.6350 ns/op
OverheadActual  13: 33554432 op, 88241836.00 ns, 2.6298 ns/op
OverheadActual  14: 33554432 op, 88213634.00 ns, 2.6290 ns/op
OverheadActual  15: 33554432 op, 97266946.00 ns, 2.8988 ns/op
OverheadActual  16: 33554432 op, 106450913.00 ns, 3.1725 ns/op
OverheadActual  17: 33554432 op, 88167464.00 ns, 2.6276 ns/op
OverheadActual  18: 33554432 op, 88212803.00 ns, 2.6289 ns/op
OverheadActual  19: 33554432 op, 88326068.00 ns, 2.6323 ns/op
OverheadActual  20: 33554432 op, 106470834.00 ns, 3.1731 ns/op

WorkloadWarmup   1: 33554432 op, 877921227.00 ns, 26.1641 ns/op
WorkloadWarmup   2: 33554432 op, 902425394.00 ns, 26.8944 ns/op
WorkloadWarmup   3: 33554432 op, 872077791.00 ns, 25.9899 ns/op
WorkloadWarmup   4: 33554432 op, 871235151.00 ns, 25.9648 ns/op
WorkloadWarmup   5: 33554432 op, 871011994.00 ns, 25.9582 ns/op
WorkloadWarmup   6: 33554432 op, 878221654.00 ns, 26.1730 ns/op
WorkloadWarmup   7: 33554432 op, 880040779.00 ns, 26.2273 ns/op
WorkloadWarmup   8: 33554432 op, 886998158.00 ns, 26.4346 ns/op
WorkloadWarmup   9: 33554432 op, 893140958.00 ns, 26.6177 ns/op
WorkloadWarmup  10: 33554432 op, 879684511.00 ns, 26.2166 ns/op

// BeforeActualRun
WorkloadActual   1: 33554432 op, 883270111.00 ns, 26.3235 ns/op
WorkloadActual   2: 33554432 op, 913434749.00 ns, 27.2225 ns/op
WorkloadActual   3: 33554432 op, 928551905.00 ns, 27.6730 ns/op
WorkloadActual   4: 33554432 op, 897159407.00 ns, 26.7374 ns/op
WorkloadActual   5: 33554432 op, 887478169.00 ns, 26.4489 ns/op
WorkloadActual   6: 33554432 op, 885421857.00 ns, 26.3876 ns/op
WorkloadActual   7: 33554432 op, 892223119.00 ns, 26.5903 ns/op
WorkloadActual   8: 33554432 op, 911530803.00 ns, 27.1657 ns/op
WorkloadActual   9: 33554432 op, 877824482.00 ns, 26.1612 ns/op
WorkloadActual  10: 33554432 op, 914081601.00 ns, 27.2418 ns/op
WorkloadActual  11: 33554432 op, 895850145.00 ns, 26.6984 ns/op
WorkloadActual  12: 33554432 op, 891694094.00 ns, 26.5746 ns/op
WorkloadActual  13: 33554432 op, 889437909.00 ns, 26.5073 ns/op
WorkloadActual  14: 33554432 op, 880615305.00 ns, 26.2444 ns/op
WorkloadActual  15: 33554432 op, 923241218.00 ns, 27.5147 ns/op

// AfterActualRun
WorkloadResult   1: 33554432 op, 786014407.50 ns, 23.4251 ns/op
WorkloadResult   2: 33554432 op, 816179045.50 ns, 24.3240 ns/op
WorkloadResult   3: 33554432 op, 831296201.50 ns, 24.7746 ns/op
WorkloadResult   4: 33554432 op, 799903703.50 ns, 23.8390 ns/op
WorkloadResult   5: 33554432 op, 790222465.50 ns, 23.5505 ns/op
WorkloadResult   6: 33554432 op, 788166153.50 ns, 23.4892 ns/op
WorkloadResult   7: 33554432 op, 794967415.50 ns, 23.6919 ns/op
WorkloadResult   8: 33554432 op, 814275099.50 ns, 24.2673 ns/op
WorkloadResult   9: 33554432 op, 780568778.50 ns, 23.2628 ns/op
WorkloadResult  10: 33554432 op, 816825897.50 ns, 24.3433 ns/op
WorkloadResult  11: 33554432 op, 798594441.50 ns, 23.8000 ns/op
WorkloadResult  12: 33554432 op, 794438390.50 ns, 23.6761 ns/op
WorkloadResult  13: 33554432 op, 792182205.50 ns, 23.6089 ns/op
WorkloadResult  14: 33554432 op, 783359601.50 ns, 23.3459 ns/op
WorkloadResult  15: 33554432 op, 825985514.50 ns, 24.6163 ns/op
// GC:  272 0 0 4563402752 33554432
// Threading:  0 0 33554432

// AfterAll
// Benchmark Process 3712 has exited with code 0.

Mean = 23.868 ns, StdErr = 0.123 ns (0.52%), N = 15, StdDev = 0.478 ns
Min = 23.263 ns, Q1 = 23.520 ns, Median = 23.692 ns, Q3 = 24.296 ns, Max = 24.775 ns
IQR = 0.776 ns, LowerFence = 22.356 ns, UpperFence = 25.459 ns
ConfidenceInterval = [23.357 ns; 24.378 ns] (CI 99.9%), Margin = 0.511 ns (2.14% of Mean)
Skewness = 0.53, Kurtosis = 1.79, MValue = 2

// ** Remained 15 (33.3 %) benchmark(s) to run. Estimated finish 2026-10-04 7:44 (0h 2m from now) **
// **************************
// Benchmark: SharedKernelBenchmarks.AggregateRaiseDomainEvent_Subsequent: .NET 10.0(Runtime=.NET 10.0, Toolchain=net10.0)
// *** Execute ***
// Launch: 1 / 1
// Execute: dotnet "EricksonLopez.SharedKernel.Benchmarks-.NET 10.0-1.dll" --anonymousPipes 117 118 --benchmarkName EricksonLopez.SharedKernel.Benchmarks.SharedKernelBenchmarks.AggregateRaiseDomainEvent_Subsequent --job ".NET 10.0" --benchmarkId 14 in /home/runner/work/dotnet-shared-kernel/dotnet-shared-kernel/benchmarks/EricksonLopez.SharedKernel.Benchmarks/bin/Release/net10.0/EricksonLopez.SharedKernel.Benchmarks-.NET 10.0-1/bin/Release/net10.0
// Failed to set up high priority (Permission denied). In order to run benchmarks with high priority, make sure you have the right permissions.
// BeforeAnythingElse

// Benchmark Process Environment Information:
// BenchmarkDotNet v0.15.8
// Runtime=.NET 10.0.12 (10.0.12, 10.0.1226.42308), X64 RyuJIT x86-64-v4
// GC=Concurrent Workstation
// HardwareIntrinsics=AVX512 BITALG+VBMI2+VNNI+VPOPCNTDQ,AVX512 IFMA+VBMI,AVX512 F+BW+CD+DQ+VL,AVX2+BMI1+BMI2+F16C+FMA+LZCNT+MOVBE,AVX,SSE3+SSSE3+SSE4.1+SSE4.2+POPCNT,X86Base+SSE+SSE2,AES+PCLMUL VectorSize=256
// Job: .NET 10.0

OverheadJitting  1: 1 op, 216677.00 ns, 216.6770 us/op
WorkloadJitting  1: 1 op, 266492.00 ns, 266.4920 us/op

OverheadJitting  2: 16 op, 385321.00 ns, 24.0826 us/op
WorkloadJitting  2: 16 op, 412773.00 ns, 25.7983 us/op

WorkloadPilot    1: 16 op, 6089.00 ns, 380.5625 ns/op
WorkloadPilot    2: 32 op, 20030.00 ns, 625.9375 ns/op
WorkloadPilot    3: 64 op, 27631.00 ns, 431.7344 ns/op
WorkloadPilot    4: 128 op, 40782.00 ns, 318.6094 ns/op
WorkloadPilot    5: 256 op, 68834.00 ns, 268.8828 ns/op
WorkloadPilot    6: 512 op, 97618.00 ns, 190.6602 ns/op
WorkloadPilot    7: 1024 op, 210248.00 ns, 205.3203 ns/op
WorkloadPilot    8: 2048 op, 364239.00 ns, 177.8511 ns/op
WorkloadPilot    9: 4096 op, 554126.00 ns, 135.2847 ns/op
WorkloadPilot   10: 8192 op, 1217157.00 ns, 148.5787 ns/op
WorkloadPilot   11: 16384 op, 2429587.00 ns, 148.2902 ns/op
WorkloadPilot   12: 32768 op, 4836248.00 ns, 147.5906 ns/op
WorkloadPilot   13: 65536 op, 9794840.00 ns, 149.4574 ns/op
WorkloadPilot   14: 131072 op, 18657454.00 ns, 142.3451 ns/op
WorkloadPilot   15: 262144 op, 24571879.00 ns, 93.7343 ns/op
WorkloadPilot   16: 524288 op, 49936344.00 ns, 95.2460 ns/op
WorkloadPilot   17: 1048576 op, 33355895.00 ns, 31.8107 ns/op
WorkloadPilot   18: 2097152 op, 75265757.00 ns, 35.8895 ns/op
WorkloadPilot   19: 4194304 op, 146322753.00 ns, 34.8861 ns/op
WorkloadPilot   20: 8388608 op, 291390566.00 ns, 34.7365 ns/op
WorkloadPilot   21: 16777216 op, 581449292.00 ns, 34.6571 ns/op

OverheadWarmup   1: 16777216 op, 58073854.00 ns, 3.4615 ns/op
OverheadWarmup   2: 16777216 op, 57874944.00 ns, 3.4496 ns/op
OverheadWarmup   3: 16777216 op, 53278358.00 ns, 3.1756 ns/op
OverheadWarmup   4: 16777216 op, 57621852.00 ns, 3.4345 ns/op
OverheadWarmup   5: 16777216 op, 48710054.00 ns, 2.9033 ns/op
OverheadWarmup   6: 16777216 op, 44077193.00 ns, 2.6272 ns/op
OverheadWarmup   7: 16777216 op, 44064393.00 ns, 2.6264 ns/op
OverheadWarmup   8: 16777216 op, 44396294.00 ns, 2.6462 ns/op
OverheadWarmup   9: 16777216 op, 44933454.00 ns, 2.6782 ns/op
OverheadWarmup  10: 16777216 op, 49594098.00 ns, 2.9560 ns/op

OverheadActual   1: 16777216 op, 44047248.00 ns, 2.6254 ns/op
OverheadActual   2: 16777216 op, 53295524.00 ns, 3.1767 ns/op
OverheadActual   3: 16777216 op, 48633308.00 ns, 2.8988 ns/op
OverheadActual   4: 16777216 op, 48651475.00 ns, 2.8999 ns/op
OverheadActual   5: 16777216 op, 48671626.00 ns, 2.9011 ns/op
OverheadActual   6: 16777216 op, 44012435.00 ns, 2.6233 ns/op
OverheadActual   7: 16777216 op, 48608831.00 ns, 2.8973 ns/op
OverheadActual   8: 16777216 op, 44073777.00 ns, 2.6270 ns/op
OverheadActual   9: 16777216 op, 50797394.00 ns, 3.0278 ns/op
OverheadActual  10: 16777216 op, 44117163.00 ns, 2.6296 ns/op
OverheadActual  11: 16777216 op, 44008469.00 ns, 2.6231 ns/op
OverheadActual  12: 16777216 op, 53190204.00 ns, 3.1704 ns/op
OverheadActual  13: 16777216 op, 48683494.00 ns, 2.9018 ns/op
OverheadActual  14: 16777216 op, 44009350.00 ns, 2.6232 ns/op
OverheadActual  15: 16777216 op, 48643244.00 ns, 2.8994 ns/op
OverheadActual  16: 16777216 op, 44199328.00 ns, 2.6345 ns/op
OverheadActual  17: 16777216 op, 44048781.00 ns, 2.6255 ns/op
OverheadActual  18: 16777216 op, 43993827.00 ns, 2.6222 ns/op
OverheadActual  19: 16777216 op, 48664987.00 ns, 2.9007 ns/op
OverheadActual  20: 16777216 op, 44111775.00 ns, 2.6293 ns/op

WorkloadWarmup   1: 16777216 op, 552684916.00 ns, 32.9426 ns/op
WorkloadWarmup   2: 16777216 op, 563170669.00 ns, 33.5676 ns/op
WorkloadWarmup   3: 16777216 op, 552022026.00 ns, 32.9031 ns/op
WorkloadWarmup   4: 16777216 op, 548981708.00 ns, 32.7219 ns/op
WorkloadWarmup   5: 16777216 op, 544257528.00 ns, 32.4403 ns/op
WorkloadWarmup   6: 16777216 op, 556794146.00 ns, 33.1875 ns/op
WorkloadWarmup   7: 16777216 op, 575473234.00 ns, 34.3009 ns/op
WorkloadWarmup   8: 16777216 op, 544159651.00 ns, 32.4344 ns/op

// BeforeActualRun
WorkloadActual   1: 16777216 op, 556679464.00 ns, 33.1807 ns/op
WorkloadActual   2: 16777216 op, 564906288.00 ns, 33.6710 ns/op
WorkloadActual   3: 16777216 op, 558280730.00 ns, 33.2761 ns/op
WorkloadActual   4: 16777216 op, 553994882.00 ns, 33.0207 ns/op
WorkloadActual   5: 16777216 op, 543273985.00 ns, 32.3817 ns/op
WorkloadActual   6: 16777216 op, 553406034.00 ns, 32.9856 ns/op
WorkloadActual   7: 16777216 op, 554891247.00 ns, 33.0741 ns/op
WorkloadActual   8: 16777216 op, 556762111.00 ns, 33.1856 ns/op
WorkloadActual   9: 16777216 op, 548996111.00 ns, 32.7227 ns/op
WorkloadActual  10: 16777216 op, 560624019.00 ns, 33.4158 ns/op
WorkloadActual  11: 16777216 op, 553267673.00 ns, 32.9773 ns/op
WorkloadActual  12: 16777216 op, 560605440.00 ns, 33.4147 ns/op
WorkloadActual  13: 16777216 op, 546572154.00 ns, 32.5782 ns/op
WorkloadActual  14: 16777216 op, 552514386.00 ns, 32.9324 ns/op
WorkloadActual  15: 16777216 op, 557357780.00 ns, 33.2211 ns/op

// AfterActualRun
WorkloadResult   1: 16777216 op, 510275384.50 ns, 30.4148 ns/op
WorkloadResult   2: 16777216 op, 518502208.50 ns, 30.9051 ns/op
WorkloadResult   3: 16777216 op, 511876650.50 ns, 30.5102 ns/op
WorkloadResult   4: 16777216 op, 507590802.50 ns, 30.2548 ns/op
WorkloadResult   5: 16777216 op, 496869905.50 ns, 29.6158 ns/op
WorkloadResult   6: 16777216 op, 507001954.50 ns, 30.2197 ns/op
WorkloadResult   7: 16777216 op, 508487167.50 ns, 30.3082 ns/op
WorkloadResult   8: 16777216 op, 510358031.50 ns, 30.4197 ns/op
WorkloadResult   9: 16777216 op, 502592031.50 ns, 29.9568 ns/op
WorkloadResult  10: 16777216 op, 514219939.50 ns, 30.6499 ns/op
WorkloadResult  11: 16777216 op, 506863593.50 ns, 30.2114 ns/op
WorkloadResult  12: 16777216 op, 514201360.50 ns, 30.6488 ns/op
WorkloadResult  13: 16777216 op, 500168074.50 ns, 29.8123 ns/op
WorkloadResult  14: 16777216 op, 506110306.50 ns, 30.1665 ns/op
WorkloadResult  15: 16777216 op, 510953700.50 ns, 30.4552 ns/op
// GC:  136 0 0 2281701376 16777216
// Threading:  0 0 16777216

// AfterAll
// Benchmark Process 3736 has exited with code 0.

Mean = 30.303 ns, StdErr = 0.086 ns (0.28%), N = 15, StdDev = 0.334 ns
Min = 29.616 ns, Q1 = 30.189 ns, Median = 30.308 ns, Q3 = 30.483 ns, Max = 30.905 ns
IQR = 0.294 ns, LowerFence = 29.748 ns, UpperFence = 30.923 ns
ConfidenceInterval = [29.946 ns; 30.661 ns] (CI 99.9%), Margin = 0.357 ns (1.18% of Mean)
Skewness = -0.31, Kurtosis = 2.45, MValue = 2

// ** Remained 14 (31.1 %) benchmark(s) to run. Estimated finish 2026-10-04 7:44 (0h 2m from now) **
// Build Error: Standard output: 
  
 Standard error: 
   Determining projects to restore...
/home/runner/work/dotnet-shared-kernel/dotnet-shared-kernel/benchmarks/EricksonLopez.SharedKernel.Benchmarks/bin/Release/net10.0/EricksonLopez.SharedKernel.Benchmarks-.NET 8.0-2/BenchmarkDotNet.Autogenerated.csproj : error NU1201: Project EricksonLopez.SharedKernel.Benchmarks is not compatible with net8.0 (.NETCoreApp,Version=v8.0). Project EricksonLopez.SharedKernel.Benchmarks supports: net10.0 (.NETCoreApp,Version=v10.0)
  Failed to restore /home/runner/work/dotnet-shared-kernel/dotnet-shared-kernel/benchmarks/EricksonLopez.SharedKernel.Benchmarks/bin/Release/net10.0/EricksonLopez.SharedKernel.Benchmarks-.NET 8.0-2/BenchmarkDotNet.Autogenerated.csproj (in 217 ms).
  2 of 3 projects are up-to-date for restore.

// BenchmarkDotNet has failed to build the auto-generated boilerplate code.
// It can be found in /home/runner/work/dotnet-shared-kernel/dotnet-shared-kernel/benchmarks/EricksonLopez.SharedKernel.Benchmarks/bin/Release/net10.0/EricksonLopez.SharedKernel.Benchmarks-.NET 8.0-2
// Please follow the troubleshooting guide: https://benchmarkdotnet.org/articles/guides/troubleshooting.html

// ** Remained 13 (28.9 %) benchmark(s) to run. Estimated finish 2026-10-04 7:43 (0h 2m from now) **
// Build Error: Standard output: 
  
 Standard error: 
   Determining projects to restore...
/home/runner/work/dotnet-shared-kernel/dotnet-shared-kernel/benchmarks/EricksonLopez.SharedKernel.Benchmarks/bin/Release/net10.0/EricksonLopez.SharedKernel.Benchmarks-.NET 8.0-2/BenchmarkDotNet.Autogenerated.csproj : error NU1201: Project EricksonLopez.SharedKernel.Benchmarks is not compatible with net8.0 (.NETCoreApp,Version=v8.0). Project EricksonLopez.SharedKernel.Benchmarks supports: net10.0 (.NETCoreApp,Version=v10.0)
  Failed to restore /home/runner/work/dotnet-shared-kernel/dotnet-shared-kernel/benchmarks/EricksonLopez.SharedKernel.Benchmarks/bin/Release/net10.0/EricksonLopez.SharedKernel.Benchmarks-.NET 8.0-2/BenchmarkDotNet.Autogenerated.csproj (in 217 ms).
  2 of 3 projects are up-to-date for restore.

// BenchmarkDotNet has failed to build the auto-generated boilerplate code.
// It can be found in /home/runner/work/dotnet-shared-kernel/dotnet-shared-kernel/benchmarks/EricksonLopez.SharedKernel.Benchmarks/bin/Release/net10.0/EricksonLopez.SharedKernel.Benchmarks-.NET 8.0-2
// Please follow the troubleshooting guide: https://benchmarkdotnet.org/articles/guides/troubleshooting.html

// ** Remained 12 (26.7 %) benchmark(s) to run. Estimated finish 2026-10-04 7:43 (0h 2m from now) **
// Build Error: Standard output: 
  
 Standard error: 
   Determining projects to restore...
/home/runner/work/dotnet-shared-kernel/dotnet-shared-kernel/benchmarks/EricksonLopez.SharedKernel.Benchmarks/bin/Release/net10.0/EricksonLopez.SharedKernel.Benchmarks-.NET 8.0-2/BenchmarkDotNet.Autogenerated.csproj : error NU1201: Project EricksonLopez.SharedKernel.Benchmarks is not compatible with net8.0 (.NETCoreApp,Version=v8.0). Project EricksonLopez.SharedKernel.Benchmarks supports: net10.0 (.NETCoreApp,Version=v10.0)
  Failed to restore /home/runner/work/dotnet-shared-kernel/dotnet-shared-kernel/benchmarks/EricksonLopez.SharedKernel.Benchmarks/bin/Release/net10.0/EricksonLopez.SharedKernel.Benchmarks-.NET 8.0-2/BenchmarkDotNet.Autogenerated.csproj (in 217 ms).
  2 of 3 projects are up-to-date for restore.

// BenchmarkDotNet has failed to build the auto-generated boilerplate code.
// It can be found in /home/runner/work/dotnet-shared-kernel/dotnet-shared-kernel/benchmarks/EricksonLopez.SharedKernel.Benchmarks/bin/Release/net10.0/EricksonLopez.SharedKernel.Benchmarks-.NET 8.0-2
// Please follow the troubleshooting guide: https://benchmarkdotnet.org/articles/guides/troubleshooting.html

// ** Remained 11 (24.4 %) benchmark(s) to run. Estimated finish 2026-10-04 7:43 (0h 2m from now) **
// Build Error: Standard output: 
  
 Standard error: 
   Determining projects to restore...
/home/runner/work/dotnet-shared-kernel/dotnet-shared-kernel/benchmarks/EricksonLopez.SharedKernel.Benchmarks/bin/Release/net10.0/EricksonLopez.SharedKernel.Benchmarks-.NET 8.0-2/BenchmarkDotNet.Autogenerated.csproj : error NU1201: Project EricksonLopez.SharedKernel.Benchmarks is not compatible with net8.0 (.NETCoreApp,Version=v8.0). Project EricksonLopez.SharedKernel.Benchmarks supports: net10.0 (.NETCoreApp,Version=v10.0)
  Failed to restore /home/runner/work/dotnet-shared-kernel/dotnet-shared-kernel/benchmarks/EricksonLopez.SharedKernel.Benchmarks/bin/Release/net10.0/EricksonLopez.SharedKernel.Benchmarks-.NET 8.0-2/BenchmarkDotNet.Autogenerated.csproj (in 217 ms).
  2 of 3 projects are up-to-date for restore.

// BenchmarkDotNet has failed to build the auto-generated boilerplate code.
// It can be found in /home/runner/work/dotnet-shared-kernel/dotnet-shared-kernel/benchmarks/EricksonLopez.SharedKernel.Benchmarks/bin/Release/net10.0/EricksonLopez.SharedKernel.Benchmarks-.NET 8.0-2
// Please follow the troubleshooting guide: https://benchmarkdotnet.org/articles/guides/troubleshooting.html

// ** Remained 10 (22.2 %) benchmark(s) to run. Estimated finish 2026-10-04 7:43 (0h 1m from now) **
// Build Error: Standard output: 
  
 Standard error: 
   Determining projects to restore...
/home/runner/work/dotnet-shared-kernel/dotnet-shared-kernel/benchmarks/EricksonLopez.SharedKernel.Benchmarks/bin/Release/net10.0/EricksonLopez.SharedKernel.Benchmarks-.NET 8.0-2/BenchmarkDotNet.Autogenerated.csproj : error NU1201: Project EricksonLopez.SharedKernel.Benchmarks is not compatible with net8.0 (.NETCoreApp,Version=v8.0). Project EricksonLopez.SharedKernel.Benchmarks supports: net10.0 (.NETCoreApp,Version=v10.0)
  Failed to restore /home/runner/work/dotnet-shared-kernel/dotnet-shared-kernel/benchmarks/EricksonLopez.SharedKernel.Benchmarks/bin/Release/net10.0/EricksonLopez.SharedKernel.Benchmarks-.NET 8.0-2/BenchmarkDotNet.Autogenerated.csproj (in 217 ms).
  2 of 3 projects are up-to-date for restore.

// BenchmarkDotNet has failed to build the auto-generated boilerplate code.
// It can be found in /home/runner/work/dotnet-shared-kernel/dotnet-shared-kernel/benchmarks/EricksonLopez.SharedKernel.Benchmarks/bin/Release/net10.0/EricksonLopez.SharedKernel.Benchmarks-.NET 8.0-2
// Please follow the troubleshooting guide: https://benchmarkdotnet.org/articles/guides/troubleshooting.html

// ** Remained 9 (20.0 %) benchmark(s) to run. Estimated finish 2026-10-04 7:42 (0h 1m from now) **
// Build Error: Standard output: 
  
 Standard error: 
   Determining projects to restore...
/home/runner/work/dotnet-shared-kernel/dotnet-shared-kernel/benchmarks/EricksonLopez.SharedKernel.Benchmarks/bin/Release/net10.0/EricksonLopez.SharedKernel.Benchmarks-.NET 8.0-2/BenchmarkDotNet.Autogenerated.csproj : error NU1201: Project EricksonLopez.SharedKernel.Benchmarks is not compatible with net8.0 (.NETCoreApp,Version=v8.0). Project EricksonLopez.SharedKernel.Benchmarks supports: net10.0 (.NETCoreApp,Version=v10.0)
  Failed to restore /home/runner/work/dotnet-shared-kernel/dotnet-shared-kernel/benchmarks/EricksonLopez.SharedKernel.Benchmarks/bin/Release/net10.0/EricksonLopez.SharedKernel.Benchmarks-.NET 8.0-2/BenchmarkDotNet.Autogenerated.csproj (in 217 ms).
  2 of 3 projects are up-to-date for restore.

// BenchmarkDotNet has failed to build the auto-generated boilerplate code.
// It can be found in /home/runner/work/dotnet-shared-kernel/dotnet-shared-kernel/benchmarks/EricksonLopez.SharedKernel.Benchmarks/bin/Release/net10.0/EricksonLopez.SharedKernel.Benchmarks-.NET 8.0-2
// Please follow the troubleshooting guide: https://benchmarkdotnet.org/articles/guides/troubleshooting.html

// ** Remained 8 (17.8 %) benchmark(s) to run. Estimated finish 2026-10-04 7:42 (0h 1m from now) **
// Build Error: Standard output: 
  
 Standard error: 
   Determining projects to restore...
/home/runner/work/dotnet-shared-kernel/dotnet-shared-kernel/benchmarks/EricksonLopez.SharedKernel.Benchmarks/bin/Release/net10.0/EricksonLopez.SharedKernel.Benchmarks-.NET 8.0-2/BenchmarkDotNet.Autogenerated.csproj : error NU1201: Project EricksonLopez.SharedKernel.Benchmarks is not compatible with net8.0 (.NETCoreApp,Version=v8.0). Project EricksonLopez.SharedKernel.Benchmarks supports: net10.0 (.NETCoreApp,Version=v10.0)
  Failed to restore /home/runner/work/dotnet-shared-kernel/dotnet-shared-kernel/benchmarks/EricksonLopez.SharedKernel.Benchmarks/bin/Release/net10.0/EricksonLopez.SharedKernel.Benchmarks-.NET 8.0-2/BenchmarkDotNet.Autogenerated.csproj (in 217 ms).
  2 of 3 projects are up-to-date for restore.

// BenchmarkDotNet has failed to build the auto-generated boilerplate code.
// It can be found in /home/runner/work/dotnet-shared-kernel/dotnet-shared-kernel/benchmarks/EricksonLopez.SharedKernel.Benchmarks/bin/Release/net10.0/EricksonLopez.SharedKernel.Benchmarks-.NET 8.0-2
// Please follow the troubleshooting guide: https://benchmarkdotnet.org/articles/guides/troubleshooting.html

// ** Remained 7 (15.6 %) benchmark(s) to run. Estimated finish 2026-10-04 7:42 (0h 1m from now) **
// Build Error: Standard output: 
  
 Standard error: 
   Determining projects to restore...
/home/runner/work/dotnet-shared-kernel/dotnet-shared-kernel/benchmarks/EricksonLopez.SharedKernel.Benchmarks/bin/Release/net10.0/EricksonLopez.SharedKernel.Benchmarks-.NET 9.0-3/BenchmarkDotNet.Autogenerated.csproj : error NU1201: Project EricksonLopez.SharedKernel.Benchmarks is not compatible with net9.0 (.NETCoreApp,Version=v9.0). Project EricksonLopez.SharedKernel.Benchmarks supports: net10.0 (.NETCoreApp,Version=v10.0)
  Failed to restore /home/runner/work/dotnet-shared-kernel/dotnet-shared-kernel/benchmarks/EricksonLopez.SharedKernel.Benchmarks/bin/Release/net10.0/EricksonLopez.SharedKernel.Benchmarks-.NET 9.0-3/BenchmarkDotNet.Autogenerated.csproj (in 223 ms).
  2 of 3 projects are up-to-date for restore.

// BenchmarkDotNet has failed to build the auto-generated boilerplate code.
// It can be found in /home/runner/work/dotnet-shared-kernel/dotnet-shared-kernel/benchmarks/EricksonLopez.SharedKernel.Benchmarks/bin/Release/net10.0/EricksonLopez.SharedKernel.Benchmarks-.NET 9.0-3
// Please follow the troubleshooting guide: https://benchmarkdotnet.org/articles/guides/troubleshooting.html

// ** Remained 6 (13.3 %) benchmark(s) to run. Estimated finish 2026-10-04 7:42 (0h 0m from now) **
// Build Error: Standard output: 
  
 Standard error: 
   Determining projects to restore...
/home/runner/work/dotnet-shared-kernel/dotnet-shared-kernel/benchmarks/EricksonLopez.SharedKernel.Benchmarks/bin/Release/net10.0/EricksonLopez.SharedKernel.Benchmarks-.NET 9.0-3/BenchmarkDotNet.Autogenerated.csproj : error NU1201: Project EricksonLopez.SharedKernel.Benchmarks is not compatible with net9.0 (.NETCoreApp,Version=v9.0). Project EricksonLopez.SharedKernel.Benchmarks supports: net10.0 (.NETCoreApp,Version=v10.0)
  Failed to restore /home/runner/work/dotnet-shared-kernel/dotnet-shared-kernel/benchmarks/EricksonLopez.SharedKernel.Benchmarks/bin/Release/net10.0/EricksonLopez.SharedKernel.Benchmarks-.NET 9.0-3/BenchmarkDotNet.Autogenerated.csproj (in 223 ms).
  2 of 3 projects are up-to-date for restore.

// BenchmarkDotNet has failed to build the auto-generated boilerplate code.
// It can be found in /home/runner/work/dotnet-shared-kernel/dotnet-shared-kernel/benchmarks/EricksonLopez.SharedKernel.Benchmarks/bin/Release/net10.0/EricksonLopez.SharedKernel.Benchmarks-.NET 9.0-3
// Please follow the troubleshooting guide: https://benchmarkdotnet.org/articles/guides/troubleshooting.html

// ** Remained 5 (11.1 %) benchmark(s) to run. Estimated finish 2026-10-04 7:42 (0h 0m from now) **
// Build Error: Standard output: 
  
 Standard error: 
   Determining projects to restore...
/home/runner/work/dotnet-shared-kernel/dotnet-shared-kernel/benchmarks/EricksonLopez.SharedKernel.Benchmarks/bin/Release/net10.0/EricksonLopez.SharedKernel.Benchmarks-.NET 9.0-3/BenchmarkDotNet.Autogenerated.csproj : error NU1201: Project EricksonLopez.SharedKernel.Benchmarks is not compatible with net9.0 (.NETCoreApp,Version=v9.0). Project EricksonLopez.SharedKernel.Benchmarks supports: net10.0 (.NETCoreApp,Version=v10.0)
  Failed to restore /home/runner/work/dotnet-shared-kernel/dotnet-shared-kernel/benchmarks/EricksonLopez.SharedKernel.Benchmarks/bin/Release/net10.0/EricksonLopez.SharedKernel.Benchmarks-.NET 9.0-3/BenchmarkDotNet.Autogenerated.csproj (in 223 ms).
  2 of 3 projects are up-to-date for restore.

// BenchmarkDotNet has failed to build the auto-generated boilerplate code.
// It can be found in /home/runner/work/dotnet-shared-kernel/dotnet-shared-kernel/benchmarks/EricksonLopez.SharedKernel.Benchmarks/bin/Release/net10.0/EricksonLopez.SharedKernel.Benchmarks-.NET 9.0-3
// Please follow the troubleshooting guide: https://benchmarkdotnet.org/articles/guides/troubleshooting.html

// ** Remained 4 (8.9 %) benchmark(s) to run. Estimated finish 2026-10-04 7:41 (0h 0m from now) **
// Build Error: Standard output: 
  
 Standard error: 
   Determining projects to restore...
/home/runner/work/dotnet-shared-kernel/dotnet-shared-kernel/benchmarks/EricksonLopez.SharedKernel.Benchmarks/bin/Release/net10.0/EricksonLopez.SharedKernel.Benchmarks-.NET 9.0-3/BenchmarkDotNet.Autogenerated.csproj : error NU1201: Project EricksonLopez.SharedKernel.Benchmarks is not compatible with net9.0 (.NETCoreApp,Version=v9.0). Project EricksonLopez.SharedKernel.Benchmarks supports: net10.0 (.NETCoreApp,Version=v10.0)
  Failed to restore /home/runner/work/dotnet-shared-kernel/dotnet-shared-kernel/benchmarks/EricksonLopez.SharedKernel.Benchmarks/bin/Release/net10.0/EricksonLopez.SharedKernel.Benchmarks-.NET 9.0-3/BenchmarkDotNet.Autogenerated.csproj (in 223 ms).
  2 of 3 projects are up-to-date for restore.

// BenchmarkDotNet has failed to build the auto-generated boilerplate code.
// It can be found in /home/runner/work/dotnet-shared-kernel/dotnet-shared-kernel/benchmarks/EricksonLopez.SharedKernel.Benchmarks/bin/Release/net10.0/EricksonLopez.SharedKernel.Benchmarks-.NET 9.0-3
// Please follow the troubleshooting guide: https://benchmarkdotnet.org/articles/guides/troubleshooting.html

// ** Remained 3 (6.7 %) benchmark(s) to run. Estimated finish 2026-10-04 7:41 (0h 0m from now) **
// Build Error: Standard output: 
  
 Standard error: 
   Determining projects to restore...
/home/runner/work/dotnet-shared-kernel/dotnet-shared-kernel/benchmarks/EricksonLopez.SharedKernel.Benchmarks/bin/Release/net10.0/EricksonLopez.SharedKernel.Benchmarks-.NET 9.0-3/BenchmarkDotNet.Autogenerated.csproj : error NU1201: Project EricksonLopez.SharedKernel.Benchmarks is not compatible with net9.0 (.NETCoreApp,Version=v9.0). Project EricksonLopez.SharedKernel.Benchmarks supports: net10.0 (.NETCoreApp,Version=v10.0)
  Failed to restore /home/runner/work/dotnet-shared-kernel/dotnet-shared-kernel/benchmarks/EricksonLopez.SharedKernel.Benchmarks/bin/Release/net10.0/EricksonLopez.SharedKernel.Benchmarks-.NET 9.0-3/BenchmarkDotNet.Autogenerated.csproj (in 223 ms).
  2 of 3 projects are up-to-date for restore.

// BenchmarkDotNet has failed to build the auto-generated boilerplate code.
// It can be found in /home/runner/work/dotnet-shared-kernel/dotnet-shared-kernel/benchmarks/EricksonLopez.SharedKernel.Benchmarks/bin/Release/net10.0/EricksonLopez.SharedKernel.Benchmarks-.NET 9.0-3
// Please follow the troubleshooting guide: https://benchmarkdotnet.org/articles/guides/troubleshooting.html

// ** Remained 2 (4.4 %) benchmark(s) to run. Estimated finish 2026-10-04 7:41 (0h 0m from now) **
// Build Error: Standard output: 
  
 Standard error: 
   Determining projects to restore...
/home/runner/work/dotnet-shared-kernel/dotnet-shared-kernel/benchmarks/EricksonLopez.SharedKernel.Benchmarks/bin/Release/net10.0/EricksonLopez.SharedKernel.Benchmarks-.NET 9.0-3/BenchmarkDotNet.Autogenerated.csproj : error NU1201: Project EricksonLopez.SharedKernel.Benchmarks is not compatible with net9.0 (.NETCoreApp,Version=v9.0). Project EricksonLopez.SharedKernel.Benchmarks supports: net10.0 (.NETCoreApp,Version=v10.0)
  Failed to restore /home/runner/work/dotnet-shared-kernel/dotnet-shared-kernel/benchmarks/EricksonLopez.SharedKernel.Benchmarks/bin/Release/net10.0/EricksonLopez.SharedKernel.Benchmarks-.NET 9.0-3/BenchmarkDotNet.Autogenerated.csproj (in 223 ms).
  2 of 3 projects are up-to-date for restore.

// BenchmarkDotNet has failed to build the auto-generated boilerplate code.
// It can be found in /home/runner/work/dotnet-shared-kernel/dotnet-shared-kernel/benchmarks/EricksonLopez.SharedKernel.Benchmarks/bin/Release/net10.0/EricksonLopez.SharedKernel.Benchmarks-.NET 9.0-3
// Please follow the troubleshooting guide: https://benchmarkdotnet.org/articles/guides/troubleshooting.html

// ** Remained 1 (2.2 %) benchmark(s) to run. Estimated finish 2026-10-04 7:41 (0h 0m from now) **
// Build Error: Standard output: 
  
 Standard error: 
   Determining projects to restore...
/home/runner/work/dotnet-shared-kernel/dotnet-shared-kernel/benchmarks/EricksonLopez.SharedKernel.Benchmarks/bin/Release/net10.0/EricksonLopez.SharedKernel.Benchmarks-.NET 9.0-3/BenchmarkDotNet.Autogenerated.csproj : error NU1201: Project EricksonLopez.SharedKernel.Benchmarks is not compatible with net9.0 (.NETCoreApp,Version=v9.0). Project EricksonLopez.SharedKernel.Benchmarks supports: net10.0 (.NETCoreApp,Version=v10.0)
  Failed to restore /home/runner/work/dotnet-shared-kernel/dotnet-shared-kernel/benchmarks/EricksonLopez.SharedKernel.Benchmarks/bin/Release/net10.0/EricksonLopez.SharedKernel.Benchmarks-.NET 9.0-3/BenchmarkDotNet.Autogenerated.csproj (in 223 ms).
  2 of 3 projects are up-to-date for restore.

// BenchmarkDotNet has failed to build the auto-generated boilerplate code.
// It can be found in /home/runner/work/dotnet-shared-kernel/dotnet-shared-kernel/benchmarks/EricksonLopez.SharedKernel.Benchmarks/bin/Release/net10.0/EricksonLopez.SharedKernel.Benchmarks-.NET 9.0-3
// Please follow the troubleshooting guide: https://benchmarkdotnet.org/articles/guides/troubleshooting.html

// ** Remained 0 (0.0 %) benchmark(s) to run. Estimated finish 2026-10-04 7:41 (0h 0m from now) **
// ***** BenchmarkRunner: Finish  *****

// * Export *
  benchmarks/results/results/EricksonLopez.SharedKernel.Benchmarks.SharedKernelBenchmarks-report.csv
  benchmarks/results/results/EricksonLopez.SharedKernel.Benchmarks.SharedKernelBenchmarks-report-github.md
  benchmarks/results/results/EricksonLopez.SharedKernel.Benchmarks.SharedKernelBenchmarks-report.html
  benchmarks/results/results/EricksonLopez.SharedKernel.Benchmarks.SharedKernelBenchmarks-report-full-compressed.json
  benchmarks/results/results/EricksonLopez.SharedKernel.Benchmarks.SharedKernelBenchmarks-report-default.md

// * Detailed results *
SharedKernelBenchmarks.EntityEquality_SameId: .NET 10.0(Runtime=.NET 10.0, Toolchain=net10.0)
Runtime = .NET 10.0.12 (10.0.12, 10.0.1226.42308), X64 RyuJIT x86-64-v4; GC = Concurrent Workstation
Mean = 2.975 ns, StdErr = 0.002 ns (0.06%), N = 12, StdDev = 0.006 ns
Min = 2.967 ns, Q1 = 2.970 ns, Median = 2.976 ns, Q3 = 2.979 ns, Max = 2.988 ns
IQR = 0.008 ns, LowerFence = 2.957 ns, UpperFence = 2.991 ns
ConfidenceInterval = [2.967 ns; 2.983 ns] (CI 99.9%), Margin = 0.008 ns (0.27% of Mean)
Skewness = 0.41, Kurtosis = 2.14, MValue = 2
-------------------- Histogram --------------------
[2.963 ns ; 2.992 ns) | @@@@@@@@@@@@
---------------------------------------------------

SharedKernelBenchmarks.EntityEquality_SameId: .NET 8.0(Runtime=.NET 8.0, Toolchain=net8.0)
Runtime = ; GC = 
There are not any results runs

SharedKernelBenchmarks.EntityEquality_SameId: .NET 9.0(Runtime=.NET 9.0, Toolchain=net9.0)
Runtime = ; GC = 
There are not any results runs

SharedKernelBenchmarks.EntityEquality_DifferentId: .NET 10.0(Runtime=.NET 10.0, Toolchain=net10.0)
Runtime = .NET 10.0.12 (10.0.12, 10.0.1226.42308), X64 RyuJIT x86-64-v4; GC = Concurrent Workstation
Mean = 2.686 ns, StdErr = 0.001 ns (0.05%), N = 15, StdDev = 0.005 ns
Min = 2.674 ns, Q1 = 2.684 ns, Median = 2.686 ns, Q3 = 2.690 ns, Max = 2.692 ns
IQR = 0.006 ns, LowerFence = 2.676 ns, UpperFence = 2.698 ns
ConfidenceInterval = [2.681 ns; 2.691 ns] (CI 99.9%), Margin = 0.005 ns (0.20% of Mean)
Skewness = -0.72, Kurtosis = 2.8, MValue = 2
-------------------- Histogram --------------------
[2.672 ns ; 2.695 ns) | @@@@@@@@@@@@@@@
---------------------------------------------------

SharedKernelBenchmarks.EntityEquality_DifferentId: .NET 8.0(Runtime=.NET 8.0, Toolchain=net8.0)
Runtime = ; GC = 
There are not any results runs

SharedKernelBenchmarks.EntityEquality_DifferentId: .NET 9.0(Runtime=.NET 9.0, Toolchain=net9.0)
Runtime = ; GC = 
There are not any results runs

SharedKernelBenchmarks.EntityGetHashCode: .NET 10.0(Runtime=.NET 10.0, Toolchain=net10.0)
Runtime = .NET 10.0.12 (10.0.12, 10.0.1226.42308), X64 RyuJIT x86-64-v4; GC = Concurrent Workstation
Mean = 5.189 ns, StdErr = 0.003 ns (0.06%), N = 14, StdDev = 0.012 ns
Min = 5.176 ns, Q1 = 5.181 ns, Median = 5.184 ns, Q3 = 5.194 ns, Max = 5.212 ns
IQR = 0.014 ns, LowerFence = 5.160 ns, UpperFence = 5.215 ns
ConfidenceInterval = [5.175 ns; 5.202 ns] (CI 99.9%), Margin = 0.014 ns (0.26% of Mean)
Skewness = 0.8, Kurtosis = 2.07, MValue = 2
-------------------- Histogram --------------------
[5.169 ns ; 5.219 ns) | @@@@@@@@@@@@@@
---------------------------------------------------

SharedKernelBenchmarks.EntityGetHashCode: .NET 8.0(Runtime=.NET 8.0, Toolchain=net8.0)
Runtime = ; GC = 
There are not any results runs

SharedKernelBenchmarks.EntityGetHashCode: .NET 9.0(Runtime=.NET 9.0, Toolchain=net9.0)
Runtime = ; GC = 
There are not any results runs

SharedKernelBenchmarks.AggregateDrainDomainEvents_NoEvents: .NET 10.0(Runtime=.NET 10.0, Toolchain=net10.0)
Runtime = .NET 10.0.12 (10.0.12, 10.0.1226.42308), X64 RyuJIT x86-64-v4; GC = Concurrent Workstation
Mean = 1.380 ns, StdErr = 0.001 ns (0.04%), N = 12, StdDev = 0.002 ns
Min = 1.376 ns, Q1 = 1.380 ns, Median = 1.381 ns, Q3 = 1.381 ns, Max = 1.381 ns
IQR = 0.001 ns, LowerFence = 1.379 ns, UpperFence = 1.382 ns
ConfidenceInterval = [1.378 ns; 1.382 ns] (CI 99.9%), Margin = 0.002 ns (0.16% of Mean)
Skewness = -1.42, Kurtosis = 3.42, MValue = 2
-------------------- Histogram --------------------
[1.375 ns ; 1.383 ns) | @@@@@@@@@@@@
---------------------------------------------------

SharedKernelBenchmarks.AggregateDrainDomainEvents_NoEvents: .NET 8.0(Runtime=.NET 8.0, Toolchain=net8.0)
Runtime = ; GC = 
There are not any results runs

SharedKernelBenchmarks.AggregateDrainDomainEvents_NoEvents: .NET 9.0(Runtime=.NET 9.0, Toolchain=net9.0)
Runtime = ; GC = 
There are not any results runs

SharedKernelBenchmarks.AggregateDrainDomainEvents_WithEvents: .NET 10.0(Runtime=.NET 10.0, Toolchain=net10.0)
Runtime = .NET 10.0.12 (10.0.12, 10.0.1226.42308), X64 RyuJIT x86-64-v4; GC = Concurrent Workstation
Mean = 41.285 ns, StdErr = 0.110 ns (0.27%), N = 15, StdDev = 0.425 ns
Min = 40.883 ns, Q1 = 40.983 ns, Median = 41.087 ns, Q3 = 41.650 ns, Max = 42.088 ns
IQR = 0.668 ns, LowerFence = 39.981 ns, UpperFence = 42.652 ns
ConfidenceInterval = [40.831 ns; 41.739 ns] (CI 99.9%), Margin = 0.454 ns (1.10% of Mean)
Skewness = 0.78, Kurtosis = 1.79, MValue = 2
-------------------- Histogram --------------------
[40.657 ns ; 42.314 ns) | @@@@@@@@@@@@@@@
---------------------------------------------------

SharedKernelBenchmarks.AggregateDrainDomainEvents_WithEvents: .NET 8.0(Runtime=.NET 8.0, Toolchain=net8.0)
Runtime = ; GC = 
There are not any results runs

SharedKernelBenchmarks.AggregateDrainDomainEvents_WithEvents: .NET 9.0(Runtime=.NET 9.0, Toolchain=net9.0)
Runtime = ; GC = 
There are not any results runs

SharedKernelBenchmarks.AggregateRaiseDomainEvent_FirstTime: .NET 10.0(Runtime=.NET 10.0, Toolchain=net10.0)
Runtime = .NET 10.0.12 (10.0.12, 10.0.1226.42308), X64 RyuJIT x86-64-v4; GC = Concurrent Workstation
Mean = 23.868 ns, StdErr = 0.123 ns (0.52%), N = 15, StdDev = 0.478 ns
Min = 23.263 ns, Q1 = 23.520 ns, Median = 23.692 ns, Q3 = 24.296 ns, Max = 24.775 ns
IQR = 0.776 ns, LowerFence = 22.356 ns, UpperFence = 25.459 ns
ConfidenceInterval = [23.357 ns; 24.378 ns] (CI 99.9%), Margin = 0.511 ns (2.14% of Mean)
Skewness = 0.53, Kurtosis = 1.79, MValue = 2
-------------------- Histogram --------------------
[23.009 ns ; 23.847 ns) | @@@@@@@@@@
[23.847 ns ; 24.775 ns) | @@@@@
---------------------------------------------------

SharedKernelBenchmarks.AggregateRaiseDomainEvent_FirstTime: .NET 8.0(Runtime=.NET 8.0, Toolchain=net8.0)
Runtime = ; GC = 
There are not any results runs

SharedKernelBenchmarks.AggregateRaiseDomainEvent_FirstTime: .NET 9.0(Runtime=.NET 9.0, Toolchain=net9.0)
Runtime = ; GC = 
There are not any results runs

SharedKernelBenchmarks.AggregateRaiseDomainEvent_Subsequent: .NET 10.0(Runtime=.NET 10.0, Toolchain=net10.0)
Runtime = .NET 10.0.12 (10.0.12, 10.0.1226.42308), X64 RyuJIT x86-64-v4; GC = Concurrent Workstation
Mean = 30.303 ns, StdErr = 0.086 ns (0.28%), N = 15, StdDev = 0.334 ns
Min = 29.616 ns, Q1 = 30.189 ns, Median = 30.308 ns, Q3 = 30.483 ns, Max = 30.905 ns
IQR = 0.294 ns, LowerFence = 29.748 ns, UpperFence = 30.923 ns
ConfidenceInterval = [29.946 ns; 30.661 ns] (CI 99.9%), Margin = 0.357 ns (1.18% of Mean)
Skewness = -0.31, Kurtosis = 2.45, MValue = 2
-------------------- Histogram --------------------
[29.488 ns ; 31.083 ns) | @@@@@@@@@@@@@@@
---------------------------------------------------

SharedKernelBenchmarks.AggregateRaiseDomainEvent_Subsequent: .NET 8.0(Runtime=.NET 8.0, Toolchain=net8.0)
Runtime = ; GC = 
There are not any results runs

SharedKernelBenchmarks.AggregateRaiseDomainEvent_Subsequent: .NET 9.0(Runtime=.NET 9.0, Toolchain=net9.0)
Runtime = ; GC = 
There are not any results runs

// * Summary *

BenchmarkDotNet v0.15.8, Linux Ubuntu 24.04.5 LTS (Noble Numbat)
AMD EPYC 9V74 3.69GHz, 1 CPU, 4 logical and 2 physical cores
.NET SDK 10.0.401
  [Host]    : .NET 10.0.12 (10.0.12, 10.0.1226.42308), X64 RyuJIT x86-64-v4
  .NET 10.0 : .NET 10.0.12 (10.0.12, 10.0.1226.42308), X64 RyuJIT x86-64-v4


| Method                                | Job       | Runtime   | Mean      | Error     | StdDev    | Ratio | RatioSD | Gen0   | Allocated | Alloc Ratio |
|-------------------------------------- |---------- |---------- |----------:|----------:|----------:|------:|--------:|-------:|----------:|------------:|
| EntityEquality_SameId                 | .NET 10.0 | .NET 10.0 |  2.975 ns | 0.0079 ns | 0.0062 ns |     ? |       ? |      - |         - |           ? |
| EntityEquality_SameId                 | .NET 8.0  | .NET 8.0  |        NA |        NA |        NA |     ? |       ? |     NA |        NA |           ? |
| EntityEquality_SameId                 | .NET 9.0  | .NET 9.0  |        NA |        NA |        NA |     ? |       ? |     NA |        NA |           ? |
|                                       |           |           |           |           |           |       |         |        |           |             |
| EntityEquality_DifferentId            | .NET 10.0 | .NET 10.0 |  2.686 ns | 0.0053 ns | 0.0050 ns |     ? |       ? |      - |         - |           ? |
| EntityEquality_DifferentId            | .NET 8.0  | .NET 8.0  |        NA |        NA |        NA |     ? |       ? |     NA |        NA |           ? |
| EntityEquality_DifferentId            | .NET 9.0  | .NET 9.0  |        NA |        NA |        NA |     ? |       ? |     NA |        NA |           ? |
|                                       |           |           |           |           |           |       |         |        |           |             |
| EntityGetHashCode                     | .NET 10.0 | .NET 10.0 |  5.189 ns | 0.0135 ns | 0.0120 ns |     ? |       ? |      - |         - |           ? |
| EntityGetHashCode                     | .NET 8.0  | .NET 8.0  |        NA |        NA |        NA |     ? |       ? |     NA |        NA |           ? |
| EntityGetHashCode                     | .NET 9.0  | .NET 9.0  |        NA |        NA |        NA |     ? |       ? |     NA |        NA |           ? |
|                                       |           |           |           |           |           |       |         |        |           |             |
| AggregateDrainDomainEvents_NoEvents   | .NET 10.0 | .NET 10.0 |  1.380 ns | 0.0022 ns | 0.0018 ns |     ? |       ? |      - |         - |           ? |
| AggregateDrainDomainEvents_NoEvents   | .NET 8.0  | .NET 8.0  |        NA |        NA |        NA |     ? |       ? |     NA |        NA |           ? |
| AggregateDrainDomainEvents_NoEvents   | .NET 9.0  | .NET 9.0  |        NA |        NA |        NA |     ? |       ? |     NA |        NA |           ? |
|                                       |           |           |           |           |           |       |         |        |           |             |
| AggregateDrainDomainEvents_WithEvents | .NET 10.0 | .NET 10.0 | 41.285 ns | 0.4542 ns | 0.4248 ns |     ? |       ? | 0.0114 |     192 B |           ? |
| AggregateDrainDomainEvents_WithEvents | .NET 8.0  | .NET 8.0  |        NA |        NA |        NA |     ? |       ? |     NA |        NA |           ? |
| AggregateDrainDomainEvents_WithEvents | .NET 9.0  | .NET 9.0  |        NA |        NA |        NA |     ? |       ? |     NA |        NA |           ? |
|                                       |           |           |           |           |           |       |         |        |           |             |
| AggregateRaiseDomainEvent_FirstTime   | .NET 10.0 | .NET 10.0 | 23.868 ns | 0.5107 ns | 0.4777 ns |     ? |       ? | 0.0081 |     136 B |           ? |
| AggregateRaiseDomainEvent_FirstTime   | .NET 8.0  | .NET 8.0  |        NA |        NA |        NA |     ? |       ? |     NA |        NA |           ? |
| AggregateRaiseDomainEvent_FirstTime   | .NET 9.0  | .NET 9.0  |        NA |        NA |        NA |     ? |       ? |     NA |        NA |           ? |
|                                       |           |           |           |           |           |       |         |        |           |             |
| AggregateRaiseDomainEvent_Subsequent  | .NET 10.0 | .NET 10.0 | 30.303 ns | 0.3573 ns | 0.3342 ns |     ? |       ? | 0.0081 |     136 B |           ? |
| AggregateRaiseDomainEvent_Subsequent  | .NET 8.0  | .NET 8.0  |        NA |        NA |        NA |     ? |       ? |     NA |        NA |           ? |
| AggregateRaiseDomainEvent_Subsequent  | .NET 9.0  | .NET 9.0  |        NA |        NA |        NA |     ? |       ? |     NA |        NA |           ? |

Benchmarks with issues:
  SharedKernelBenchmarks.EntityEquality_SameId: .NET 8.0(Runtime=.NET 8.0, Toolchain=net8.0)
  SharedKernelBenchmarks.EntityEquality_SameId: .NET 9.0(Runtime=.NET 9.0, Toolchain=net9.0)
  SharedKernelBenchmarks.EntityEquality_DifferentId: .NET 8.0(Runtime=.NET 8.0, Toolchain=net8.0)
  SharedKernelBenchmarks.EntityEquality_DifferentId: .NET 9.0(Runtime=.NET 9.0, Toolchain=net9.0)
  SharedKernelBenchmarks.EntityGetHashCode: .NET 8.0(Runtime=.NET 8.0, Toolchain=net8.0)
  SharedKernelBenchmarks.EntityGetHashCode: .NET 9.0(Runtime=.NET 9.0, Toolchain=net9.0)
  SharedKernelBenchmarks.AggregateDrainDomainEvents_NoEvents: .NET 8.0(Runtime=.NET 8.0, Toolchain=net8.0)
  SharedKernelBenchmarks.AggregateDrainDomainEvents_NoEvents: .NET 9.0(Runtime=.NET 9.0, Toolchain=net9.0)
  SharedKernelBenchmarks.AggregateDrainDomainEvents_WithEvents: .NET 8.0(Runtime=.NET 8.0, Toolchain=net8.0)
  SharedKernelBenchmarks.AggregateDrainDomainEvents_WithEvents: .NET 9.0(Runtime=.NET 9.0, Toolchain=net9.0)
  SharedKernelBenchmarks.AggregateRaiseDomainEvent_FirstTime: .NET 8.0(Runtime=.NET 8.0, Toolchain=net8.0)
  SharedKernelBenchmarks.AggregateRaiseDomainEvent_FirstTime: .NET 9.0(Runtime=.NET 9.0, Toolchain=net9.0)
  SharedKernelBenchmarks.AggregateRaiseDomainEvent_Subsequent: .NET 8.0(Runtime=.NET 8.0, Toolchain=net8.0)
  SharedKernelBenchmarks.AggregateRaiseDomainEvent_Subsequent: .NET 9.0(Runtime=.NET 9.0, Toolchain=net9.0)

// * Warnings *
BaselineCustomAnalyzer
  Summary -> A question mark '?' symbol indicates that it was not possible to compute the (Ratio, RatioSD, Alloc Ratio) column(s) because the baseline or benchmark could not be found, or the baseline value is too close to zero.

// * Hints *
Outliers
  SharedKernelBenchmarks.EntityEquality_SameId: .NET 10.0                -> 3 outliers were removed (4.49 ns..4.62 ns)
  SharedKernelBenchmarks.EntityEquality_DifferentId: .NET 10.0           -> 1 outlier  was  detected (4.16 ns)
  SharedKernelBenchmarks.EntityGetHashCode: .NET 10.0                    -> 1 outlier  was  removed (6.72 ns)
  SharedKernelBenchmarks.AggregateDrainDomainEvents_NoEvents: .NET 10.0  -> 3 outliers were removed, 5 outliers were detected (2.86 ns, 2.86 ns, 2.87 ns..2.92 ns)
  SharedKernelBenchmarks.AggregateRaiseDomainEvent_Subsequent: .NET 10.0 -> 1 outlier  was  detected (32.38 ns)

// * Legends *
  Mean        : Arithmetic mean of all measurements
  Error       : Half of 99.9% confidence interval
  StdDev      : Standard deviation of all measurements
  Ratio       : Mean of the ratio distribution ([Current]/[Baseline])
  RatioSD     : Standard deviation of the ratio distribution ([Current]/[Baseline])
  Gen0        : GC Generation 0 collects per 1000 operations
  Allocated   : Allocated memory per single operation (managed only, inclusive, 1KB = 1024B)
  Alloc Ratio : Allocated memory ratio distribution ([Current]/[Baseline])
  1 ns        : 1 Nanosecond (0.000000001 sec)

// * Diagnostic Output - MemoryDiagnoser *


// ***** BenchmarkRunner: End *****
Run time: 00:02:40 (160.54 sec), executed benchmarks: 7

Global total time: 00:06:26 (386.24 sec), executed benchmarks: 15
// * Artifacts cleanup *
Artifacts cleanup is finished
